--------- beginning of main
07-10 13:40:13.536   530   530 W skia    : AGTM parsing failed flags.readFromStream(s) at 159
07-10 13:40:13.549   530   579 W skia    : AGTM parsing failed flags.readFromStream(s) at 159
07-10 13:40:13.553   530   530 W skia    : AGTM parsing failed flags.readFromStream(s) at 159
07-10 13:40:13.571   530   530 W skia    : AGTM parsing failed flags.readFromStream(s) at 159
07-10 13:40:13.587   530   530 W skia    : AGTM parsing failed flags.readFromStream(s) at 159
07-10 13:40:13.603   530   530 W skia    : AGTM parsing failed flags.readFromStream(s) at 159
07-10 13:40:13.620   530   530 W skia    : AGTM parsing failed flags.readFromStream(s) at 159
07-10 13:40:13.636   530   530 W skia    : AGTM parsing failed flags.readFromStream(s) at 159
07-10 13:40:13.649   530   579 W skia    : AGTM parsing failed flags.readFromStream(s) at 159
07-10 13:40:13.654   530   530 W skia    : AGTM parsing failed flags.readFromStream(s) at 159
07-10 13:40:13.670   530   530 W skia    : AGTM parsing failed flags.readFromStream(s) at 159
07-10 13:40:13.687   530   530 W skia    : AGTM parsing failed flags.readFromStream(s) at 159
07-10 13:40:13.703   530   530 W skia    : AGTM parsing failed flags.readFromStream(s) at 159
07-10 13:40:13.720   530   530 W skia    : AGTM parsing failed flags.readFromStream(s) at 159
07-10 13:40:13.737   530   530 W skia    : AGTM parsing failed flags.readFromStream(s) at 159
07-10 13:40:13.754   530   530 W skia    : AGTM parsing failed flags.readFromStream(s) at 159
07-10 13:40:13.760   530   579 W skia    : AGTM parsing failed flags.readFromStream(s) at 159
07-10 13:40:13.770   530   530 W skia    : AGTM parsing failed flags.readFromStream(s) at 159
07-10 13:40:13.804   530   530 W skia    : AGTM parsing failed flags.readFromStream(s) at 159
07-10 13:40:13.820   530   530 W skia    : AGTM parsing failed flags.readFromStream(s) at 159
07-10 13:40:13.836   530   530 W skia    : AGTM parsing failed flags.readFromStream(s) at 159
07-10 13:40:13.854   530   530 W skia    : AGTM parsing failed flags.readFromStream(s) at 159
07-10 13:40:13.861   530   579 W skia    : AGTM parsing failed flags.readFromStream(s) at 159
07-10 13:40:13.870   530   530 W skia    : AGTM parsing failed flags.readFromStream(s) at 159
07-10 13:40:13.887   530   530 W skia    : AGTM parsing failed flags.readFromStream(s) at 159
07-10 13:40:13.903   530   530 W skia    : AGTM parsing failed flags.readFromStream(s) at 159
07-10 13:40:13.920   530   530 W skia    : AGTM parsing failed flags.readFromStream(s) at 159
07-10 13:40:13.969   530   530 W skia    : AGTM parsing failed flags.readFromStream(s) at 159
07-10 13:40:13.979   530   579 W skia    : AGTM parsing failed flags.readFromStream(s) at 159
07-10 13:40:13.987   530   530 W skia    : AGTM parsing failed flags.readFromStream(s) at 159
07-10 13:40:14.020   530   530 W skia    : AGTM parsing failed flags.readFromStream(s) at 159
07-10 13:40:14.037   530   530 W skia    : AGTM parsing failed flags.readFromStream(s) at 159
07-10 13:40:14.054   530   530 W skia    : AGTM parsing failed flags.readFromStream(s) at 159
07-10 13:40:14.070   530   530 W skia    : AGTM parsing failed flags.readFromStream(s) at 159
07-10 13:40:14.079  1802  1802 I adbd    : adbd service requested 'shell,v2,TERM=dumb:export ANDROID_LOG_TAGS=''; exec logcat '--pid=7453' '-v' 'threadtime''
07-10 13:40:14.079   530   579 W skia    : AGTM parsing failed flags.readFromStream(s) at 159
07-10 13:40:14.087   530   530 W skia    : AGTM parsing failed flags.readFromStream(s) at 159
07-10 13:40:14.104   530   530 W skia    : AGTM parsing failed flags.readFromStream(s) at 159
07-10 13:40:14.120   530   530 W skia    : AGTM parsing failed flags.readFromStream(s) at 159
07-10 13:40:14.153   530   530 W skia    : AGTM parsing failed flags.readFromStream(s) at 159
07-10 13:40:14.171   530   530 W skia    : AGTM parsing failed flags.readFromStream(s) at 159
07-10 13:40:14.180   530   579 W skia    : AGTM parsing failed flags.readFromStream(s) at 159
07-10 13:40:14.187   530   530 W skia    : AGTM parsing failed flags.readFromStream(s) at 159
07-10 13:40:14.203   530   530 W skia    : AGTM parsing failed flags.readFromStream(s) at 159
07-10 13:40:14.220   530   530 W skia    : AGTM parsing failed flags.readFromStream(s) at 159
07-10 13:40:14.237   530   530 W skia    : AGTM parsing failed flags.readFromStream(s) at 159
07-10 13:40:14.254   530   530 W skia    : AGTM parsing failed flags.readFromStream(s) at 159
07-10 13:40:14.271   530   530 W skia    : AGTM parsing failed flags.readFromStream(s) at 159
07-10 13:40:14.281   530   579 W skia    : AGTM parsing failed flags.readFromStream(s) at 159
07-10 13:40:14.287   530   530 W skia    : AGTM parsing failed flags.readFromStream(s) at 159
07-10 13:40:14.303   530   530 W skia    : AGTM parsing failed flags.readFromStream(s) at 159
07-10 13:40:14.320   530   530 W skia    : AGTM parsing failed flags.readFromStream(s) at 159
07-10 13:40:14.337   530   530 W skia    : AGTM parsing failed flags.readFromStream(s) at 159
07-10 13:40:14.354   530   530 W skia    : AGTM parsing failed flags.readFromStream(s) at 159
07-10 13:40:14.370   530   530 W skia    : AGTM parsing failed flags.readFromStream(s) at 159
07-10 13:40:14.383   530   579 W skia    : AGTM parsing failed flags.readFromStream(s) at 159
07-10 13:40:14.386   530   530 W skia    : AGTM parsing failed flags.readFromStream(s) at 159
07-10 13:40:14.403   530   530 W skia    : AGTM parsing failed flags.readFromStream(s) at 159
07-10 13:40:14.420   530   530 W skia    : AGTM parsing failed flags.readFromStream(s) at 159
07-10 13:40:14.437   530   530 W skia    : AGTM parsing failed flags.readFromStream(s) at 159
07-10 13:40:14.453   530   530 W skia    : AGTM parsing failed flags.readFromStream(s) at 159
07-10 13:40:14.470   530   530 W skia    : AGTM parsing failed flags.readFromStream(s) at 159
07-10 13:40:14.487   530   530 W skia    : AGTM parsing failed flags.readFromStream(s) at 159
07-10 13:40:14.492   530   579 W skia    : AGTM parsing failed flags.readFromStream(s) at 159
07-10 13:40:14.504   530   530 W skia    : AGTM parsing failed flags.readFromStream(s) at 159
07-10 13:40:14.521   530   530 W skia    : AGTM parsing failed flags.readFromStream(s) at 159
07-10 13:40:14.537   530   530 W skia    : AGTM parsing failed flags.readFromStream(s) at 159
07-10 13:40:14.554   530   530 W skia    : AGTM parsing failed flags.readFromStream(s) at 159
07-10 13:40:14.571   530   530 W skia    : AGTM parsing failed flags.readFromStream(s) at 159
07-10 13:40:14.587   530   530 W skia    : AGTM parsing failed flags.readFromStream(s) at 159
07-10 13:40:14.592   530   579 W skia    : AGTM parsing failed flags.readFromStream(s) at 159
07-10 13:40:14.604   530   530 W skia    : AGTM parsing failed flags.readFromStream(s) at 159
07-10 13:40:14.621   530   530 W skia    : AGTM parsing failed flags.readFromStream(s) at 159
07-10 13:40:14.637   530   530 W skia    : AGTM parsing failed flags.readFromStream(s) at 159
07-10 13:40:14.654   530   530 W skia    : AGTM parsing failed flags.readFromStream(s) at 159
07-10 13:40:14.671   530   530 W skia    : AGTM parsing failed flags.readFromStream(s) at 159
07-10 13:40:14.687   530   530 W skia    : AGTM parsing failed flags.readFromStream(s) at 159
07-10 13:40:14.695   530   579 W skia    : AGTM parsing failed flags.readFromStream(s) at 159
07-10 13:40:14.703   530   530 W skia    : AGTM parsing failed flags.readFromStream(s) at 159
07-10 13:40:14.720   530   530 W skia    : AGTM parsing failed flags.readFromStream(s) at 159
07-10 13:40:14.737   530   530 W skia    : AGTM parsing failed flags.readFromStream(s) at 159
07-10 13:40:14.753   530   530 W skia    : AGTM parsing failed flags.readFromStream(s) at 159
07-10 13:40:14.770   530   530 W skia    : AGTM parsing failed flags.readFromStream(s) at 159
07-10 13:40:14.786   530   530 W skia    : AGTM parsing failed flags.readFromStream(s) at 159
07-10 13:40:14.795   530   579 W skia    : AGTM parsing failed flags.readFromStream(s) at 159
07-10 13:40:14.803   530   530 W skia    : AGTM parsing failed flags.readFromStream(s) at 159
07-10 13:40:14.820   530   530 W skia    : AGTM parsing failed flags.readFromStream(s) at 159
07-10 13:40:14.837   530   530 W skia    : AGTM parsing failed flags.readFromStream(s) at 159
07-10 13:40:14.854   530   530 W skia    : AGTM parsing failed flags.readFromStream(s) at 159
07-10 13:40:14.870   530   530 W skia    : AGTM parsing failed flags.readFromStream(s) at 159
07-10 13:40:14.886   530   530 W skia    : AGTM parsing failed flags.readFromStream(s) at 159
07-10 13:40:14.897   530   579 W skia    : AGTM parsing failed flags.readFromStream(s) at 159
07-10 13:40:14.904   530   530 W skia    : AGTM parsing failed flags.readFromStream(s) at 159
07-10 13:40:14.920   530   530 W skia    : AGTM parsing failed flags.readFromStream(s) at 159
07-10 13:40:14.937   530   530 W skia    : AGTM parsing failed flags.readFromStream(s) at 159
07-10 13:40:14.954   530   530 W skia    : AGTM parsing failed flags.readFromStream(s) at 159
07-10 13:40:14.971   530   530 W skia    : AGTM parsing failed flags.readFromStream(s) at 159
07-10 13:40:14.987   530   530 W skia    : AGTM parsing failed flags.readFromStream(s) at 159
07-10 13:40:14.997   530   579 W skia    : AGTM parsing failed flags.readFromStream(s) at 159
07-10 13:40:15.003   530   530 W skia    : AGTM parsing failed flags.readFromStream(s) at 159
07-10 13:40:15.020   530   530 W skia    : AGTM parsing failed flags.readFromStream(s) at 159
07-10 13:40:15.037   530   530 W skia    : AGTM parsing failed flags.readFromStream(s) at 159
07-10 13:40:15.043  1357  1357 I wpa_supplicant: wlan0: CTRL-EVENT-BEACON-LOSS 
07-10 13:40:15.053   530   530 W skia    : AGTM parsing failed flags.readFromStream(s) at 159
07-10 13:40:15.071   530   530 W skia    : AGTM parsing failed flags.readFromStream(s) at 159
07-10 13:40:15.086   530   530 W skia    : AGTM parsing failed flags.readFromStream(s) at 159
07-10 13:40:15.098   530   579 W skia    : AGTM parsing failed flags.readFromStream(s) at 159
07-10 13:40:15.103   530   530 W skia    : AGTM parsing failed flags.readFromStream(s) at 159
07-10 13:40:15.120   530   530 W skia    : AGTM parsing failed flags.readFromStream(s) at 159
07-10 13:40:15.137   530   530 W skia    : AGTM parsing failed flags.readFromStream(s) at 159
07-10 13:40:15.153   530   530 W skia    : AGTM parsing failed flags.readFromStream(s) at 159
07-10 13:40:15.170   530   530 W skia    : AGTM parsing failed flags.readFromStream(s) at 159
07-10 13:40:15.187   530   530 W skia    : AGTM parsing failed flags.readFromStream(s) at 159
07-10 13:40:15.199   530   579 W skia    : AGTM parsing failed flags.readFromStream(s) at 159
07-10 13:40:15.204   530   530 W skia    : AGTM parsing failed flags.readFromStream(s) at 159
07-10 13:40:15.220   530   530 W skia    : AGTM parsing failed flags.readFromStream(s) at 159
07-10 13:40:15.237   530   530 W skia    : AGTM parsing failed flags.readFromStream(s) at 159
07-10 13:40:15.254   530   530 W skia    : AGTM parsing failed flags.readFromStream(s) at 159
07-10 13:40:15.270   530   530 W skia    : AGTM parsing failed flags.readFromStream(s) at 159
07-10 13:40:15.288   530   530 W skia    : AGTM parsing failed flags.readFromStream(s) at 159
07-10 13:40:15.303   530   530 W skia    : AGTM parsing failed flags.readFromStream(s) at 159
07-10 13:40:15.308   530   579 W skia    : AGTM parsing failed flags.readFromStream(s) at 159
07-10 13:40:15.321   530   530 W skia    : AGTM parsing failed flags.readFromStream(s) at 159
07-10 13:40:15.338   530   530 W skia    : AGTM parsing failed flags.readFromStream(s) at 159
07-10 13:40:15.353   530   530 W skia    : AGTM parsing failed flags.readFromStream(s) at 159
07-10 13:40:15.370   530   530 W skia    : AGTM parsing failed flags.readFromStream(s) at 159
07-10 13:40:15.387   530   530 W skia    : AGTM parsing failed flags.readFromStream(s) at 159
07-10 13:40:15.404   530   530 W skia    : AGTM parsing failed flags.readFromStream(s) at 159
07-10 13:40:15.410   530   579 W skia    : AGTM parsing failed flags.readFromStream(s) at 159
07-10 13:40:15.420   530   530 W skia    : AGTM parsing failed flags.readFromStream(s) at 159
07-10 13:40:15.438   530   530 W skia    : AGTM parsing failed flags.readFromStream(s) at 159
07-10 13:40:15.454   530   530 W skia    : AGTM parsing failed flags.readFromStream(s) at 159
07-10 13:40:15.471   530   530 W skia    : AGTM parsing failed flags.readFromStream(s) at 159
07-10 13:40:15.487   530   530 W skia    : AGTM parsing failed flags.readFromStream(s) at 159
07-10 13:40:15.503   530   530 W skia    : AGTM parsing failed flags.readFromStream(s) at 159
07-10 13:40:15.511   530   579 W skia    : AGTM parsing failed flags.readFromStream(s) at 159
07-10 13:40:15.521   530   530 W skia    : AGTM parsing failed flags.readFromStream(s) at 159
07-10 13:40:15.536   530   530 W skia    : AGTM parsing failed flags.readFromStream(s) at 159
07-10 13:40:15.554   530   530 W skia    : AGTM parsing failed flags.readFromStream(s) at 159
07-10 13:40:15.570   530   530 W skia    : AGTM parsing failed flags.readFromStream(s) at 159
07-10 13:40:15.588   530   530 W skia    : AGTM parsing failed flags.readFromStream(s) at 159
07-10 13:40:15.604   530   530 W skia    : AGTM parsing failed flags.readFromStream(s) at 159
07-10 13:40:15.611   530   579 W skia    : AGTM parsing failed flags.readFromStream(s) at 159
07-10 13:40:15.621   530   530 W skia    : AGTM parsing failed flags.readFromStream(s) at 159
07-10 13:40:15.639   530   530 W skia    : AGTM parsing failed flags.readFromStream(s) at 159
07-10 13:40:15.654   530   530 W skia    : AGTM parsing failed flags.readFromStream(s) at 159
07-10 13:40:15.671   530   530 W skia    : AGTM parsing failed flags.readFromStream(s) at 159
07-10 13:40:15.687   530   530 W skia    : AGTM parsing failed flags.readFromStream(s) at 159
07-10 13:40:15.704   530   530 W skia    : AGTM parsing failed flags.readFromStream(s) at 159
07-10 13:40:15.713   530   579 W skia    : AGTM parsing failed flags.readFromStream(s) at 159
07-10 13:40:15.720   530   530 W skia    : AGTM parsing failed flags.readFromStream(s) at 159
07-10 13:40:15.737   530   530 W skia    : AGTM parsing failed flags.readFromStream(s) at 159
07-10 13:40:15.754   530   530 W skia    : AGTM parsing failed flags.readFromStream(s) at 159
07-10 13:40:15.771   530   530 W skia    : AGTM parsing failed flags.readFromStream(s) at 159
07-10 13:40:15.788   530   530 W skia    : AGTM parsing failed flags.readFromStream(s) at 159
07-10 13:40:15.803   530   530 W skia    : AGTM parsing failed flags.readFromStream(s) at 159
07-10 13:40:15.814   530   579 W skia    : AGTM parsing failed flags.readFromStream(s) at 159
07-10 13:40:15.820   530   530 W skia    : AGTM parsing failed flags.readFromStream(s) at 159
07-10 13:40:15.837   530   530 W skia    : AGTM parsing failed flags.readFromStream(s) at 159
07-10 13:40:15.854   530   530 W skia    : AGTM parsing failed flags.readFromStream(s) at 159
07-10 13:40:15.870   530   530 W skia    : AGTM parsing failed flags.readFromStream(s) at 159
07-10 13:40:15.887   530   530 W skia    : AGTM parsing failed flags.readFromStream(s) at 159
07-10 13:40:15.903   530   530 W skia    : AGTM parsing failed flags.readFromStream(s) at 159
07-10 13:40:15.915   530   579 W skia    : AGTM parsing failed flags.readFromStream(s) at 159
07-10 13:40:15.919   530   530 W skia    : AGTM parsing failed flags.readFromStream(s) at 159
07-10 13:40:15.937   530   530 W skia    : AGTM parsing failed flags.readFromStream(s) at 159
07-10 13:40:15.954   530   530 W skia    : AGTM parsing failed flags.readFromStream(s) at 159
07-10 13:40:15.971   530   530 W skia    : AGTM parsing failed flags.readFromStream(s) at 159
07-10 13:40:15.987   530   530 W skia    : AGTM parsing failed flags.readFromStream(s) at 159
07-10 13:40:16.003   530   530 W skia    : AGTM parsing failed flags.readFromStream(s) at 159
07-10 13:40:16.016   530   579 W skia    : AGTM parsing failed flags.readFromStream(s) at 159
07-10 13:40:16.020   530   530 W skia    : AGTM parsing failed flags.readFromStream(s) at 159
07-10 13:40:16.036   530   530 W skia    : AGTM parsing failed flags.readFromStream(s) at 159
07-10 13:40:16.053   530   530 W skia    : AGTM parsing failed flags.readFromStream(s) at 159
07-10 13:40:16.071   530   530 W skia    : AGTM parsing failed flags.readFromStream(s) at 159
07-10 13:40:16.087   530   530 W skia    : AGTM parsing failed flags.readFromStream(s) at 159
07-10 13:40:16.104   530   530 W skia    : AGTM parsing failed flags.readFromStream(s) at 159
07-10 13:40:16.120   530   530 W skia    : AGTM parsing failed flags.readFromStream(s) at 159
07-10 13:40:16.125   530   579 W skia    : AGTM parsing failed flags.readFromStream(s) at 159
07-10 13:40:16.139   530   530 W skia    : AGTM parsing failed flags.readFromStream(s) at 159
07-10 13:40:16.153   530   530 W skia    : AGTM parsing failed flags.readFromStream(s) at 159
07-10 13:40:16.170   530   530 W skia    : AGTM parsing failed flags.readFromStream(s) at 159
07-10 13:40:16.188   530   530 W skia    : AGTM parsing failed flags.readFromStream(s) at 159
07-10 13:40:16.203   530   530 W skia    : AGTM parsing failed flags.readFromStream(s) at 159
07-10 13:40:16.220   530   530 W skia    : AGTM parsing failed flags.readFromStream(s) at 159
07-10 13:40:16.226   530   579 W skia    : AGTM parsing failed flags.readFromStream(s) at 159
07-10 13:40:16.237   530   530 W skia    : AGTM parsing failed flags.readFromStream(s) at 159
07-10 13:40:16.254   530   530 W skia    : AGTM parsing failed flags.readFromStream(s) at 159
07-10 13:40:16.270   530   530 W skia    : AGTM parsing failed flags.readFromStream(s) at 159
07-10 13:40:16.286   530   530 W skia    : AGTM parsing failed flags.readFromStream(s) at 159
07-10 13:40:16.304   530   530 W skia    : AGTM parsing failed flags.readFromStream(s) at 159
07-10 13:40:16.320   530   530 W skia    : AGTM parsing failed flags.readFromStream(s) at 159
07-10 13:40:16.327   530   579 W skia    : AGTM parsing failed flags.readFromStream(s) at 159
07-10 13:40:16.337   530   530 W skia    : AGTM parsing failed flags.readFromStream(s) at 159
07-10 13:40:16.354   530   530 W skia    : AGTM parsing failed flags.readFromStream(s) at 159
07-10 13:40:16.370   530   530 W skia    : AGTM parsing failed flags.readFromStream(s) at 159
07-10 13:40:16.388   530   530 W skia    : AGTM parsing failed flags.readFromStream(s) at 159
07-10 13:40:16.404   530   530 W skia    : AGTM parsing failed flags.readFromStream(s) at 159
07-10 13:40:16.420   530   530 W skia    : AGTM parsing failed flags.readFromStream(s) at 159
07-10 13:40:16.427   530   579 W skia    : AGTM parsing failed flags.readFromStream(s) at 159
07-10 13:40:16.438   530   530 W skia    : AGTM parsing failed flags.readFromStream(s) at 159
07-10 13:40:16.454   530   530 W skia    : AGTM parsing failed flags.readFromStream(s) at 159
07-10 13:40:16.471   530   530 W skia    : AGTM parsing failed flags.readFromStream(s) at 159
07-10 13:40:16.487   530   530 W skia    : AGTM parsing failed flags.readFromStream(s) at 159
07-10 13:40:16.503   530   530 W skia    : AGTM parsing failed flags.readFromStream(s) at 159
07-10 13:40:16.519   530   530 W skia    : AGTM parsing failed flags.readFromStream(s) at 159
07-10 13:40:16.528   530   579 W skia    : AGTM parsing failed flags.readFromStream(s) at 159
07-10 13:40:16.530   669  1034 E WifiDataStall: Ignore this poll. newStats: null txLinkSpeedMbps: 1 rxLinkSpeedMbps: 2 rssi: -50 connectionCapabilities: com.android.server.wifi.WifiNative$ConnectionCapabilities@8d12315
07-10 13:40:16.536   530   530 W skia    : AGTM parsing failed flags.readFromStream(s) at 159
07-10 13:40:16.553   530   530 W skia    : AGTM parsing failed flags.readFromStream(s) at 159
07-10 13:40:16.570   530   530 W skia    : AGTM parsing failed flags.readFromStream(s) at 159
07-10 13:40:16.587   530   530 W skia    : AGTM parsing failed flags.readFromStream(s) at 159
07-10 13:40:16.604   530   530 W skia    : AGTM parsing failed flags.readFromStream(s) at 159
07-10 13:40:16.621   530   530 W skia    : AGTM parsing failed flags.readFromStream(s) at 159
07-10 13:40:16.630   530   579 W skia    : AGTM parsing failed flags.readFromStream(s) at 159
07-10 13:40:16.637   530   530 W skia    : AGTM parsing failed flags.readFromStream(s) at 159
07-10 13:40:16.653   530   530 W skia    : AGTM parsing failed flags.readFromStream(s) at 159
07-10 13:40:16.671   530   530 W skia    : AGTM parsing failed flags.readFromStream(s) at 159
07-10 13:40:16.688   530   530 W skia    : AGTM parsing failed flags.readFromStream(s) at 159
07-10 13:40:16.703   530   530 W skia    : AGTM parsing failed flags.readFromStream(s) at 159
07-10 13:40:16.721   530   530 W skia    : AGTM parsing failed flags.readFromStream(s) at 159
07-10 13:40:16.731   530   579 W skia    : AGTM parsing failed flags.readFromStream(s) at 159
07-10 13:40:16.737   530   530 W skia    : AGTM parsing failed flags.readFromStream(s) at 159
07-10 13:40:16.754   530   530 W skia    : AGTM parsing failed flags.readFromStream(s) at 159
07-10 13:40:16.771   530   530 W skia    : AGTM parsing failed flags.readFromStream(s) at 159
07-10 13:40:16.787   530   530 W skia    : AGTM parsing failed flags.readFromStream(s) at 159
07-10 13:40:16.803   530   530 W skia    : AGTM parsing failed flags.readFromStream(s) at 159
07-10 13:40:16.820   530   530 W skia    : AGTM parsing failed flags.readFromStream(s) at 159
07-10 13:40:16.831   530   579 W skia    : AGTM parsing failed flags.readFromStream(s) at 159
07-10 13:40:16.837   530   530 W skia    : AGTM parsing failed flags.readFromStream(s) at 159
07-10 13:40:16.854   530   530 W skia    : AGTM parsing failed flags.readFromStream(s) at 159
07-10 13:40:16.871   530   530 W skia    : AGTM parsing failed flags.readFromStream(s) at 159
07-10 13:40:16.887   530   530 W skia    : AGTM parsing failed flags.readFromStream(s) at 159
07-10 13:40:16.903   530   530 W skia    : AGTM parsing failed flags.readFromStream(s) at 159
07-10 13:40:16.920   530   530 W skia    : AGTM parsing failed flags.readFromStream(s) at 159
07-10 13:40:16.933   530   579 W skia    : AGTM parsing failed flags.readFromStream(s) at 159
07-10 13:40:16.937   530   530 W skia    : AGTM parsing failed flags.readFromStream(s) at 159
07-10 13:40:16.954   530   530 W skia    : AGTM parsing failed flags.readFromStream(s) at 159
07-10 13:40:16.970   530   530 W skia    : AGTM parsing failed flags.readFromStream(s) at 159
07-10 13:40:16.987   530   530 W skia    : AGTM parsing failed flags.readFromStream(s) at 159
07-10 13:40:17.003   530   530 W skia    : AGTM parsing failed flags.readFromStream(s) at 159
07-10 13:40:17.021   530   530 W skia    : AGTM parsing failed flags.readFromStream(s) at 159
07-10 13:40:17.036   530   530 W skia    : AGTM parsing failed flags.readFromStream(s) at 159
07-10 13:40:17.041   530   579 W skia    : AGTM parsing failed flags.readFromStream(s) at 159
07-10 13:40:17.054   530   530 W skia    : AGTM parsing failed flags.readFromStream(s) at 159
07-10 13:40:17.071   530   530 W skia    : AGTM parsing failed flags.readFromStream(s) at 159
07-10 13:40:17.087   530   530 W skia    : AGTM parsing failed flags.readFromStream(s) at 159
07-10 13:40:17.103   530   530 W skia    : AGTM parsing failed flags.readFromStream(s) at 159
07-10 13:40:17.119   530   530 W skia    : AGTM parsing failed flags.readFromStream(s) at 159
07-10 13:40:17.139   530   530 W skia    : AGTM parsing failed flags.readFromStream(s) at 159
07-10 13:40:17.143   530   579 W skia    : AGTM parsing failed flags.readFromStream(s) at 159
07-10 13:40:17.154   530   530 W skia    : AGTM parsing failed flags.readFromStream(s) at 159
07-10 13:40:17.170   530   530 W skia    : AGTM parsing failed flags.readFromStream(s) at 159
07-10 13:40:17.187   530   530 W skia    : AGTM parsing failed flags.readFromStream(s) at 159
07-10 13:40:17.203   530   530 W skia    : AGTM parsing failed flags.readFromStream(s) at 159
07-10 13:40:17.220   530   530 W skia    : AGTM parsing failed flags.readFromStream(s) at 159
07-10 13:40:17.236   530   530 W skia    : AGTM parsing failed flags.readFromStream(s) at 159
07-10 13:40:17.243   530   579 W skia    : AGTM parsing failed flags.readFromStream(s) at 159
07-10 13:40:17.253   530   530 W skia    : AGTM parsing failed flags.readFromStream(s) at 159
07-10 13:40:17.270   530   530 W skia    : AGTM parsing failed flags.readFromStream(s) at 159
07-10 13:40:17.287   530   530 W skia    : AGTM parsing failed flags.readFromStream(s) at 159
07-10 13:40:17.303   530   530 W skia    : AGTM parsing failed flags.readFromStream(s) at 159
07-10 13:40:17.320   530   530 W skia    : AGTM parsing failed flags.readFromStream(s) at 159
07-10 13:40:17.337   530   530 W skia    : AGTM parsing failed flags.readFromStream(s) at 159
07-10 13:40:17.345   530   579 W skia    : AGTM parsing failed flags.readFromStream(s) at 159
07-10 13:40:17.354   530   530 W skia    : AGTM parsing failed flags.readFromStream(s) at 159
07-10 13:40:17.370   530   530 W skia    : AGTM parsing failed flags.readFromStream(s) at 159
07-10 13:40:17.388   530   530 W skia    : AGTM parsing failed flags.readFromStream(s) at 159
07-10 13:40:17.404   530   530 W skia    : AGTM parsing failed flags.readFromStream(s) at 159
07-10 13:40:17.419   530   530 W skia    : AGTM parsing failed flags.readFromStream(s) at 159
07-10 13:40:17.436   530   530 W skia    : AGTM parsing failed flags.readFromStream(s) at 159
07-10 13:40:17.445   530   579 W skia    : AGTM parsing failed flags.readFromStream(s) at 159
07-10 13:40:17.453   530   530 W skia    : AGTM parsing failed flags.readFromStream(s) at 159
07-10 13:40:17.470   530   530 W skia    : AGTM parsing failed flags.readFromStream(s) at 159
07-10 13:40:17.487   530   530 W skia    : AGTM parsing failed flags.readFromStream(s) at 159
07-10 13:40:17.503   530   530 W skia    : AGTM parsing failed flags.readFromStream(s) at 159
07-10 13:40:17.520   530   530 W skia    : AGTM parsing failed flags.readFromStream(s) at 159
07-10 13:40:17.536   530   530 W skia    : AGTM parsing failed flags.readFromStream(s) at 159
07-10 13:40:17.547   530   579 W skia    : AGTM parsing failed flags.readFromStream(s) at 159
07-10 13:40:17.554   530   530 W skia    : AGTM parsing failed flags.readFromStream(s) at 159
07-10 13:40:17.570   530   530 W skia    : AGTM parsing failed flags.readFromStream(s) at 159
07-10 13:40:17.588   530   530 W skia    : AGTM parsing failed flags.readFromStream(s) at 159
07-10 13:40:17.604   530   530 W skia    : AGTM parsing failed flags.readFromStream(s) at 159
07-10 13:40:17.620   530   530 W skia    : AGTM parsing failed flags.readFromStream(s) at 159
07-10 13:40:17.638   530   530 W skia    : AGTM parsing failed flags.readFromStream(s) at 159
07-10 13:40:17.647   530   579 W skia    : AGTM parsing failed flags.readFromStream(s) at 159
07-10 13:40:17.654   530   530 W skia    : AGTM parsing failed flags.readFromStream(s) at 159
07-10 13:40:17.670   530   530 W skia    : AGTM parsing failed flags.readFromStream(s) at 159
07-10 13:40:17.687   530   530 W skia    : AGTM parsing failed flags.readFromStream(s) at 159
07-10 13:40:17.703   530   530 W skia    : AGTM parsing failed flags.readFromStream(s) at 159
07-10 13:40:17.720   530   530 W skia    : AGTM parsing failed flags.readFromStream(s) at 159
07-10 13:40:17.737   530   530 W skia    : AGTM parsing failed flags.readFromStream(s) at 159
07-10 13:40:17.748   530   579 W skia    : AGTM parsing failed flags.readFromStream(s) at 159
07-10 13:40:17.754   530   530 W skia    : AGTM parsing failed flags.readFromStream(s) at 159
07-10 13:40:17.770   530   530 W skia    : AGTM parsing failed flags.readFromStream(s) at 159
07-10 13:40:17.787   530   530 W skia    : AGTM parsing failed flags.readFromStream(s) at 159
07-10 13:40:17.803   530   530 W skia    : AGTM parsing failed flags.readFromStream(s) at 159
07-10 13:40:17.820   530   530 W skia    : AGTM parsing failed flags.readFromStream(s) at 159
07-10 13:40:17.838   530   530 W skia    : AGTM parsing failed flags.readFromStream(s) at 159
07-10 13:40:17.853   530   530 W skia    : AGTM parsing failed flags.readFromStream(s) at 159
07-10 13:40:17.858   530   579 W skia    : AGTM parsing failed flags.readFromStream(s) at 159
07-10 13:40:17.870   530   530 W skia    : AGTM parsing failed flags.readFromStream(s) at 159
07-10 13:40:17.886   530   530 W skia    : AGTM parsing failed flags.readFromStream(s) at 159
07-10 13:40:17.903   530   530 W skia    : AGTM parsing failed flags.readFromStream(s) at 159
07-10 13:40:17.919   530   530 W skia    : AGTM parsing failed flags.readFromStream(s) at 159
07-10 13:40:17.937   530   530 W skia    : AGTM parsing failed flags.readFromStream(s) at 159
07-10 13:40:17.954   530   530 W skia    : AGTM parsing failed flags.readFromStream(s) at 159
07-10 13:40:17.959   530   579 W skia    : AGTM parsing failed flags.readFromStream(s) at 159
07-10 13:40:17.970   530   530 W skia    : AGTM parsing failed flags.readFromStream(s) at 159
07-10 13:40:17.987   530   530 W skia    : AGTM parsing failed flags.readFromStream(s) at 159
07-10 13:40:18.003   530   530 W skia    : AGTM parsing failed flags.readFromStream(s) at 159
07-10 13:40:18.019   530   530 W skia    : AGTM parsing failed flags.readFromStream(s) at 159
07-10 13:40:18.037   530   530 W skia    : AGTM parsing failed flags.readFromStream(s) at 159
07-10 13:40:18.053   530   530 W skia    : AGTM parsing failed flags.readFromStream(s) at 159
07-10 13:40:18.060   530   579 W skia    : AGTM parsing failed flags.readFromStream(s) at 159
07-10 13:40:18.070   530   530 W skia    : AGTM parsing failed flags.readFromStream(s) at 159
07-10 13:40:18.087   530   530 W skia    : AGTM parsing failed flags.readFromStream(s) at 159
07-10 13:40:18.104   530   530 W skia    : AGTM parsing failed flags.readFromStream(s) at 159
07-10 13:40:18.120   530   530 W skia    : AGTM parsing failed flags.readFromStream(s) at 159
07-10 13:40:18.138   530   530 W skia    : AGTM parsing failed flags.readFromStream(s) at 159
07-10 13:40:18.154   530   530 W skia    : AGTM parsing failed flags.readFromStream(s) at 159
07-10 13:40:18.161   530   579 W skia    : AGTM parsing failed flags.readFromStream(s) at 159
07-10 13:40:18.170   530   530 W skia    : AGTM parsing failed flags.readFromStream(s) at 159
07-10 13:40:18.187   530   530 W skia    : AGTM parsing failed flags.readFromStream(s) at 159
07-10 13:40:18.203   530   530 W skia    : AGTM parsing failed flags.readFromStream(s) at 159
07-10 13:40:18.220   530   530 W skia    : AGTM parsing failed flags.readFromStream(s) at 159
07-10 13:40:18.236   530   530 W skia    : AGTM parsing failed flags.readFromStream(s) at 159
07-10 13:40:18.254   530   530 W skia    : AGTM parsing failed flags.readFromStream(s) at 159
07-10 13:40:18.262   530   579 W skia    : AGTM parsing failed flags.readFromStream(s) at 159
07-10 13:40:18.271   530   530 W skia    : AGTM parsing failed flags.readFromStream(s) at 159
07-10 13:40:18.286   530   530 W skia    : AGTM parsing failed flags.readFromStream(s) at 159
07-10 13:40:18.304   530   530 W skia    : AGTM parsing failed flags.readFromStream(s) at 159
07-10 13:40:18.320   530   530 W skia    : AGTM parsing failed flags.readFromStream(s) at 159
07-10 13:40:18.337   530   530 W skia    : AGTM parsing failed flags.readFromStream(s) at 159
07-10 13:40:18.354   530   530 W skia    : AGTM parsing failed flags.readFromStream(s) at 159
07-10 13:40:18.363   530   579 W skia    : AGTM parsing failed flags.readFromStream(s) at 159
07-10 13:40:18.370   530   530 W skia    : AGTM parsing failed flags.readFromStream(s) at 159
07-10 13:40:18.387   530   530 W skia    : AGTM parsing failed flags.readFromStream(s) at 159
07-10 13:40:18.403   530   530 W skia    : AGTM parsing failed flags.readFromStream(s) at 159
07-10 13:40:18.420   530   530 W skia    : AGTM parsing failed flags.readFromStream(s) at 159
07-10 13:40:18.437   530   530 W skia    : AGTM parsing failed flags.readFromStream(s) at 159
07-10 13:40:18.453   530   530 W skia    : AGTM parsing failed flags.readFromStream(s) at 159
07-10 13:40:18.463   530   579 W skia    : AGTM parsing failed flags.readFromStream(s) at 159
07-10 13:40:18.470   530   530 W skia    : AGTM parsing failed flags.readFromStream(s) at 159
07-10 13:40:18.487   530   530 W skia    : AGTM parsing failed flags.readFromStream(s) at 159
07-10 13:40:18.503   530   530 W skia    : AGTM parsing failed flags.readFromStream(s) at 159
07-10 13:40:18.520   530   530 W skia    : AGTM parsing failed flags.readFromStream(s) at 159
07-10 13:40:18.537   530   530 W skia    : AGTM parsing failed flags.readFromStream(s) at 159
07-10 13:40:18.554   530   530 W skia    : AGTM parsing failed flags.readFromStream(s) at 159
07-10 13:40:18.565   530   579 W skia    : AGTM parsing failed flags.readFromStream(s) at 159
07-10 13:40:18.570   530   530 W skia    : AGTM parsing failed flags.readFromStream(s) at 159
07-10 13:40:18.587   530   530 W skia    : AGTM parsing failed flags.readFromStream(s) at 159
07-10 13:40:18.604   530   530 W skia    : AGTM parsing failed flags.readFromStream(s) at 159
07-10 13:40:18.620   530   530 W skia    : AGTM parsing failed flags.readFromStream(s) at 159
07-10 13:40:18.638   530   530 W skia    : AGTM parsing failed flags.readFromStream(s) at 159
07-10 13:40:18.654   530   530 W skia    : AGTM parsing failed flags.readFromStream(s) at 159
07-10 13:40:18.666   530   579 W skia    : AGTM parsing failed flags.readFromStream(s) at 159
07-10 13:40:18.671   530   530 W skia    : AGTM parsing failed flags.readFromStream(s) at 159
07-10 13:40:18.688   530   530 W skia    : AGTM parsing failed flags.readFromStream(s) at 159
07-10 13:40:18.703   530   530 W skia    : AGTM parsing failed flags.readFromStream(s) at 159
07-10 13:40:18.720   530   530 W skia    : AGTM parsing failed flags.readFromStream(s) at 159
07-10 13:40:18.737   530   530 W skia    : AGTM parsing failed flags.readFromStream(s) at 159
07-10 13:40:18.754   530   530 W skia    : AGTM parsing failed flags.readFromStream(s) at 159
07-10 13:40:18.770   530   530 W skia    : AGTM parsing failed flags.readFromStream(s) at 159
07-10 13:40:18.772  1802  1802 I adbd    : adbd service requested 'shell,v2,raw:dumpsys package com.google.android.gms'
07-10 13:40:18.775   530   579 W skia    : AGTM parsing failed flags.readFromStream(s) at 159
07-10 13:40:18.786   530   530 W skia    : AGTM parsing failed flags.readFromStream(s) at 159
07-10 13:40:18.803   530   530 W skia    : AGTM parsing failed flags.readFromStream(s) at 159
07-10 13:40:18.820   530   530 W skia    : AGTM parsing failed flags.readFromStream(s) at 159
07-10 13:40:18.837   530   530 W skia    : AGTM parsing failed flags.readFromStream(s) at 159
07-10 13:40:18.853   530   530 W skia    : AGTM parsing failed flags.readFromStream(s) at 159
07-10 13:40:18.870   530   530 W skia    : AGTM parsing failed flags.readFromStream(s) at 159
07-10 13:40:18.877   530   579 W skia    : AGTM parsing failed flags.readFromStream(s) at 159
07-10 13:40:18.886   530   530 W skia    : AGTM parsing failed flags.readFromStream(s) at 159
07-10 13:40:18.904   530   530 W skia    : AGTM parsing failed flags.readFromStream(s) at 159
07-10 13:40:18.910   814   814 I artd    : GetBestInfo: odex in dalvik-cache (/data/dalvik-cache/x86_64/apex@com.google.android.gmssystem@priv-app@PrebuiltGmsCoreVic@CP31.260618.005@PrebuiltGmsCoreVic.apk@classes.dex) is kOatUpToDate with filter 'verify' executable 'false'
07-10 13:40:18.910   814   814 I artd    : GetBestInfo: odex in dalvik-cache (/data/dalvik-cache/x86_64/apex@com.google.android.gmssystem@priv-app@PrebuiltGmsCoreVic@CP31.260618.005@PrebuiltGmsCoreVic.apk@classes.dex) is kOatUpToDate with filter 'verify' executable 'false'
07-10 13:40:18.911   814   814 I artd    : GetBestInfo: /data/user_de/0/com.google.android.gms/app_chimera/m/00000001/CronetDynamite.apk has no usable artifacts
07-10 13:40:18.911   814   814 I artd    : GetBestInfo: /data/user_de/0/com.google.android.gms/app_chimera/m/00000002/DynamiteLoader.apk has no usable artifacts
07-10 13:40:18.912   814   814 I artd    : GetBestInfo: /data/user_de/0/com.google.android.gms/app_chimera/m/00000005/GoogleCertificates.apk has no usable artifacts
07-10 13:40:18.912   814   814 I artd    : GetBestInfo: /data/user_de/0/com.google.android.gms/app_chimera/m/00000007/MeasurementDynamite.apk has no usable artifacts
07-10 13:40:18.920   530   530 W skia    : AGTM parsing failed flags.readFromStream(s) at 159
07-10 13:40:18.938   530   530 W skia    : AGTM parsing failed flags.readFromStream(s) at 159
07-10 13:40:18.953   530   530 W skia    : AGTM parsing failed flags.readFromStream(s) at 159
07-10 13:40:18.970   530   530 W skia    : AGTM parsing failed flags.readFromStream(s) at 159
07-10 13:40:18.978   530   579 W skia    : AGTM parsing failed flags.readFromStream(s) at 159
07-10 13:40:18.986   530   530 W skia    : AGTM parsing failed flags.readFromStream(s) at 159
07-10 13:40:19.003   530   530 W skia    : AGTM parsing failed flags.readFromStream(s) at 159
07-10 13:40:19.020   530   530 W skia    : AGTM parsing failed flags.readFromStream(s) at 159
07-10 13:40:19.036   530   530 W skia    : AGTM parsing failed flags.readFromStream(s) at 159
07-10 13:40:19.053   530   530 W skia    : AGTM parsing failed flags.readFromStream(s) at 159
07-10 13:40:19.070   530   530 W skia    : AGTM parsing failed flags.readFromStream(s) at 159
07-10 13:40:19.080   530   579 W skia    : AGTM parsing failed flags.readFromStream(s) at 159
07-10 13:40:19.087   530   530 W skia    : AGTM parsing failed flags.readFromStream(s) at 159
07-10 13:40:19.104   530   530 W skia    : AGTM parsing failed flags.readFromStream(s) at 159
07-10 13:40:19.121   530   530 W skia    : AGTM parsing failed flags.readFromStream(s) at 159
07-10 13:40:19.138   530   530 W skia    : AGTM parsing failed flags.readFromStream(s) at 159
07-10 13:40:19.153   530   530 W skia    : AGTM parsing failed flags.readFromStream(s) at 159
07-10 13:40:19.170   530   530 W skia    : AGTM parsing failed flags.readFromStream(s) at 159
07-10 13:40:19.181   530   579 W skia    : AGTM parsing failed flags.readFromStream(s) at 159
07-10 13:40:19.186   530   530 W skia    : AGTM parsing failed flags.readFromStream(s) at 159
07-10 13:40:19.204   530   530 W skia    : AGTM parsing failed flags.readFromStream(s) at 159
07-10 13:40:19.220   530   530 W skia    : AGTM parsing failed flags.readFromStream(s) at 159
07-10 13:40:19.237   530   530 W skia    : AGTM parsing failed flags.readFromStream(s) at 159
07-10 13:40:19.253   530   530 W skia    : AGTM parsing failed flags.readFromStream(s) at 159
07-10 13:40:19.272   530   530 W skia    : AGTM parsing failed flags.readFromStream(s) at 159
07-10 13:40:19.282   530   579 W skia    : AGTM parsing failed flags.readFromStream(s) at 159
07-10 13:40:19.287   530   530 W skia    : AGTM parsing failed flags.readFromStream(s) at 159
07-10 13:40:19.303   530   530 W skia    : AGTM parsing failed flags.readFromStream(s) at 159
07-10 13:40:19.320   530   530 W skia    : AGTM parsing failed flags.readFromStream(s) at 159
07-10 13:40:19.338   530   530 W skia    : AGTM parsing failed flags.readFromStream(s) at 159
07-10 13:40:19.353   530   530 W skia    : AGTM parsing failed flags.readFromStream(s) at 159
07-10 13:40:19.370   530   530 W skia    : AGTM parsing failed flags.readFromStream(s) at 159
07-10 13:40:19.387   530   530 W skia    : AGTM parsing failed flags.readFromStream(s) at 159
07-10 13:40:19.393   530   579 W skia    : AGTM parsing failed flags.readFromStream(s) at 159
07-10 13:40:19.403   530   530 W skia    : AGTM parsing failed flags.readFromStream(s) at 159
07-10 13:40:19.421   530   530 W skia    : AGTM parsing failed flags.readFromStream(s) at 159
07-10 13:40:19.437   530   530 W skia    : AGTM parsing failed flags.readFromStream(s) at 159
07-10 13:40:19.454   530   530 W skia    : AGTM parsing failed flags.readFromStream(s) at 159
07-10 13:40:19.469   530   530 W skia    : AGTM parsing failed flags.readFromStream(s) at 159
07-10 13:40:19.487   530   530 W skia    : AGTM parsing failed flags.readFromStream(s) at 159
07-10 13:40:19.494   530   579 W skia    : AGTM parsing failed flags.readFromStream(s) at 159
07-10 13:40:19.504   530   530 W skia    : AGTM parsing failed flags.readFromStream(s) at 159
07-10 13:40:19.520   530   530 W skia    : AGTM parsing failed flags.readFromStream(s) at 159
07-10 13:40:19.536   530   530 W skia    : AGTM parsing failed flags.readFromStream(s) at 159
07-10 13:40:19.537   669  1034 E WifiDataStall: Ignore this poll. newStats: null txLinkSpeedMbps: 1 rxLinkSpeedMbps: 2 rssi: -50 connectionCapabilities: com.android.server.wifi.WifiNative$ConnectionCapabilities@8d12315
07-10 13:40:19.543  1228  1411 D IpClient/wlan0: interfaceLinkStateChanged: ifindex 16 up
07-10 13:40:19.548  1228  1411 D IpClient/wlan0: interfaceLinkStateChanged: ifindex 16 up
07-10 13:40:19.553   530   530 W skia    : AGTM parsing failed flags.readFromStream(s) at 159
07-10 13:40:19.571   530   530 W skia    : AGTM parsing failed flags.readFromStream(s) at 159
07-10 13:40:19.587   530   530 W skia    : AGTM parsing failed flags.readFromStream(s) at 159
07-10 13:40:19.595   530   579 W skia    : AGTM parsing failed flags.readFromStream(s) at 159
07-10 13:40:19.604   530   530 W skia    : AGTM parsing failed flags.readFromStream(s) at 159
07-10 13:40:19.620   530   530 W skia    : AGTM parsing failed flags.readFromStream(s) at 159
07-10 13:40:19.637   530   530 W skia    : AGTM parsing failed flags.readFromStream(s) at 159
07-10 13:40:19.653   530   530 W skia    : AGTM parsing failed flags.readFromStream(s) at 159
07-10 13:40:19.670   530   530 W skia    : AGTM parsing failed flags.readFromStream(s) at 159
07-10 13:40:19.687   530   530 W skia    : AGTM parsing failed flags.readFromStream(s) at 159
07-10 13:40:19.697   530   579 W skia    : AGTM parsing failed flags.readFromStream(s) at 159
07-10 13:40:19.703   530   530 W skia    : AGTM parsing failed flags.readFromStream(s) at 159
07-10 13:40:19.720   530   530 W skia    : AGTM parsing failed flags.readFromStream(s) at 159
07-10 13:40:19.738   530   530 W skia    : AGTM parsing failed flags.readFromStream(s) at 159
07-10 13:40:19.753   530   530 W skia    : AGTM parsing failed flags.readFromStream(s) at 159
07-10 13:40:19.770   530   530 W skia    : AGTM parsing failed flags.readFromStream(s) at 159
07-10 13:40:19.787   530   530 W skia    : AGTM parsing failed flags.readFromStream(s) at 159
07-10 13:40:19.798   530   579 W skia    : AGTM parsing failed flags.readFromStream(s) at 159
07-10 13:40:19.803   530   530 W skia    : AGTM parsing failed flags.readFromStream(s) at 159
07-10 13:40:19.820   530   530 W skia    : AGTM parsing failed flags.readFromStream(s) at 159
07-10 13:40:19.836   530   530 W skia    : AGTM parsing failed flags.readFromStream(s) at 159
07-10 13:40:19.853   530   530 W skia    : AGTM parsing failed flags.readFromStream(s) at 159
07-10 13:40:19.872   530   530 W skia    : AGTM parsing failed flags.readFromStream(s) at 159
07-10 13:40:19.887   530   530 W skia    : AGTM parsing failed flags.readFromStream(s) at 159
07-10 13:40:19.899   530   579 W skia    : AGTM parsing failed flags.readFromStream(s) at 159
07-10 13:40:19.904   530   530 W skia    : AGTM parsing failed flags.readFromStream(s) at 159
07-10 13:40:19.920   530   530 W skia    : AGTM parsing failed flags.readFromStream(s) at 159
07-10 13:40:19.938   530   530 W skia    : AGTM parsing failed flags.readFromStream(s) at 159
07-10 13:40:19.953   530   530 W skia    : AGTM parsing failed flags.readFromStream(s) at 159
07-10 13:40:19.971   530   530 W skia    : AGTM parsing failed flags.readFromStream(s) at 159
07-10 13:40:19.987   530   530 W skia    : AGTM parsing failed flags.readFromStream(s) at 159
07-10 13:40:20.003   530   530 W skia    : AGTM parsing failed flags.readFromStream(s) at 159
07-10 13:40:20.008   530   579 W skia    : AGTM parsing failed flags.readFromStream(s) at 159
07-10 13:40:20.021   530   530 W skia    : AGTM parsing failed flags.readFromStream(s) at 159
07-10 13:40:20.038   530   530 W skia    : AGTM parsing failed flags.readFromStream(s) at 159
07-10 13:40:20.053   530   530 W skia    : AGTM parsing failed flags.readFromStream(s) at 159
07-10 13:40:20.070   530   530 W skia    : AGTM parsing failed flags.readFromStream(s) at 159
07-10 13:40:20.087   530   530 W skia    : AGTM parsing failed flags.readFromStream(s) at 159
07-10 13:40:20.103   530   530 W skia    : AGTM parsing failed flags.readFromStream(s) at 159
07-10 13:40:20.109   530   579 W skia    : AGTM parsing failed flags.readFromStream(s) at 159
07-10 13:40:20.120   530   530 W skia    : AGTM parsing failed flags.readFromStream(s) at 159
07-10 13:40:20.136   530   530 W skia    : AGTM parsing failed flags.readFromStream(s) at 159
07-10 13:40:20.154   530   530 W skia    : AGTM parsing failed flags.readFromStream(s) at 159
07-10 13:40:20.171   530   530 W skia    : AGTM parsing failed flags.readFromStream(s) at 159
07-10 13:40:20.187   530   530 W skia    : AGTM parsing failed flags.readFromStream(s) at 159
07-10 13:40:20.203   530   530 W skia    : AGTM parsing failed flags.readFromStream(s) at 159
07-10 13:40:20.211   530   579 W skia    : AGTM parsing failed flags.readFromStream(s) at 159
07-10 13:40:20.221   530   530 W skia    : AGTM parsing failed flags.readFromStream(s) at 159
07-10 13:40:20.237   530   530 W skia    : AGTM parsing failed flags.readFromStream(s) at 159
07-10 13:40:20.253   530   530 W skia    : AGTM parsing failed flags.readFromStream(s) at 159
07-10 13:40:20.271   530   530 W skia    : AGTM parsing failed flags.readFromStream(s) at 159
07-10 13:40:20.287   530   530 W skia    : AGTM parsing failed flags.readFromStream(s) at 159
07-10 13:40:20.303   530   530 W skia    : AGTM parsing failed flags.readFromStream(s) at 159
07-10 13:40:20.313   530   579 W skia    : AGTM parsing failed flags.readFromStream(s) at 159
07-10 13:40:20.320   530   530 W skia    : AGTM parsing failed flags.readFromStream(s) at 159
07-10 13:40:20.337   530   530 W skia    : AGTM parsing failed flags.readFromStream(s) at 159
07-10 13:40:20.353   530   530 W skia    : AGTM parsing failed flags.readFromStream(s) at 159
07-10 13:40:20.370   530   530 W skia    : AGTM parsing failed flags.readFromStream(s) at 159
07-10 13:40:20.387   530   530 W skia    : AGTM parsing failed flags.readFromStream(s) at 159
07-10 13:40:20.403   530   530 W skia    : AGTM parsing failed flags.readFromStream(s) at 159
07-10 13:40:20.413   530   579 W skia    : AGTM parsing failed flags.readFromStream(s) at 159
07-10 13:40:20.420   530   530 W skia    : AGTM parsing failed flags.readFromStream(s) at 159
07-10 13:40:20.436   530   530 W skia    : AGTM parsing failed flags.readFromStream(s) at 159
07-10 13:40:20.454   530   530 W skia    : AGTM parsing failed flags.readFromStream(s) at 159
07-10 13:40:20.470   530   530 W skia    : AGTM parsing failed flags.readFromStream(s) at 159
07-10 13:40:20.487   530   530 W skia    : AGTM parsing failed flags.readFromStream(s) at 159
07-10 13:40:20.504   530   530 W skia    : AGTM parsing failed flags.readFromStream(s) at 159
07-10 13:40:20.515   530   579 W skia    : AGTM parsing failed flags.readFromStream(s) at 159
07-10 13:40:20.523   530   530 W skia    : AGTM parsing failed flags.readFromStream(s) at 159
07-10 13:40:20.537   530   530 W skia    : AGTM parsing failed flags.readFromStream(s) at 159
07-10 13:40:20.553   530   530 W skia    : AGTM parsing failed flags.readFromStream(s) at 159
07-10 13:40:20.570   530   530 W skia    : AGTM parsing failed flags.readFromStream(s) at 159
07-10 13:40:20.587   530   530 W skia    : AGTM parsing failed flags.readFromStream(s) at 159
07-10 13:40:20.603   530   530 W skia    : AGTM parsing failed flags.readFromStream(s) at 159
07-10 13:40:20.620   530   530 W skia    : AGTM parsing failed flags.readFromStream(s) at 159
07-10 13:40:20.626   530   579 W skia    : AGTM parsing failed flags.readFromStream(s) at 159
07-10 13:40:20.639   530   530 W skia    : AGTM parsing failed flags.readFromStream(s) at 159
07-10 13:40:20.654   530   530 W skia    : AGTM parsing failed flags.readFromStream(s) at 159
07-10 13:40:20.671   530   530 W skia    : AGTM parsing failed flags.readFromStream(s) at 159
07-10 13:40:20.687   530   530 W skia    : AGTM parsing failed flags.readFromStream(s) at 159
07-10 13:40:20.703   530   530 W skia    : AGTM parsing failed flags.readFromStream(s) at 159
07-10 13:40:20.720   530   530 W skia    : AGTM parsing failed flags.readFromStream(s) at 159
07-10 13:40:20.728   530   579 W skia    : AGTM parsing failed flags.readFromStream(s) at 159
07-10 13:40:20.738   530   530 W skia    : AGTM parsing failed flags.readFromStream(s) at 159
07-10 13:40:20.754   530   530 W skia    : AGTM parsing failed flags.readFromStream(s) at 159
07-10 13:40:20.770   530   530 W skia    : AGTM parsing failed flags.readFromStream(s) at 159
07-10 13:40:20.787   530   530 W skia    : AGTM parsing failed flags.readFromStream(s) at 159
07-10 13:40:20.803   530   530 W skia    : AGTM parsing failed flags.readFromStream(s) at 159
07-10 13:40:20.820   530   530 W skia    : AGTM parsing failed flags.readFromStream(s) at 159
07-10 13:40:20.829   530   579 W skia    : AGTM parsing failed flags.readFromStream(s) at 159
07-10 13:40:20.836   530   530 W skia    : AGTM parsing failed flags.readFromStream(s) at 159
07-10 13:40:20.853   530   530 W skia    : AGTM parsing failed flags.readFromStream(s) at 159
07-10 13:40:20.870   530   530 W skia    : AGTM parsing failed flags.readFromStream(s) at 159
07-10 13:40:20.887   530   530 W skia    : AGTM parsing failed flags.readFromStream(s) at 159
07-10 13:40:20.903   530   530 W skia    : AGTM parsing failed flags.readFromStream(s) at 159
07-10 13:40:20.920   530   530 W skia    : AGTM parsing failed flags.readFromStream(s) at 159
07-10 13:40:20.931   530   579 W skia    : AGTM parsing failed flags.readFromStream(s) at 159
07-10 13:40:20.938   530   530 W skia    : AGTM parsing failed flags.readFromStream(s) at 159
07-10 13:40:20.953   530   530 W skia    : AGTM parsing failed flags.readFromStream(s) at 159
07-10 13:40:20.970   530   530 W skia    : AGTM parsing failed flags.readFromStream(s) at 159
07-10 13:40:20.987   530   530 W skia    : AGTM parsing failed flags.readFromStream(s) at 159
07-10 13:40:21.003   530   530 W skia    : AGTM parsing failed flags.readFromStream(s) at 159
07-10 13:40:21.020   530   530 W skia    : AGTM parsing failed flags.readFromStream(s) at 159
07-10 13:40:21.031   530   579 W skia    : AGTM parsing failed flags.readFromStream(s) at 159
07-10 13:40:21.037   530   530 W skia    : AGTM parsing failed flags.readFromStream(s) at 159
07-10 13:40:21.053   530   530 W skia    : AGTM parsing failed flags.readFromStream(s) at 159
07-10 13:40:21.070   530   530 W skia    : AGTM parsing failed flags.readFromStream(s) at 159
07-10 13:40:21.087   530   530 W skia    : AGTM parsing failed flags.readFromStream(s) at 159
07-10 13:40:21.104   530   530 W skia    : AGTM parsing failed flags.readFromStream(s) at 159
07-10 13:40:21.120   530   530 W skia    : AGTM parsing failed flags.readFromStream(s) at 159
07-10 13:40:21.132   530   579 W skia    : AGTM parsing failed flags.readFromStream(s) at 159
07-10 13:40:21.138   530   530 W skia    : AGTM parsing failed flags.readFromStream(s) at 159
07-10 13:40:21.153   530   530 W skia    : AGTM parsing failed flags.readFromStream(s) at 159
07-10 13:40:21.172   530   530 W skia    : AGTM parsing failed flags.readFromStream(s) at 159
07-10 13:40:21.187   530   530 W skia    : AGTM parsing failed flags.readFromStream(s) at 159
07-10 13:40:21.203   530   530 W skia    : AGTM parsing failed flags.readFromStream(s) at 159
07-10 13:40:21.219   530   530 W skia    : AGTM parsing failed flags.readFromStream(s) at 159
07-10 13:40:21.238   530   530 W skia    : AGTM parsing failed flags.readFromStream(s) at 159
07-10 13:40:21.243   530   579 W skia    : AGTM parsing failed flags.readFromStream(s) at 159
07-10 13:40:21.253   530   530 W skia    : AGTM parsing failed flags.readFromStream(s) at 159
07-10 13:40:21.271   530   530 W skia    : AGTM parsing failed flags.readFromStream(s) at 159
07-10 13:40:21.288   530   530 W skia    : AGTM parsing failed flags.readFromStream(s) at 159
07-10 13:40:21.303   530   530 W skia    : AGTM parsing failed flags.readFromStream(s) at 159
07-10 13:40:21.320   530   530 W skia    : AGTM parsing failed flags.readFromStream(s) at 159
07-10 13:40:21.337   530   530 W skia    : AGTM parsing failed flags.readFromStream(s) at 159
07-10 13:40:21.344   530   579 W skia    : AGTM parsing failed flags.readFromStream(s) at 159
07-10 13:40:21.353   530   530 W skia    : AGTM parsing failed flags.readFromStream(s) at 159
07-10 13:40:21.370   530   530 W skia    : AGTM parsing failed flags.readFromStream(s) at 159
07-10 13:40:21.375  1299  1471 E SatelliteController: isSatelliteEnabled: mIsSatelliteEnabled=null
07-10 13:40:21.375  1299  1471 D SatelliteController: isInCarrierRoamingNbIotNtn: satellite is disabled
07-10 13:40:21.375  1299  1471 D SatelliteController: getCarrierRoamingNtnConnectType: Checking connect type from PLMN config for subId: 1
07-10 13:40:21.375  1299  1471 D TelephonyConfigUpdateInstallReceiver: getConfigParser: domain=satellite
07-10 13:40:21.375  1299  1471 V SatelliteController: satelliteConfigParser is not ready
07-10 13:40:21.375  1299  1471 D SatelliteController: isSatelliteAttachSupportedViaConfigupdater: return null (satelliteConfig is null)
07-10 13:40:21.375  1299  1471 D SatelliteController: getConfigForSubId: subId= 1, config= PersistableBundle[{satellite_esos_supported_bool=false, satellite_connection_hysteresis_sec_int=180, satellite_supported_disaster_plmn_string_array=[], regional_satellite_earfcn_bundle=PersistableBundle[{}], satellite_entitlement_supported_bool=false, satellite_supported_emergency_plmn_string_array=[], satellite_configs_per_plmn_bundle=PersistableBundle[{}], satellite_sos_max_datagram_size_bytes_int=255, satellite_supported_msg_apps_string_array=[com.google.android.apps.messaging], satellite_connected_notification_throttle_millis_int=604800000, satellite_display_name_string=, satellite_roaming_p2p_sms_inactivity_timeout_sec_int=180, satellite_roaming_turn_off_session_for_emergency_call_bool=true, emergency_messaging_supported_bool=false, carrier_roaming_satellite_emergency_messaging_provider_per_country_bundle=PersistableBundle[{}], satellite_data_support_mode_int=0, carrier_roaming_ntn_connect_type_int=0, satellite_attach_supported_bool=false, carrier_roaming_satellite_emergency_messaging_redirection_destination_string=, satellite_nidd_apn_name_string=, carrier_supported_satellite_services_per_provider_bundle=PersistableBundle[{310830=[2, 3, 6]}], satellite_roaming_esos_inactivity_timeout_sec_int=300, carrier_supported_satellite_notification_hysteresis_sec_int=180, carrier_config_applied_bool=true, carrier_roaming_ntn_emergency_call_to_satellite_handover_type_int=2, carrier_roaming_satellite_default_services_int_array=[2, 3, 6], imsserviceentitlement.entitlement_server_url_string=, emergency_call_to_satellite_t911_handover_timeout_millis_int=30000, satellite_roaming_p2p_sms_supported_bool=false, carrier_config_version_string=, satellite_roaming_screen_off_inactivity_timeout_sec_int=30}]
07-10 13:40:21.375  1299  1471 D SatelliteController: isSatelliteSupportedViaCarrier: using CarrierConfig for subId=1, isAttachSupported=false
07-10 13:40:21.375  1299  1471 D SatelliteController: getSatellitePerPlmnConfiguration: invalid subId or not supported via carrier.
07-10 13:40:21.375  1299  1471 D SatelliteController: getCarrierRoamingNtnConnectType: config: null
07-10 13:40:21.375  1299  1471 D TelephonyConfigUpdateInstallReceiver: getConfigParser: domain=satellite
07-10 13:40:21.375  1299  1471 V SatelliteController: satelliteConfigParser is not ready
07-10 13:40:21.375  1299  1471 D SatelliteController: getCarrierRoamingNtnConnectTypeViaConfigUpdater: return null (satelliteConfig is null)
07-10 13:40:21.375  1299  1471 D SatelliteController: getConfigForSubId: subId= 1, config= PersistableBundle[{satellite_esos_supported_bool=false, satellite_connection_hysteresis_sec_int=180, satellite_supported_disaster_plmn_string_array=[], regional_satellite_earfcn_bundle=PersistableBundle[{}], satellite_entitlement_supported_bool=false, satellite_supported_emergency_plmn_string_array=[], satellite_configs_per_plmn_bundle=PersistableBundle[{}], satellite_sos_max_datagram_size_bytes_int=255, satellite_supported_msg_apps_string_array=[com.google.android.apps.messaging], satellite_connected_notification_throttle_millis_int=604800000, satellite_display_name_string=, satellite_roaming_p2p_sms_inactivity_timeout_sec_int=180, satellite_roaming_turn_off_session_for_emergency_call_bool=true, emergency_messaging_supported_bool=false, carrier_roaming_satellite_emergency_messaging_provider_per_country_bundle=PersistableBundle[{}], satellite_data_support_mode_int=0, carrier_roaming_ntn_connect_type_int=0, satellite_attach_supported_bool=false, carrier_roaming_satellite_emergency_messaging_redirection_destination_string=, satellite_nidd_apn_name_string=, carrier_supported_satellite_services_per_provider_bundle=PersistableBundle[{310830=[2, 3, 6]}], satellite_roaming_esos_inactivity_timeout_sec_int=300, carrier_supported_satellite_notification_hysteresis_sec_int=180, carrier_config_applied_bool=true, carrier_roaming_ntn_emergency_call_to_satellite_handover_type_int=2, carrier_roaming_satellite_default_services_int_array=[2, 3, 6], imsserviceentitlement.entitlement_server_url_string=, emergency_call_to_satellite_t911_handover_timeout_millis_int=30000, satellite_roaming_p2p_sms_supported_bool=false, carrier_config_version_string=, satellite_roaming_screen_off_inactivity_timeout_sec_int=30}]
07-10 13:40:21.375  1299  1471 D SatelliteController: getCarrierRoamingNtnConnectType: Falling back to global carrier config connect type: 0
07-10 13:40:21.375  1299  1471 D TelephonyConfigUpdateInstallReceiver: getConfigParser: domain=satellite
07-10 13:40:21.375  1299  1471 V SatelliteController: satelliteConfigParser is not ready
07-10 13:40:21.375  1299  1471 D SatelliteController: isSatelliteAttachSupportedViaConfigupdater: return null (satelliteConfig is null)
07-10 13:40:21.376  1299  1471 D SatelliteController: getConfigForSubId: subId= 1, config= PersistableBundle[{satellite_esos_supported_bool=false, satellite_connection_hysteresis_sec_int=180, satellite_supported_disaster_plmn_string_array=[], regional_satellite_earfcn_bundle=PersistableBundle[{}], satellite_entitlement_supported_bool=false, satellite_supported_emergency_plmn_string_array=[], satellite_configs_per_plmn_bundle=PersistableBundle[{}], satellite_sos_max_datagram_size_bytes_int=255, satellite_supported_msg_apps_string_array=[com.google.android.apps.messaging], satellite_connected_notification_throttle_millis_int=604800000, satellite_display_name_string=, satellite_roaming_p2p_sms_inactivity_timeout_sec_int=180, satellite_roaming_turn_off_session_for_emergency_call_bool=true, emergency_messaging_supported_bool=false, carrier_roaming_satellite_emergency_messaging_provider_per_country_bundle=PersistableBundle[{}], satellite_data_support_mode_int=0, carrier_roaming_ntn_connect_type_int=0, satellite_attach_supported_bool=false, carrier_roaming_satellite_emergency_messaging_redirection_destination_string=, satellite_nidd_apn_name_string=, carrier_supported_satellite_services_per_provider_bundle=PersistableBundle[{310830=[2, 3, 6]}], satellite_roaming_esos_inactivity_timeout_sec_int=300, carrier_supported_satellite_notification_hysteresis_sec_int=180, carrier_config_applied_bool=true, carrier_roaming_ntn_emergency_call_to_satellite_handover_type_int=2, carrier_roaming_satellite_default_services_int_array=[2, 3, 6], imsserviceentitlement.entitlement_server_url_string=, emergency_call_to_satellite_t911_handover_timeout_millis_int=30000, satellite_roaming_p2p_sms_supported_bool=false, carrier_config_version_string=, satellite_roaming_screen_off_inactivity_timeout_sec_int=30}]
07-10 13:40:21.376  1299  1471 D SatelliteController: isSatelliteSupportedViaCarrier: using CarrierConfig for subId=1, isAttachSupported=false
07-10 13:40:21.376  1299  1471 D SatelliteController: isInSatelliteModeForCarrierRoaming: subId=1, connectType=0, result=false
07-10 13:40:21.376  1299  1471 D SatelliteController: getCarrierRoamingNtnConnectType: Checking connect type from PLMN config for subId: 1
07-10 13:40:21.376  1299  1471 D TelephonyConfigUpdateInstallReceiver: getConfigParser: domain=satellite
07-10 13:40:21.376  1299  1471 V SatelliteController: satelliteConfigParser is not ready
07-10 13:40:21.376  1299  1471 D SatelliteController: isSatelliteAttachSupportedViaConfigupdater: return null (satelliteConfig is null)
07-10 13:40:21.376  1299  1471 D SatelliteController: getConfigForSubId: subId= 1, config= PersistableBundle[{satellite_esos_supported_bool=false, satellite_connection_hysteresis_sec_int=180, satellite_supported_disaster_plmn_string_array=[], regional_satellite_earfcn_bundle=PersistableBundle[{}], satellite_entitlement_supported_bool=false, satellite_supported_emergency_plmn_string_array=[], satellite_configs_per_plmn_bundle=PersistableBundle[{}], satellite_sos_max_datagram_size_bytes_int=255, satellite_supported_msg_apps_string_array=[com.google.android.apps.messaging], satellite_connected_notification_throttle_millis_int=604800000, satellite_display_name_string=, satellite_roaming_p2p_sms_inactivity_timeout_sec_int=180, satellite_roaming_turn_off_session_for_emergency_call_bool=true, emergency_messaging_supported_bool=false, carrier_roaming_satellite_emergency_messaging_provider_per_country_bundle=PersistableBundle[{}], satellite_data_support_mode_int=0, carrier_roaming_ntn_connect_type_int=0, satellite_attach_supported_bool=false, carrier_roaming_satellite_emergency_messaging_redirection_destination_string=, satellite_nidd_apn_name_string=, carrier_supported_satellite_services_per_provider_bundle=PersistableBundle[{310830=[2, 3, 6]}], satellite_roaming_esos_inactivity_timeout_sec_int=300, carrier_supported_satellite_notification_hysteresis_sec_int=180, carrier_config_applied_bool=true, carrier_roaming_ntn_emergency_call_to_satellite_handover_type_int=2, carrier_roaming_satellite_default_services_int_array=[2, 3, 6], imsserviceentitlement.entitlement_server_url_string=, emergency_call_to_satellite_t911_handover_timeout_millis_int=30000, satellite_roaming_p2p_sms_supported_bool=false, carrier_config_version_string=, satellite_roaming_screen_off_inactivity_timeout_sec_int=30}]
07-10 13:40:21.376  1299  1471 D SatelliteController: isSatelliteSupportedViaCarrier: using CarrierConfig for subId=1, isAttachSupported=false
07-10 13:40:21.376  1299  1471 D SatelliteController: getSatellitePerPlmnConfiguration: invalid subId or not supported via carrier.
07-10 13:40:21.376  1299  1471 D SatelliteController: getCarrierRoamingNtnConnectType: config: null
07-10 13:40:21.376  1299  1471 D TelephonyConfigUpdateInstallReceiver: getConfigParser: domain=satellite
07-10 13:40:21.376  1299  1471 V SatelliteController: satelliteConfigParser is not ready
07-10 13:40:21.376  1299  1471 D SatelliteController: getCarrierRoamingNtnConnectTypeViaConfigUpdater: return null (satelliteConfig is null)
07-10 13:40:21.376  1299  1471 D SatelliteController: getConfigForSubId: subId= 1, config= PersistableBundle[{satellite_esos_supported_bool=false, satellite_connection_hysteresis_sec_int=180, satellite_supported_disaster_plmn_string_array=[], regional_satellite_earfcn_bundle=PersistableBundle[{}], satellite_entitlement_supported_bool=false, satellite_supported_emergency_plmn_string_array=[], satellite_configs_per_plmn_bundle=PersistableBundle[{}], satellite_sos_max_datagram_size_bytes_int=255, satellite_supported_msg_apps_string_array=[com.google.android.apps.messaging], satellite_connected_notification_throttle_millis_int=604800000, satellite_display_name_string=, satellite_roaming_p2p_sms_inactivity_timeout_sec_int=180, satellite_roaming_turn_off_session_for_emergency_call_bool=true, emergency_messaging_supported_bool=false, carrier_roaming_satellite_emergency_messaging_provider_per_country_bundle=PersistableBundle[{}], satellite_data_support_mode_int=0, carrier_roaming_ntn_connect_type_int=0, satellite_attach_supported_bool=false, carrier_roaming_satellite_emergency_messaging_redirection_destination_string=, satellite_nidd_apn_name_string=, carrier_supported_satellite_services_per_provider_bundle=PersistableBundle[{310830=[2, 3, 6]}], satellite_roaming_esos_inactivity_timeout_sec_int=300, carrier_supported_satellite_notification_hysteresis_sec_int=180, carrier_config_applied_bool=true, carrier_roaming_ntn_emergency_call_to_satellite_handover_type_int=2, carrier_roaming_satellite_default_services_int_array=[2, 3, 6], imsserviceentitlement.entitlement_server_url_string=, emergency_call_to_satellite_t911_handover_timeout_millis_int=30000, satellite_roaming_p2p_sms_supported_bool=false, carrier_config_version_string=, satellite_roaming_screen_off_inactivity_timeout_sec_int=30}]
07-10 13:40:21.376  1299  1471 D SatelliteController: getCarrierRoamingNtnConnectType: Falling back to global carrier config connect type: 0
07-10 13:40:21.376  1299  1471 D TelephonyConfigUpdateInstallReceiver: getConfigParser: domain=satellite
07-10 13:40:21.376  1299  1471 V SatelliteController: satelliteConfigParser is not ready
07-10 13:40:21.376  1299  1471 D SatelliteController: isSatelliteAttachSupportedViaConfigupdater: return null (satelliteConfig is null)
07-10 13:40:21.376  1299  1471 D SatelliteController: getConfigForSubId: subId= 1, config= PersistableBundle[{satellite_esos_supported_bool=false, satellite_connection_hysteresis_sec_int=180, satellite_supported_disaster_plmn_string_array=[], regional_satellite_earfcn_bundle=PersistableBundle[{}], satellite_entitlement_supported_bool=false, satellite_supported_emergency_plmn_string_array=[], satellite_configs_per_plmn_bundle=PersistableBundle[{}], satellite_sos_max_datagram_size_bytes_int=255, satellite_supported_msg_apps_string_array=[com.google.android.apps.messaging], satellite_connected_notification_throttle_millis_int=604800000, satellite_display_name_string=, satellite_roaming_p2p_sms_inactivity_timeout_sec_int=180, satellite_roaming_turn_off_session_for_emergency_call_bool=true, emergency_messaging_supported_bool=false, carrier_roaming_satellite_emergency_messaging_provider_per_country_bundle=PersistableBundle[{}], satellite_data_support_mode_int=0, carrier_roaming_ntn_connect_type_int=0, satellite_attach_supported_bool=false, carrier_roaming_satellite_emergency_messaging_redirection_destination_string=, satellite_nidd_apn_name_string=, carrier_supported_satellite_services_per_provider_bundle=PersistableBundle[{310830=[2, 3, 6]}], satellite_roaming_esos_inactivity_timeout_sec_int=300, carrier_supported_satellite_notification_hysteresis_sec_int=180, carrier_config_applied_bool=true, carrier_roaming_ntn_emergency_call_to_satellite_handover_type_int=2, carrier_roaming_satellite_default_services_int_array=[2, 3, 6], imsserviceentitlement.entitlement_server_url_string=, emergency_call_to_satellite_t911_handover_timeout_millis_int=30000, satellite_roaming_p2p_sms_supported_bool=false, carrier_config_version_string=, satellite_roaming_screen_off_inactivity_timeout_sec_int=30}]
07-10 13:40:21.376  1299  1471 D SatelliteController: isSatelliteSupportedViaCarrier: using CarrierConfig for subId=1, isAttachSupported=false
07-10 13:40:21.376  1299  1471 D SatelliteController: isInSatelliteModeForCarrierRoaming: subId=1, connectType=0, result=false
07-10 13:40:21.387   530   530 W skia    : AGTM parsing failed flags.readFromStream(s) at 159
07-10 13:40:21.403   530   530 W skia    : AGTM parsing failed flags.readFromStream(s) at 159
07-10 13:40:21.420   530   530 W skia    : AGTM parsing failed flags.readFromStream(s) at 159
07-10 13:40:21.438   530   530 W skia    : AGTM parsing failed flags.readFromStream(s) at 159
07-10 13:40:21.445   530   579 W skia    : AGTM parsing failed flags.readFromStream(s) at 159
07-10 13:40:21.453   530   530 W skia    : AGTM parsing failed flags.readFromStream(s) at 159
07-10 13:40:21.470   530   530 W skia    : AGTM parsing failed flags.readFromStream(s) at 159
07-10 13:40:21.486   530   530 W skia    : AGTM parsing failed flags.readFromStream(s) at 159
07-10 13:40:21.503   530   530 W skia    : AGTM parsing failed flags.readFromStream(s) at 159
07-10 13:40:21.519   530   530 W skia    : AGTM parsing failed flags.readFromStream(s) at 159
07-10 13:40:21.538   530   530 W skia    : AGTM parsing failed flags.readFromStream(s) at 159
07-10 13:40:21.548   530   579 W skia    : AGTM parsing failed flags.readFromStream(s) at 159
07-10 13:40:21.553   530   530 W skia    : AGTM parsing failed flags.readFromStream(s) at 159
07-10 13:40:21.570   530   530 W skia    : AGTM parsing failed flags.readFromStream(s) at 159
07-10 13:40:21.587   530   530 W skia    : AGTM parsing failed flags.readFromStream(s) at 159
07-10 13:40:21.603   530   530 W skia    : AGTM parsing failed flags.readFromStream(s) at 159
07-10 13:40:21.621   530   530 W skia    : AGTM parsing failed flags.readFromStream(s) at 159
07-10 13:40:21.637   530   530 W skia    : AGTM parsing failed flags.readFromStream(s) at 159
07-10 13:40:21.649   530   579 W skia    : AGTM parsing failed flags.readFromStream(s) at 159
07-10 13:40:21.654   530   530 W skia    : AGTM parsing failed flags.readFromStream(s) at 159
07-10 13:40:21.670   530   530 W skia    : AGTM parsing failed flags.readFromStream(s) at 159
07-10 13:40:21.686   530   530 W skia    : AGTM parsing failed flags.readFromStream(s) at 159
07-10 13:40:21.703   530   530 W skia    : AGTM parsing failed flags.readFromStream(s) at 159
07-10 13:40:21.720   530   530 W skia    : AGTM parsing failed flags.readFromStream(s) at 159
07-10 13:40:21.737   530   530 W skia    : AGTM parsing failed flags.readFromStream(s) at 159
07-10 13:40:21.753   530   530 W skia    : AGTM parsing failed flags.readFromStream(s) at 159
07-10 13:40:21.760   530   579 W skia    : AGTM parsing failed flags.readFromStream(s) at 159
07-10 13:40:21.770   530   530 W skia    : AGTM parsing failed flags.readFromStream(s) at 159
07-10 13:40:21.788   530   530 W skia    : AGTM parsing failed flags.readFromStream(s) at 159
07-10 13:40:21.803   530   530 W skia    : AGTM parsing failed flags.readFromStream(s) at 159
07-10 13:40:21.820   530   530 W skia    : AGTM parsing failed flags.readFromStream(s) at 159
07-10 13:40:21.837   530   530 W skia    : AGTM parsing failed flags.readFromStream(s) at 159
07-10 13:40:21.854   530   530 W skia    : AGTM parsing failed flags.readFromStream(s) at 159
07-10 13:40:21.861   530   579 W skia    : AGTM parsing failed flags.readFromStream(s) at 159
07-10 13:40:21.870   530   530 W skia    : AGTM parsing failed flags.readFromStream(s) at 159
07-10 13:40:21.888   530   530 W skia    : AGTM parsing failed flags.readFromStream(s) at 159
07-10 13:40:21.903   530   530 W skia    : AGTM parsing failed flags.readFromStream(s) at 159
07-10 13:40:21.921   530   530 W skia    : AGTM parsing failed flags.readFromStream(s) at 159
07-10 13:40:21.938   530   530 W skia    : AGTM parsing failed flags.readFromStream(s) at 159
07-10 13:40:21.953   530   530 W skia    : AGTM parsing failed flags.readFromStream(s) at 159
07-10 13:40:21.962   530   579 W skia    : AGTM parsing failed flags.readFromStream(s) at 159
07-10 13:40:21.971   530   530 W skia    : AGTM parsing failed flags.readFromStream(s) at 159
07-10 13:40:21.988   530   530 W skia    : AGTM parsing failed flags.readFromStream(s) at 159
07-10 13:40:22.003   530   530 W skia    : AGTM parsing failed flags.readFromStream(s) at 159
07-10 13:40:22.020   530   530 W skia    : AGTM parsing failed flags.readFromStream(s) at 159
07-10 13:40:22.037   530   530 W skia    : AGTM parsing failed flags.readFromStream(s) at 159
07-10 13:40:22.054   530   530 W skia    : AGTM parsing failed flags.readFromStream(s) at 159
07-10 13:40:22.063   530   579 W skia    : AGTM parsing failed flags.readFromStream(s) at 159
07-10 13:40:22.070   530   530 W skia    : AGTM parsing failed flags.readFromStream(s) at 159
07-10 13:40:22.088   530   530 W skia    : AGTM parsing failed flags.readFromStream(s) at 159
07-10 13:40:22.103   530   530 W skia    : AGTM parsing failed flags.readFromStream(s) at 159
07-10 13:40:22.119   530   530 W skia    : AGTM parsing failed flags.readFromStream(s) at 159
07-10 13:40:22.137   530   530 W skia    : AGTM parsing failed flags.readFromStream(s) at 159
07-10 13:40:22.153   530   530 W skia    : AGTM parsing failed flags.readFromStream(s) at 159
07-10 13:40:22.163   530   579 W skia    : AGTM parsing failed flags.readFromStream(s) at 159
07-10 13:40:22.171   530   530 W skia    : AGTM parsing failed flags.readFromStream(s) at 159
07-10 13:40:22.186   530   530 W skia    : AGTM parsing failed flags.readFromStream(s) at 159
07-10 13:40:22.203   530   530 W skia    : AGTM parsing failed flags.readFromStream(s) at 159
07-10 13:40:22.220   530   530 W skia    : AGTM parsing failed flags.readFromStream(s) at 159
07-10 13:40:22.238   530   530 W skia    : AGTM parsing failed flags.readFromStream(s) at 159
07-10 13:40:22.254   530   530 W skia    : AGTM parsing failed flags.readFromStream(s) at 159
07-10 13:40:22.264   530   579 W skia    : AGTM parsing failed flags.readFromStream(s) at 159
07-10 13:40:22.270   530   530 W skia    : AGTM parsing failed flags.readFromStream(s) at 159
07-10 13:40:22.288   530   530 W skia    : AGTM parsing failed flags.readFromStream(s) at 159
07-10 13:40:22.304   530   530 W skia    : AGTM parsing failed flags.readFromStream(s) at 159
07-10 13:40:22.320   530   530 W skia    : AGTM parsing failed flags.readFromStream(s) at 159
07-10 13:40:22.337   530   530 W skia    : AGTM parsing failed flags.readFromStream(s) at 159
07-10 13:40:22.354   530   530 W skia    : AGTM parsing failed flags.readFromStream(s) at 159
07-10 13:40:22.365   530   579 W skia    : AGTM parsing failed flags.readFromStream(s) at 159
07-10 13:40:22.370   530   530 W skia    : AGTM parsing failed flags.readFromStream(s) at 159
07-10 13:40:22.387   530   530 W skia    : AGTM parsing failed flags.readFromStream(s) at 159
07-10 13:40:22.403   530   530 W skia    : AGTM parsing failed flags.readFromStream(s) at 159
07-10 13:40:22.420   530   530 W skia    : AGTM parsing failed flags.readFromStream(s) at 159
07-10 13:40:22.438   530   530 W skia    : AGTM parsing failed flags.readFromStream(s) at 159
07-10 13:40:22.454   530   530 W skia    : AGTM parsing failed flags.readFromStream(s) at 159
07-10 13:40:22.466   530   579 W skia    : AGTM parsing failed flags.readFromStream(s) at 159
07-10 13:40:22.470   530   530 W skia    : AGTM parsing failed flags.readFromStream(s) at 159
07-10 13:40:22.486   530   530 W skia    : AGTM parsing failed flags.readFromStream(s) at 159
07-10 13:40:22.504   530   530 W skia    : AGTM parsing failed flags.readFromStream(s) at 159
07-10 13:40:22.520   530   530 W skia    : AGTM parsing failed flags.readFromStream(s) at 159
07-10 13:40:22.537   530   530 W skia    : AGTM parsing failed flags.readFromStream(s) at 159
07-10 13:40:22.543   669  1034 E WifiDataStall: Ignore this poll. newStats: null txLinkSpeedMbps: 1 rxLinkSpeedMbps: 2 rssi: -50 connectionCapabilities: com.android.server.wifi.WifiNative$ConnectionCapabilities@8d12315
07-10 13:40:22.553   530   530 W skia    : AGTM parsing failed flags.readFromStream(s) at 159
07-10 13:40:22.570   530   530 W skia    : AGTM parsing failed flags.readFromStream(s) at 159
07-10 13:40:22.575   530   579 W skia    : AGTM parsing failed flags.readFromStream(s) at 159
07-10 13:40:22.587   530   530 W skia    : AGTM parsing failed flags.readFromStream(s) at 159
07-10 13:40:22.604   530   530 W skia    : AGTM parsing failed flags.readFromStream(s) at 159
07-10 13:40:22.620   530   530 W skia    : AGTM parsing failed flags.readFromStream(s) at 159
07-10 13:40:22.636   530   530 W skia    : AGTM parsing failed flags.readFromStream(s) at 159
07-10 13:40:22.654   530   530 W skia    : AGTM parsing failed flags.readFromStream(s) at 159
07-10 13:40:22.670   530   530 W skia    : AGTM parsing failed flags.readFromStream(s) at 159
07-10 13:40:22.676   530   579 W skia    : AGTM parsing failed flags.readFromStream(s) at 159
07-10 13:40:22.687   530   530 W skia    : AGTM parsing failed flags.readFromStream(s) at 159
07-10 13:40:22.703   530   530 W skia    : AGTM parsing failed flags.readFromStream(s) at 159
07-10 13:40:22.720   530   530 W skia    : AGTM parsing failed flags.readFromStream(s) at 159
07-10 13:40:22.738   530   530 W skia    : AGTM parsing failed flags.readFromStream(s) at 159
07-10 13:40:22.754   530   530 W skia    : AGTM parsing failed flags.readFromStream(s) at 159
07-10 13:40:22.771   530   530 W skia    : AGTM parsing failed flags.readFromStream(s) at 159
07-10 13:40:22.776   530   579 W skia    : AGTM parsing failed flags.readFromStream(s) at 159
07-10 13:40:22.788   530   530 W skia    : AGTM parsing failed flags.readFromStream(s) at 159
07-10 13:40:22.804   530   530 W skia    : AGTM parsing failed flags.readFromStream(s) at 159
07-10 13:40:22.820   530   530 W skia    : AGTM parsing failed flags.readFromStream(s) at 159
07-10 13:40:22.837   530   530 W skia    : AGTM parsing failed flags.readFromStream(s) at 159
07-10 13:40:22.854   530   530 W skia    : AGTM parsing failed flags.readFromStream(s) at 159
07-10 13:40:22.871   530   530 W skia    : AGTM parsing failed flags.readFromStream(s) at 159
07-10 13:40:22.877   530   579 W skia    : AGTM parsing failed flags.readFromStream(s) at 159
07-10 13:40:22.888   530   530 W skia    : AGTM parsing failed flags.readFromStream(s) at 159
07-10 13:40:22.903   530   530 W skia    : AGTM parsing failed flags.readFromStream(s) at 159
07-10 13:40:22.920   530   530 W skia    : AGTM parsing failed flags.readFromStream(s) at 159
07-10 13:40:22.937   530   530 W skia    : AGTM parsing failed flags.readFromStream(s) at 159
07-10 13:40:22.953   530   530 W skia    : AGTM parsing failed flags.readFromStream(s) at 159
07-10 13:40:22.970   530   530 W skia    : AGTM parsing failed flags.readFromStream(s) at 159
07-10 13:40:22.975  1357  1357 I wpa_supplicant: wlan0: CTRL-EVENT-BEACON-LOSS 
07-10 13:40:22.979   530   579 W skia    : AGTM parsing failed flags.readFromStream(s) at 159
07-10 13:40:22.987   530   530 W skia    : AGTM parsing failed flags.readFromStream(s) at 159
07-10 13:40:23.004   530   530 W skia    : AGTM parsing failed flags.readFromStream(s) at 159
07-10 13:40:23.020   530   530 W skia    : AGTM parsing failed flags.readFromStream(s) at 159
07-10 13:40:23.037   530   530 W skia    : AGTM parsing failed flags.readFromStream(s) at 159
07-10 13:40:23.054   530   530 W skia    : AGTM parsing failed flags.readFromStream(s) at 159
07-10 13:40:23.070   530   530 W skia    : AGTM parsing failed flags.readFromStream(s) at 159
07-10 13:40:23.080   530   579 W skia    : AGTM parsing failed flags.readFromStream(s) at 159
07-10 13:40:23.087   530   530 W skia    : AGTM parsing failed flags.readFromStream(s) at 159
07-10 13:40:23.104   530   530 W skia    : AGTM parsing failed flags.readFromStream(s) at 159
07-10 13:40:23.120   530   530 W skia    : AGTM parsing failed flags.readFromStream(s) at 159
07-10 13:40:23.137   530   530 W skia    : AGTM parsing failed flags.readFromStream(s) at 159
07-10 13:40:23.153   530   530 W skia    : AGTM parsing failed flags.readFromStream(s) at 159
07-10 13:40:23.171   530   530 W skia    : AGTM parsing failed flags.readFromStream(s) at 159
07-10 13:40:23.181   530   579 W skia    : AGTM parsing failed flags.readFromStream(s) at 159
07-10 13:40:23.188   530   530 W skia    : AGTM parsing failed flags.readFromStream(s) at 159
07-10 13:40:23.203   530   530 W skia    : AGTM parsing failed flags.readFromStream(s) at 159
07-10 13:40:23.221   530   530 W skia    : AGTM parsing failed flags.readFromStream(s) at 159
07-10 13:40:23.237   530   530 W skia    : AGTM parsing failed flags.readFromStream(s) at 159
07-10 13:40:23.253   530   530 W skia    : AGTM parsing failed flags.readFromStream(s) at 159
07-10 13:40:23.271   530   530 W skia    : AGTM parsing failed flags.readFromStream(s) at 159
07-10 13:40:23.282   530   579 W skia    : AGTM parsing failed flags.readFromStream(s) at 159
07-10 13:40:23.288   530   530 W skia    : AGTM parsing failed flags.readFromStream(s) at 159
07-10 13:40:23.304   530   530 W skia    : AGTM parsing failed flags.readFromStream(s) at 159
07-10 13:40:23.319   530   530 W skia    : AGTM parsing failed flags.readFromStream(s) at 159
07-10 13:40:23.338   530   530 W skia    : AGTM parsing failed flags.readFromStream(s) at 159
07-10 13:40:23.354   530   530 W skia    : AGTM parsing failed flags.readFromStream(s) at 159
07-10 13:40:23.371   530   530 W skia    : AGTM parsing failed flags.readFromStream(s) at 159
07-10 13:40:23.388   530   530 W skia    : AGTM parsing failed flags.readFromStream(s) at 159
07-10 13:40:23.393   530   579 W skia    : AGTM parsing failed flags.readFromStream(s) at 159
07-10 13:40:23.403   530   530 W skia    : AGTM parsing failed flags.readFromStream(s) at 159
07-10 13:40:23.420   530   530 W skia    : AGTM parsing failed flags.readFromStream(s) at 159
07-10 13:40:23.438   530   530 W skia    : AGTM parsing failed flags.readFromStream(s) at 159
07-10 13:40:23.454   530   530 W skia    : AGTM parsing failed flags.readFromStream(s) at 159
07-10 13:40:23.470   530   530 W skia    : AGTM parsing failed flags.readFromStream(s) at 159
07-10 13:40:23.488   530   530 W skia    : AGTM parsing failed flags.readFromStream(s) at 159
07-10 13:40:23.494   530   579 W skia    : AGTM parsing failed flags.readFromStream(s) at 159
07-10 13:40:23.503   530   530 W skia    : AGTM parsing failed flags.readFromStream(s) at 159
07-10 13:40:23.520   530   530 W skia    : AGTM parsing failed flags.readFromStream(s) at 159
07-10 13:40:23.538   530   530 W skia    : AGTM parsing failed flags.readFromStream(s) at 159
07-10 13:40:23.554   530   530 W skia    : AGTM parsing failed flags.readFromStream(s) at 159
07-10 13:40:23.571   530   530 W skia    : AGTM parsing failed flags.readFromStream(s) at 159
07-10 13:40:23.586   530   530 W skia    : AGTM parsing failed flags.readFromStream(s) at 159
07-10 13:40:23.594   530   579 W skia    : AGTM parsing failed flags.readFromStream(s) at 159
07-10 13:40:23.604   530   530 W skia    : AGTM parsing failed flags.readFromStream(s) at 159
07-10 13:40:23.620   530   530 W skia    : AGTM parsing failed flags.readFromStream(s) at 159
07-10 13:40:23.637   530   530 W skia    : AGTM parsing failed flags.readFromStream(s) at 159
07-10 13:40:23.654   530   530 W skia    : AGTM parsing failed flags.readFromStream(s) at 159
07-10 13:40:23.670   530   530 W skia    : AGTM parsing failed flags.readFromStream(s) at 159
07-10 13:40:23.688   530   530 W skia    : AGTM parsing failed flags.readFromStream(s) at 159
07-10 13:40:23.695   530   579 W skia    : AGTM parsing failed flags.readFromStream(s) at 159
07-10 13:40:23.704   530   530 W skia    : AGTM parsing failed flags.readFromStream(s) at 159
07-10 13:40:23.721   530   530 W skia    : AGTM parsing failed flags.readFromStream(s) at 159
07-10 13:40:23.737   530   530 W skia    : AGTM parsing failed flags.readFromStream(s) at 159
07-10 13:40:23.754   530   530 W skia    : AGTM parsing failed flags.readFromStream(s) at 159
07-10 13:40:23.771   530   530 W skia    : AGTM parsing failed flags.readFromStream(s) at 159
07-10 13:40:23.787   530   530 W skia    : AGTM parsing failed flags.readFromStream(s) at 159
07-10 13:40:23.795   530   579 W skia    : AGTM parsing failed flags.readFromStream(s) at 159
07-10 13:40:23.803   530   530 W skia    : AGTM parsing failed flags.readFromStream(s) at 159
07-10 13:40:23.821   530   530 W skia    : AGTM parsing failed flags.readFromStream(s) at 159
07-10 13:40:23.838   530   530 W skia    : AGTM parsing failed flags.readFromStream(s) at 159
07-10 13:40:23.854   530   530 W skia    : AGTM parsing failed flags.readFromStream(s) at 159
07-10 13:40:23.871   530   530 W skia    : AGTM parsing failed flags.readFromStream(s) at 159
07-10 13:40:23.886   530   530 W skia    : AGTM parsing failed flags.readFromStream(s) at 159
07-10 13:40:23.896   530   579 W skia    : AGTM parsing failed flags.readFromStream(s) at 159
07-10 13:40:23.903   530   530 W skia    : AGTM parsing failed flags.readFromStream(s) at 159
07-10 13:40:23.920   530   530 W skia    : AGTM parsing failed flags.readFromStream(s) at 159
07-10 13:40:23.937   530   530 W skia    : AGTM parsing failed flags.readFromStream(s) at 159
07-10 13:40:23.954   530   530 W skia    : AGTM parsing failed flags.readFromStream(s) at 159
07-10 13:40:23.970   530   530 W skia    : AGTM parsing failed flags.readFromStream(s) at 159
07-10 13:40:23.987   530   530 W skia    : AGTM parsing failed flags.readFromStream(s) at 159
07-10 13:40:23.997   530   579 W skia    : AGTM parsing failed flags.readFromStream(s) at 159
07-10 13:40:24.004   530   530 W skia    : AGTM parsing failed flags.readFromStream(s) at 159
07-10 13:40:24.020   530   530 W skia    : AGTM parsing failed flags.readFromStream(s) at 159
07-10 13:40:24.038   530   530 W skia    : AGTM parsing failed flags.readFromStream(s) at 159
07-10 13:40:24.054   530   530 W skia    : AGTM parsing failed flags.readFromStream(s) at 159
07-10 13:40:24.070   530   530 W skia    : AGTM parsing failed flags.readFromStream(s) at 159
07-10 13:40:24.087   530   530 W skia    : AGTM parsing failed flags.readFromStream(s) at 159
07-10 13:40:24.098   530   579 W skia    : AGTM parsing failed flags.readFromStream(s) at 159
07-10 13:40:24.103   530   530 W skia    : AGTM parsing failed flags.readFromStream(s) at 159
07-10 13:40:24.122   530   530 W skia    : AGTM parsing failed flags.readFromStream(s) at 159
07-10 13:40:24.136   530   530 W skia    : AGTM parsing failed flags.readFromStream(s) at 159
07-10 13:40:24.154   530   530 W skia    : AGTM parsing failed flags.readFromStream(s) at 159
07-10 13:40:24.170   530   530 W skia    : AGTM parsing failed flags.readFromStream(s) at 159
07-10 13:40:24.187   530   530 W skia    : AGTM parsing failed flags.readFromStream(s) at 159
07-10 13:40:24.199   530   579 W skia    : AGTM parsing failed flags.readFromStream(s) at 159
07-10 13:40:24.204   530   530 W skia    : AGTM parsing failed flags.readFromStream(s) at 159
07-10 13:40:24.220   530   530 W skia    : AGTM parsing failed flags.readFromStream(s) at 159
07-10 13:40:24.237   530   530 W skia    : AGTM parsing failed flags.readFromStream(s) at 159
07-10 13:40:24.254   530   530 W skia    : AGTM parsing failed flags.readFromStream(s) at 159
07-10 13:40:24.270   530   530 W skia    : AGTM parsing failed flags.readFromStream(s) at 159
07-10 13:40:24.287   530   530 W skia    : AGTM parsing failed flags.readFromStream(s) at 159
07-10 13:40:24.303   530   530 W skia    : AGTM parsing failed flags.readFromStream(s) at 159
07-10 13:40:24.309   530   579 W skia    : AGTM parsing failed flags.readFromStream(s) at 159
07-10 13:40:24.320   530   530 W skia    : AGTM parsing failed flags.readFromStream(s) at 159
07-10 13:40:24.336   530   530 W skia    : AGTM parsing failed flags.readFromStream(s) at 159
07-10 13:40:24.354   530   530 W skia    : AGTM parsing failed flags.readFromStream(s) at 159
07-10 13:40:24.371   530   530 W skia    : AGTM parsing failed flags.readFromStream(s) at 159
07-10 13:40:24.387   530   530 W skia    : AGTM parsing failed flags.readFromStream(s) at 159
07-10 13:40:24.403   530   530 W skia    : AGTM parsing failed flags.readFromStream(s) at 159
07-10 13:40:24.411   530   579 W skia    : AGTM parsing failed flags.readFromStream(s) at 159
07-10 13:40:24.420   530   530 W skia    : AGTM parsing failed flags.readFromStream(s) at 159
07-10 13:40:24.436   530   530 W skia    : AGTM parsing failed flags.readFromStream(s) at 159
07-10 13:40:24.454   530   530 W skia    : AGTM parsing failed flags.readFromStream(s) at 159
07-10 13:40:24.470   530   530 W skia    : AGTM parsing failed flags.readFromStream(s) at 159
07-10 13:40:24.487   530   530 W skia    : AGTM parsing failed flags.readFromStream(s) at 159
07-10 13:40:24.503   530   530 W skia    : AGTM parsing failed flags.readFromStream(s) at 159
07-10 13:40:24.512   530   579 W skia    : AGTM parsing failed flags.readFromStream(s) at 159
07-10 13:40:24.520   530   530 W skia    : AGTM parsing failed flags.readFromStream(s) at 159
07-10 13:40:24.537   530   530 W skia    : AGTM parsing failed flags.readFromStream(s) at 159
07-10 13:40:24.553   530   530 W skia    : AGTM parsing failed flags.readFromStream(s) at 159
07-10 13:40:24.571   530   530 W skia    : AGTM parsing failed flags.readFromStream(s) at 159
07-10 13:40:24.586   530   530 W skia    : AGTM parsing failed flags.readFromStream(s) at 159
07-10 13:40:24.604   530   530 W skia    : AGTM parsing failed flags.readFromStream(s) at 159
07-10 13:40:24.614   530   579 W skia    : AGTM parsing failed flags.readFromStream(s) at 159
07-10 13:40:24.620   530   530 W skia    : AGTM parsing failed flags.readFromStream(s) at 159
07-10 13:40:24.638   530   530 W skia    : AGTM parsing failed flags.readFromStream(s) at 159
07-10 13:40:24.654   530   530 W skia    : AGTM parsing failed flags.readFromStream(s) at 159
07-10 13:40:24.671   530   530 W skia    : AGTM parsing failed flags.readFromStream(s) at 159
07-10 13:40:24.687   530   530 W skia    : AGTM parsing failed flags.readFromStream(s) at 159
07-10 13:40:24.704   530   530 W skia    : AGTM parsing failed flags.readFromStream(s) at 159
07-10 13:40:24.716   530   579 W skia    : AGTM parsing failed flags.readFromStream(s) at 159
07-10 13:40:24.720   530   530 W skia    : AGTM parsing failed flags.readFromStream(s) at 159
07-10 13:40:24.737   530   530 W skia    : AGTM parsing failed flags.readFromStream(s) at 159
07-10 13:40:24.753   530   530 W skia    : AGTM parsing failed flags.readFromStream(s) at 159
07-10 13:40:24.771   530   530 W skia    : AGTM parsing failed flags.readFromStream(s) at 159
07-10 13:40:24.787   530   530 W skia    : AGTM parsing failed flags.readFromStream(s) at 159
07-10 13:40:24.804   530   530 W skia    : AGTM parsing failed flags.readFromStream(s) at 159
07-10 13:40:24.816   530   579 W skia    : AGTM parsing failed flags.readFromStream(s) at 159
07-10 13:40:24.820   530   530 W skia    : AGTM parsing failed flags.readFromStream(s) at 159
07-10 13:40:24.837   530   530 W skia    : AGTM parsing failed flags.readFromStream(s) at 159
07-10 13:40:24.855   530   530 W skia    : AGTM parsing failed flags.readFromStream(s) at 159
07-10 13:40:24.870   530   530 W skia    : AGTM parsing failed flags.readFromStream(s) at 159
07-10 13:40:24.887   530   530 W skia    : AGTM parsing failed flags.readFromStream(s) at 159
07-10 13:40:24.904   530   530 W skia    : AGTM parsing failed flags.readFromStream(s) at 159
07-10 13:40:24.920   530   530 W skia    : AGTM parsing failed flags.readFromStream(s) at 159
07-10 13:40:24.925   530   579 W skia    : AGTM parsing failed flags.readFromStream(s) at 159
07-10 13:40:24.938   530   530 W skia    : AGTM parsing failed flags.readFromStream(s) at 159
07-10 13:40:24.954   530   530 W skia    : AGTM parsing failed flags.readFromStream(s) at 159
07-10 13:40:24.971   530   530 W skia    : AGTM parsing failed flags.readFromStream(s) at 159
07-10 13:40:24.987   530   530 W skia    : AGTM parsing failed flags.readFromStream(s) at 159
07-10 13:40:25.004   530   530 W skia    : AGTM parsing failed flags.readFromStream(s) at 159
07-10 13:40:25.021   530   530 W skia    : AGTM parsing failed flags.readFromStream(s) at 159
07-10 13:40:25.028   530   579 W skia    : AGTM parsing failed flags.readFromStream(s) at 159
07-10 13:40:25.038   530   530 W skia    : AGTM parsing failed flags.readFromStream(s) at 159
07-10 13:40:25.054   530   530 W skia    : AGTM parsing failed flags.readFromStream(s) at 159
07-10 13:40:25.070   530   530 W skia    : AGTM parsing failed flags.readFromStream(s) at 159
07-10 13:40:25.088   530   530 W skia    : AGTM parsing failed flags.readFromStream(s) at 159
07-10 13:40:25.104   530   530 W skia    : AGTM parsing failed flags.readFromStream(s) at 159
07-10 13:40:25.120   530   530 W skia    : AGTM parsing failed flags.readFromStream(s) at 159
07-10 13:40:25.130   530   579 W skia    : AGTM parsing failed flags.readFromStream(s) at 159
07-10 13:40:25.137   530   530 W skia    : AGTM parsing failed flags.readFromStream(s) at 159
07-10 13:40:25.154   530   530 W skia    : AGTM parsing failed flags.readFromStream(s) at 159
07-10 13:40:25.171   530   530 W skia    : AGTM parsing failed flags.readFromStream(s) at 159
07-10 13:40:25.186   530   530 W skia    : AGTM parsing failed flags.readFromStream(s) at 159
07-10 13:40:25.203   530   530 W skia    : AGTM parsing failed flags.readFromStream(s) at 159
07-10 13:40:25.220   530   530 W skia    : AGTM parsing failed flags.readFromStream(s) at 159
07-10 13:40:25.231   530   579 W skia    : AGTM parsing failed flags.readFromStream(s) at 159
07-10 13:40:25.237   530   530 W skia    : AGTM parsing failed flags.readFromStream(s) at 159
07-10 13:40:25.254   530   530 W skia    : AGTM parsing failed flags.readFromStream(s) at 159
07-10 13:40:25.271   530   530 W skia    : AGTM parsing failed flags.readFromStream(s) at 159
07-10 13:40:25.288   530   530 W skia    : AGTM parsing failed flags.readFromStream(s) at 159
07-10 13:40:25.304   530   530 W skia    : AGTM parsing failed flags.readFromStream(s) at 159
07-10 13:40:25.320   530   530 W skia    : AGTM parsing failed flags.readFromStream(s) at 159
07-10 13:40:25.332   530   579 W skia    : AGTM parsing failed flags.readFromStream(s) at 159
07-10 13:40:25.337   530   530 W skia    : AGTM parsing failed flags.readFromStream(s) at 159
07-10 13:40:25.354   530   530 W skia    : AGTM parsing failed flags.readFromStream(s) at 159
07-10 13:40:25.370   530   530 W skia    : AGTM parsing failed flags.readFromStream(s) at 159
07-10 13:40:25.387   530   530 W skia    : AGTM parsing failed flags.readFromStream(s) at 159
07-10 13:40:25.404   530   530 W skia    : AGTM parsing failed flags.readFromStream(s) at 159
07-10 13:40:25.420   530   530 W skia    : AGTM parsing failed flags.readFromStream(s) at 159
07-10 13:40:25.437   530   530 W skia    : AGTM parsing failed flags.readFromStream(s) at 159
07-10 13:40:25.442   530   579 W skia    : AGTM parsing failed flags.readFromStream(s) at 159
07-10 13:40:25.454   530   530 W skia    : AGTM parsing failed flags.readFromStream(s) at 159
07-10 13:40:25.471   530   530 W skia    : AGTM parsing failed flags.readFromStream(s) at 159
07-10 13:40:25.487   530   530 W skia    : AGTM parsing failed flags.readFromStream(s) at 159
07-10 13:40:25.504   530   530 W skia    : AGTM parsing failed flags.readFromStream(s) at 159
07-10 13:40:25.520   530   530 W skia    : AGTM parsing failed flags.readFromStream(s) at 159
07-10 13:40:25.538   530   530 W skia    : AGTM parsing failed flags.readFromStream(s) at 159
07-10 13:40:25.544   530   579 W skia    : AGTM parsing failed flags.readFromStream(s) at 159
07-10 13:40:25.547   669  1034 E WifiDataStall: Ignore this poll. newStats: null txLinkSpeedMbps: 2 rxLinkSpeedMbps: 2 rssi: -50 connectionCapabilities: com.android.server.wifi.WifiNative$ConnectionCapabilities@8d12315
--------- beginning of system
07-10 13:40:25.547   669  1063 I AdbWifiNetworkMonitor: Wi-Fi network available
07-10 13:40:25.547   669  1063 I AdbWifiNetworkMonitor: Received the same Wi-Fi SSID. Ignoring.
07-10 13:40:25.551   669  1040 W libbinder.IPCThreadState: Sending oneway calls to frozen process.
07-10 13:40:25.551   669  1040 W libbinder.IPCThreadState: Sending oneway calls to frozen process.
07-10 13:40:25.553  1228  1411 D IpClient/wlan0: interfaceLinkStateChanged: ifindex 16 up
07-10 13:40:25.554   530   530 W skia    : AGTM parsing failed flags.readFromStream(s) at 159
07-10 13:40:25.559  1228  1411 D IpClient/wlan0: interfaceLinkStateChanged: ifindex 16 up
07-10 13:40:25.564  1520  2649 I NullBinder: NullBinder for android.net.action.RECOMMEND_NETWORKS triggering remote TransactionTooLargeException due to Service without Chimera impl, calling uid: 1000, calling pid: 0
07-10 13:40:25.564  1520  2649 W libbinder.Binder: Large reply transaction of 1056768 bytes, interface descriptor , function: UNKNOWN_FUNCTION_NAME, code: 1, flags: 17
07-10 13:40:25.571   530   530 W skia    : AGTM parsing failed flags.readFromStream(s) at 159
07-10 13:40:25.587   530   530 W skia    : AGTM parsing failed flags.readFromStream(s) at 159
07-10 13:40:25.603   530   530 W skia    : AGTM parsing failed flags.readFromStream(s) at 159
07-10 13:40:25.620   530   530 W skia    : AGTM parsing failed flags.readFromStream(s) at 159
07-10 13:40:25.638   530   530 W skia    : AGTM parsing failed flags.readFromStream(s) at 159
07-10 13:40:25.639  1134  1153 I ndroid.systemui: Background young concurrent mark compact GC freed 19MB AllocSpace bytes, 1(32KB) LOS objects, 38% free, 31MB/50MB, paused 1.069ms,47.787ms total 88.995ms
07-10 13:40:25.644   530   579 W skia    : AGTM parsing failed flags.readFromStream(s) at 159
07-10 13:40:25.654   530   530 W skia    : AGTM parsing failed flags.readFromStream(s) at 159
07-10 13:40:25.654   530   530 W skia    : AGTM parsing failed flags.readFromStream(s) at 159
07-10 13:40:25.654   530   530 W skia    : AGTM parsing failed flags.readFromStream(s) at 159
07-10 13:40:25.654   530   530 W skia    : AGTM parsing failed flags.readFromStream(s) at 159
07-10 13:40:25.654   530   530 W skia    : AGTM parsing failed flags.readFromStream(s) at 159
07-10 13:40:25.654   530   530 W skia    : AGTM parsing failed flags.readFromStream(s) at 159
07-10 13:40:25.654  1134  1156 W System  : A resource failed to call release. 
07-10 13:40:25.654  1134  1156 W System  : A resource failed to call release. 
07-10 13:40:25.655  1134  1156 W System  : A resource failed to call release. 
07-10 13:40:25.655  1134  1156 W System  : A resource failed to call release. 
07-10 13:40:25.669   530   530 W skia    : AGTM parsing failed flags.readFromStream(s) at 159
07-10 13:40:25.687   530   530 W skia    : AGTM parsing failed flags.readFromStream(s) at 159
07-10 13:40:25.703   530   530 W skia    : AGTM parsing failed flags.readFromStream(s) at 159
07-10 13:40:25.720   530   530 W skia    : AGTM parsing failed flags.readFromStream(s) at 159
07-10 13:40:25.737   530   530 W skia    : AGTM parsing failed flags.readFromStream(s) at 159
07-10 13:40:25.745   530   579 W skia    : AGTM parsing failed flags.readFromStream(s) at 159
07-10 13:40:25.754   530   530 W skia    : AGTM parsing failed flags.readFromStream(s) at 159
07-10 13:40:25.770   530   530 W skia    : AGTM parsing failed flags.readFromStream(s) at 159
07-10 13:40:25.787   530   530 W skia    : AGTM parsing failed flags.readFromStream(s) at 159
07-10 13:40:25.804   530   530 W skia    : AGTM parsing failed flags.readFromStream(s) at 159
07-10 13:40:25.820   530   530 W skia    : AGTM parsing failed flags.readFromStream(s) at 159
07-10 13:40:25.837   530   530 W skia    : AGTM parsing failed flags.readFromStream(s) at 159
07-10 13:40:25.846   530   579 W skia    : AGTM parsing failed flags.readFromStream(s) at 159
07-10 13:40:25.854   530   530 W skia    : AGTM parsing failed flags.readFromStream(s) at 159
07-10 13:40:25.870   530   530 W skia    : AGTM parsing failed flags.readFromStream(s) at 159
07-10 13:40:25.887   530   530 W skia    : AGTM parsing failed flags.readFromStream(s) at 159
07-10 13:40:25.904   530   530 W skia    : AGTM parsing failed flags.readFromStream(s) at 159
07-10 13:40:25.921   530   530 W skia    : AGTM parsing failed flags.readFromStream(s) at 159
07-10 13:40:25.936   530   530 W skia    : AGTM parsing failed flags.readFromStream(s) at 159
07-10 13:40:25.947   530   579 W skia    : AGTM parsing failed flags.readFromStream(s) at 159
07-10 13:40:25.954   530   530 W skia    : AGTM parsing failed flags.readFromStream(s) at 159
07-10 13:40:25.970   530   530 W skia    : AGTM parsing failed flags.readFromStream(s) at 159
07-10 13:40:25.987   530   530 W skia    : AGTM parsing failed flags.readFromStream(s) at 159
07-10 13:40:26.003   530   530 W skia    : AGTM parsing failed flags.readFromStream(s) at 159
07-10 13:40:26.020   530   530 W skia    : AGTM parsing failed flags.readFromStream(s) at 159
07-10 13:40:26.036   530   530 W skia    : AGTM parsing failed flags.readFromStream(s) at 159
07-10 13:40:26.048   530   579 W skia    : AGTM parsing failed flags.readFromStream(s) at 159
07-10 13:40:26.054   530   530 W skia    : AGTM parsing failed flags.readFromStream(s) at 159
07-10 13:40:26.071   530   530 W skia    : AGTM parsing failed flags.readFromStream(s) at 159
07-10 13:40:26.087   530   530 W skia    : AGTM parsing failed flags.readFromStream(s) at 159
07-10 13:40:26.103   530   530 W skia    : AGTM parsing failed flags.readFromStream(s) at 159
07-10 13:40:26.120   530   530 W skia    : AGTM parsing failed flags.readFromStream(s) at 159
07-10 13:40:26.137   530   530 W skia    : AGTM parsing failed flags.readFromStream(s) at 159
07-10 13:40:26.150   530   579 W skia    : AGTM parsing failed flags.readFromStream(s) at 159
07-10 13:40:26.153   530   530 W skia    : AGTM parsing failed flags.readFromStream(s) at 159
07-10 13:40:26.170   530   530 W skia    : AGTM parsing failed flags.readFromStream(s) at 159
07-10 13:40:26.187   530   530 W skia    : AGTM parsing failed flags.readFromStream(s) at 159
07-10 13:40:26.204   530   530 W skia    : AGTM parsing failed flags.readFromStream(s) at 159
07-10 13:40:26.220   530   530 W skia    : AGTM parsing failed flags.readFromStream(s) at 159
07-10 13:40:26.237   530   530 W skia    : AGTM parsing failed flags.readFromStream(s) at 159
07-10 13:40:26.254   530   530 W skia    : AGTM parsing failed flags.readFromStream(s) at 159
07-10 13:40:26.259   530   579 W skia    : AGTM parsing failed flags.readFromStream(s) at 159
07-10 13:40:26.270   530   530 W skia    : AGTM parsing failed flags.readFromStream(s) at 159
07-10 13:40:26.288   530   530 W skia    : AGTM parsing failed flags.readFromStream(s) at 159
07-10 13:40:26.303   530   530 W skia    : AGTM parsing failed flags.readFromStream(s) at 159
07-10 13:40:26.321   530   530 W skia    : AGTM parsing failed flags.readFromStream(s) at 159
07-10 13:40:26.337   530   530 W skia    : AGTM parsing failed flags.readFromStream(s) at 159
07-10 13:40:26.354   530   530 W skia    : AGTM parsing failed flags.readFromStream(s) at 159
07-10 13:40:26.360   530   579 W skia    : AGTM parsing failed flags.readFromStream(s) at 159
07-10 13:40:26.370   530   530 W skia    : AGTM parsing failed flags.readFromStream(s) at 159
07-10 13:40:26.386   530   530 W skia    : AGTM parsing failed flags.readFromStream(s) at 159
07-10 13:40:26.404   530   530 W skia    : AGTM parsing failed flags.readFromStream(s) at 159
07-10 13:40:26.420   530   530 W skia    : AGTM parsing failed flags.readFromStream(s) at 159
07-10 13:40:26.437   530   530 W skia    : AGTM parsing failed flags.readFromStream(s) at 159
07-10 13:40:26.454   530   530 W skia    : AGTM parsing failed flags.readFromStream(s) at 159
07-10 13:40:26.462   530   579 W skia    : AGTM parsing failed flags.readFromStream(s) at 159
07-10 13:40:26.470   530   530 W skia    : AGTM parsing failed flags.readFromStream(s) at 159
07-10 13:40:26.486   530   530 W skia    : AGTM parsing failed flags.readFromStream(s) at 159
07-10 13:40:26.503   530   530 W skia    : AGTM parsing failed flags.readFromStream(s) at 159
07-10 13:40:26.521   530   530 W skia    : AGTM parsing failed flags.readFromStream(s) at 159
07-10 13:40:26.536   530   530 W skia    : AGTM parsing failed flags.readFromStream(s) at 159
07-10 13:40:26.553   530   530 W skia    : AGTM parsing failed flags.readFromStream(s) at 159
07-10 13:40:26.564   530   579 W skia    : AGTM parsing failed flags.readFromStream(s) at 159
07-10 13:40:26.570   530   530 W skia    : AGTM parsing failed flags.readFromStream(s) at 159
07-10 13:40:26.588   530   530 W skia    : AGTM parsing failed flags.readFromStream(s) at 159
07-10 13:40:26.604   530   530 W skia    : AGTM parsing failed flags.readFromStream(s) at 159
07-10 13:40:26.620   530   530 W skia    : AGTM parsing failed flags.readFromStream(s) at 159
07-10 13:40:26.636   530   530 W skia    : AGTM parsing failed flags.readFromStream(s) at 159
07-10 13:40:26.654   530   530 W skia    : AGTM parsing failed flags.readFromStream(s) at 159
07-10 13:40:26.665   530   579 W skia    : AGTM parsing failed flags.readFromStream(s) at 159
07-10 13:40:26.671   530   530 W skia    : AGTM parsing failed flags.readFromStream(s) at 159
07-10 13:40:26.688   530   530 W skia    : AGTM parsing failed flags.readFromStream(s) at 159
07-10 13:40:26.704   530   530 W skia    : AGTM parsing failed flags.readFromStream(s) at 159
07-10 13:40:26.720   530   530 W skia    : AGTM parsing failed flags.readFromStream(s) at 159
07-10 13:40:26.737   530   530 W skia    : AGTM parsing failed flags.readFromStream(s) at 159
07-10 13:40:26.754   530   530 W skia    : AGTM parsing failed flags.readFromStream(s) at 159
07-10 13:40:26.771   530   530 W skia    : AGTM parsing failed flags.readFromStream(s) at 159
07-10 13:40:26.775   530   579 W skia    : AGTM parsing failed flags.readFromStream(s) at 159
07-10 13:40:26.786   530   530 W skia    : AGTM parsing failed flags.readFromStream(s) at 159
07-10 13:40:26.803   530   530 W skia    : AGTM parsing failed flags.readFromStream(s) at 159
07-10 13:40:26.820   530   530 W skia    : AGTM parsing failed flags.readFromStream(s) at 159
07-10 13:40:26.838   530   530 W skia    : AGTM parsing failed flags.readFromStream(s) at 159
07-10 13:40:26.853   530   530 W skia    : AGTM parsing failed flags.readFromStream(s) at 159
07-10 13:40:26.871   530   530 W skia    : AGTM parsing failed flags.readFromStream(s) at 159
07-10 13:40:26.878   530   579 W skia    : AGTM parsing failed flags.readFromStream(s) at 159
07-10 13:40:26.887   530   530 W skia    : AGTM parsing failed flags.readFromStream(s) at 159
07-10 13:40:26.904   530   530 W skia    : AGTM parsing failed flags.readFromStream(s) at 159
07-10 13:40:26.920   530   530 W skia    : AGTM parsing failed flags.readFromStream(s) at 159
07-10 13:40:26.937   530   530 W skia    : AGTM parsing failed flags.readFromStream(s) at 159
07-10 13:40:26.954   530   530 W skia    : AGTM parsing failed flags.readFromStream(s) at 159
07-10 13:40:26.970   530   530 W skia    : AGTM parsing failed flags.readFromStream(s) at 159
07-10 13:40:26.979   530   579 W skia    : AGTM parsing failed flags.readFromStream(s) at 159
07-10 13:40:26.987   530   530 W skia    : AGTM parsing failed flags.readFromStream(s) at 159
07-10 13:40:27.004   530   530 W skia    : AGTM parsing failed flags.readFromStream(s) at 159
07-10 13:40:27.022   530   530 W skia    : AGTM parsing failed flags.readFromStream(s) at 159
07-10 13:40:27.036   530   530 W skia    : AGTM parsing failed flags.readFromStream(s) at 159
07-10 13:40:27.054   530   530 W skia    : AGTM parsing failed flags.readFromStream(s) at 159
07-10 13:40:27.071   530   530 W skia    : AGTM parsing failed flags.readFromStream(s) at 159
07-10 13:40:27.080   530   579 W skia    : AGTM parsing failed flags.readFromStream(s) at 159
07-10 13:40:27.087   530   530 W skia    : AGTM parsing failed flags.readFromStream(s) at 159
07-10 13:40:27.104   530   530 W skia    : AGTM parsing failed flags.readFromStream(s) at 159
07-10 13:40:27.119   530   530 W skia    : AGTM parsing failed flags.readFromStream(s) at 159
07-10 13:40:27.136   530   530 W skia    : AGTM parsing failed flags.readFromStream(s) at 159
07-10 13:40:27.153   530   530 W skia    : AGTM parsing failed flags.readFromStream(s) at 159
07-10 13:40:27.170   530   530 W skia    : AGTM parsing failed flags.readFromStream(s) at 159
07-10 13:40:27.182   530   579 W skia    : AGTM parsing failed flags.readFromStream(s) at 159
07-10 13:40:27.187   530   530 W skia    : AGTM parsing failed flags.readFromStream(s) at 159
07-10 13:40:27.203   530   530 W skia    : AGTM parsing failed flags.readFromStream(s) at 159
07-10 13:40:27.220   530   530 W skia    : AGTM parsing failed flags.readFromStream(s) at 159
07-10 13:40:27.238   530   530 W skia    : AGTM parsing failed flags.readFromStream(s) at 159
07-10 13:40:27.253   530   530 W skia    : AGTM parsing failed flags.readFromStream(s) at 159
07-10 13:40:27.271   530   530 W skia    : AGTM parsing failed flags.readFromStream(s) at 159
07-10 13:40:27.288   530   530 W skia    : AGTM parsing failed flags.readFromStream(s) at 159
07-10 13:40:27.294   530   579 W skia    : AGTM parsing failed flags.readFromStream(s) at 159
07-10 13:40:27.304   530   530 W skia    : AGTM parsing failed flags.readFromStream(s) at 159
07-10 13:40:27.320   530   530 W skia    : AGTM parsing failed flags.readFromStream(s) at 159
07-10 13:40:27.338   530   530 W skia    : AGTM parsing failed flags.readFromStream(s) at 159
07-10 13:40:27.354   530   530 W skia    : AGTM parsing failed flags.readFromStream(s) at 159
07-10 13:40:27.370   530   530 W skia    : AGTM parsing failed flags.readFromStream(s) at 159
07-10 13:40:27.387   530   530 W skia    : AGTM parsing failed flags.readFromStream(s) at 159
07-10 13:40:27.394   530   579 W skia    : AGTM parsing failed flags.readFromStream(s) at 159
07-10 13:40:27.404   530   530 W skia    : AGTM parsing failed flags.readFromStream(s) at 159
07-10 13:40:27.421   530   530 W skia    : AGTM parsing failed flags.readFromStream(s) at 159
07-10 13:40:27.437   530   530 W skia    : AGTM parsing failed flags.readFromStream(s) at 159
07-10 13:40:27.453   530   530 W skia    : AGTM parsing failed flags.readFromStream(s) at 159
07-10 13:40:27.470   530   530 W skia    : AGTM parsing failed flags.readFromStream(s) at 159
07-10 13:40:27.487   530   530 W skia    : AGTM parsing failed flags.readFromStream(s) at 159
07-10 13:40:27.495   530   579 W skia    : AGTM parsing failed flags.readFromStream(s) at 159
07-10 13:40:27.504   530   530 W skia    : AGTM parsing failed flags.readFromStream(s) at 159
07-10 13:40:27.520   530   530 W skia    : AGTM parsing failed flags.readFromStream(s) at 159
07-10 13:40:27.537   530   530 W skia    : AGTM parsing failed flags.readFromStream(s) at 159
07-10 13:40:27.553   530   530 W skia    : AGTM parsing failed flags.readFromStream(s) at 159
07-10 13:40:27.570   530   530 W skia    : AGTM parsing failed flags.readFromStream(s) at 159
07-10 13:40:27.587   530   530 W skia    : AGTM parsing failed flags.readFromStream(s) at 159
07-10 13:40:27.596   530   579 W skia    : AGTM parsing failed flags.readFromStream(s) at 159
07-10 13:40:27.604   530   530 W skia    : AGTM parsing failed flags.readFromStream(s) at 159
07-10 13:40:27.620   530   530 W skia    : AGTM parsing failed flags.readFromStream(s) at 159
07-10 13:40:27.637   530   530 W skia    : AGTM parsing failed flags.readFromStream(s) at 159
07-10 13:40:27.654   530   530 W skia    : AGTM parsing failed flags.readFromStream(s) at 159
07-10 13:40:27.670   530   530 W skia    : AGTM parsing failed flags.readFromStream(s) at 159
07-10 13:40:27.687   530   530 W skia    : AGTM parsing failed flags.readFromStream(s) at 159
07-10 13:40:27.698   530   579 W skia    : AGTM parsing failed flags.readFromStream(s) at 159
07-10 13:40:27.703   530   530 W skia    : AGTM parsing failed flags.readFromStream(s) at 159
07-10 13:40:27.720   530   530 W skia    : AGTM parsing failed flags.readFromStream(s) at 159
07-10 13:40:27.737   530   530 W skia    : AGTM parsing failed flags.readFromStream(s) at 159
07-10 13:40:27.754   530   530 W skia    : AGTM parsing failed flags.readFromStream(s) at 159
07-10 13:40:27.772   530   530 W skia    : AGTM parsing failed flags.readFromStream(s) at 159
07-10 13:40:27.786   530   530 W skia    : AGTM parsing failed flags.readFromStream(s) at 159
07-10 13:40:27.799   530   579 W skia    : AGTM parsing failed flags.readFromStream(s) at 159
07-10 13:40:27.804   530   530 W skia    : AGTM parsing failed flags.readFromStream(s) at 159
07-10 13:40:27.820   530   530 W skia    : AGTM parsing failed flags.readFromStream(s) at 159
07-10 13:40:27.837   530   530 W skia    : AGTM parsing failed flags.readFromStream(s) at 159
07-10 13:40:27.854   530   530 W skia    : AGTM parsing failed flags.readFromStream(s) at 159
07-10 13:40:27.870   530   530 W skia    : AGTM parsing failed flags.readFromStream(s) at 159
07-10 13:40:27.887   530   530 W skia    : AGTM parsing failed flags.readFromStream(s) at 159
07-10 13:40:27.900   530   579 W skia    : AGTM parsing failed flags.readFromStream(s) at 159
07-10 13:40:27.903   530   530 W skia    : AGTM parsing failed flags.readFromStream(s) at 159
07-10 13:40:27.920   530   530 W skia    : AGTM parsing failed flags.readFromStream(s) at 159
07-10 13:40:27.937   530   530 W skia    : AGTM parsing failed flags.readFromStream(s) at 159
07-10 13:40:27.954   530   530 W skia    : AGTM parsing failed flags.readFromStream(s) at 159
07-10 13:40:27.970   530   530 W skia    : AGTM parsing failed flags.readFromStream(s) at 159
07-10 13:40:27.986   530   530 W skia    : AGTM parsing failed flags.readFromStream(s) at 159
07-10 13:40:28.003   530   530 W skia    : AGTM parsing failed flags.readFromStream(s) at 159
07-10 13:40:28.008   530   579 W skia    : AGTM parsing failed flags.readFromStream(s) at 159
07-10 13:40:28.020   530   530 W skia    : AGTM parsing failed flags.readFromStream(s) at 159
07-10 13:40:28.037   530   530 W skia    : AGTM parsing failed flags.readFromStream(s) at 159
07-10 13:40:28.054   530   530 W skia    : AGTM parsing failed flags.readFromStream(s) at 159
07-10 13:40:28.070   530   530 W skia    : AGTM parsing failed flags.readFromStream(s) at 159
07-10 13:40:28.087   530   530 W skia    : AGTM parsing failed flags.readFromStream(s) at 159
07-10 13:40:28.103   530   530 W skia    : AGTM parsing failed flags.readFromStream(s) at 159
07-10 13:40:28.108   530   579 W skia    : AGTM parsing failed flags.readFromStream(s) at 159
07-10 13:40:28.120   530   530 W skia    : AGTM parsing failed flags.readFromStream(s) at 159
07-10 13:40:28.137   530   530 W skia    : AGTM parsing failed flags.readFromStream(s) at 159
07-10 13:40:28.154   530   530 W skia    : AGTM parsing failed flags.readFromStream(s) at 159
07-10 13:40:28.170   530   530 W skia    : AGTM parsing failed flags.readFromStream(s) at 159
07-10 13:40:28.186   530   530 W skia    : AGTM parsing failed flags.readFromStream(s) at 159
07-10 13:40:28.204   530   530 W skia    : AGTM parsing failed flags.readFromStream(s) at 159
07-10 13:40:28.211   530   579 W skia    : AGTM parsing failed flags.readFromStream(s) at 159
07-10 13:40:28.220   530   530 W skia    : AGTM parsing failed flags.readFromStream(s) at 159
07-10 13:40:28.237   530   530 W skia    : AGTM parsing failed flags.readFromStream(s) at 159
07-10 13:40:28.254   530   530 W skia    : AGTM parsing failed flags.readFromStream(s) at 159
07-10 13:40:28.270   530   530 W skia    : AGTM parsing failed flags.readFromStream(s) at 159
07-10 13:40:28.287   530   530 W skia    : AGTM parsing failed flags.readFromStream(s) at 159
07-10 13:40:28.304   530   530 W skia    : AGTM parsing failed flags.readFromStream(s) at 159
07-10 13:40:28.312   530   579 W skia    : AGTM parsing failed flags.readFromStream(s) at 159
07-10 13:40:28.320   530   530 W skia    : AGTM parsing failed flags.readFromStream(s) at 159
07-10 13:40:28.337   530   530 W skia    : AGTM parsing failed flags.readFromStream(s) at 159
07-10 13:40:28.354   530   530 W skia    : AGTM parsing failed flags.readFromStream(s) at 159
07-10 13:40:28.370   530   530 W skia    : AGTM parsing failed flags.readFromStream(s) at 159
07-10 13:40:28.388   530   530 W skia    : AGTM parsing failed flags.readFromStream(s) at 159
07-10 13:40:28.404   530   530 W skia    : AGTM parsing failed flags.readFromStream(s) at 159
07-10 13:40:28.412   530   579 W skia    : AGTM parsing failed flags.readFromStream(s) at 159
07-10 13:40:28.420   530   530 W skia    : AGTM parsing failed flags.readFromStream(s) at 159
07-10 13:40:28.438   530   530 W skia    : AGTM parsing failed flags.readFromStream(s) at 159
07-10 13:40:28.454   530   530 W skia    : AGTM parsing failed flags.readFromStream(s) at 159
07-10 13:40:28.470   530   530 W skia    : AGTM parsing failed flags.readFromStream(s) at 159
07-10 13:40:28.487   530   530 W skia    : AGTM parsing failed flags.readFromStream(s) at 159
07-10 13:40:28.504   530   530 W skia    : AGTM parsing failed flags.readFromStream(s) at 159
07-10 13:40:28.514   530   579 W skia    : AGTM parsing failed flags.readFromStream(s) at 159
07-10 13:40:28.520   530   530 W skia    : AGTM parsing failed flags.readFromStream(s) at 159
07-10 13:40:28.536   530   530 W skia    : AGTM parsing failed flags.readFromStream(s) at 159
07-10 13:40:28.552   669  1034 E WifiDataStall: Ignore this poll. newStats: null txLinkSpeedMbps: 1 rxLinkSpeedMbps: 2 rssi: -50 connectionCapabilities: com.android.server.wifi.WifiNative$ConnectionCapabilities@8d12315
07-10 13:40:28.552   669  1063 I AdbWifiNetworkMonitor: Wi-Fi network available
07-10 13:40:28.552   669  1063 I AdbWifiNetworkMonitor: Received the same Wi-Fi SSID. Ignoring.
07-10 13:40:28.554   530   530 W skia    : AGTM parsing failed flags.readFromStream(s) at 159
07-10 13:40:28.556   669  1040 W libbinder.IPCThreadState: Sending oneway calls to frozen process.
07-10 13:40:28.556   669  1040 W libbinder.IPCThreadState: Sending oneway calls to frozen process.
07-10 13:40:28.567  1520  2649 I NullBinder: NullBinder for android.net.action.RECOMMEND_NETWORKS triggering remote TransactionTooLargeException due to Service without Chimera impl, calling uid: 1000, calling pid: 0
07-10 13:40:28.567  1520  2649 W libbinder.Binder: Large reply transaction of 1056768 bytes, interface descriptor , function: UNKNOWN_FUNCTION_NAME, code: 1, flags: 17
07-10 13:40:28.570   530   530 W skia    : AGTM parsing failed flags.readFromStream(s) at 159
07-10 13:40:28.587   530   530 W skia    : AGTM parsing failed flags.readFromStream(s) at 159
07-10 13:40:28.603   530   530 W skia    : AGTM parsing failed flags.readFromStream(s) at 159
07-10 13:40:28.616   530   579 W skia    : AGTM parsing failed flags.readFromStream(s) at 159
07-10 13:40:28.620   530   530 W skia    : AGTM parsing failed flags.readFromStream(s) at 159
07-10 13:40:28.636   530   530 W skia    : AGTM parsing failed flags.readFromStream(s) at 159
07-10 13:40:28.654   530   530 W skia    : AGTM parsing failed flags.readFromStream(s) at 159
07-10 13:40:28.670   530   530 W skia    : AGTM parsing failed flags.readFromStream(s) at 159
07-10 13:40:28.687   530   530 W skia    : AGTM parsing failed flags.readFromStream(s) at 159
07-10 13:40:28.703   530   530 W skia    : AGTM parsing failed flags.readFromStream(s) at 159
07-10 13:40:28.720   530   530 W skia    : AGTM parsing failed flags.readFromStream(s) at 159
07-10 13:40:28.724   530   579 W skia    : AGTM parsing failed flags.readFromStream(s) at 159
07-10 13:40:28.737   530   530 W skia    : AGTM parsing failed flags.readFromStream(s) at 159
07-10 13:40:28.754   530   530 W skia    : AGTM parsing failed flags.readFromStream(s) at 159
07-10 13:40:28.762  1802  1802 I adbd    : adbd service requested 'shell,v2,raw:dumpsys package com.google.android.gms'
07-10 13:40:28.770   530   530 W skia    : AGTM parsing failed flags.readFromStream(s) at 159
07-10 13:40:28.803   530   530 W skia    : AGTM parsing failed flags.readFromStream(s) at 159
07-10 13:40:28.821   530   530 W skia    : AGTM parsing failed flags.readFromStream(s) at 159
07-10 13:40:28.824   669   682 I system_server: Background young concurrent mark compact GC freed 22MB AllocSpace bytes, 5(160KB) LOS objects, 41% free, 31MB/55MB, paused 2.637ms,18.647ms total 34.628ms
07-10 13:40:28.826   530   579 W skia    : AGTM parsing failed flags.readFromStream(s) at 159
07-10 13:40:28.836   530   530 W skia    : AGTM parsing failed flags.readFromStream(s) at 159
07-10 13:40:28.853   530   530 W skia    : AGTM parsing failed flags.readFromStream(s) at 159
07-10 13:40:28.887   530   530 W skia    : AGTM parsing failed flags.readFromStream(s) at 159
07-10 13:40:28.903   530   530 W skia    : AGTM parsing failed flags.readFromStream(s) at 159
07-10 13:40:28.918   814   814 I artd    : GetBestInfo: odex in dalvik-cache (/data/dalvik-cache/x86_64/apex@com.google.android.gmssystem@priv-app@PrebuiltGmsCoreVic@CP31.260618.005@PrebuiltGmsCoreVic.apk@classes.dex) is kOatUpToDate with filter 'verify' executable 'false'
07-10 13:40:28.918   814   814 I artd    : GetBestInfo: odex in dalvik-cache (/data/dalvik-cache/x86_64/apex@com.google.android.gmssystem@priv-app@PrebuiltGmsCoreVic@CP31.260618.005@PrebuiltGmsCoreVic.apk@classes.dex) is kOatUpToDate with filter 'verify' executable 'false'
07-10 13:40:28.918   814   814 I artd    : GetBestInfo: /data/user_de/0/com.google.android.gms/app_chimera/m/00000001/CronetDynamite.apk has no usable artifacts
07-10 13:40:28.919   814   814 I artd    : GetBestInfo: /data/user_de/0/com.google.android.gms/app_chimera/m/00000002/DynamiteLoader.apk has no usable artifacts
07-10 13:40:28.919   814   814 I artd    : GetBestInfo: /data/user_de/0/com.google.android.gms/app_chimera/m/00000005/GoogleCertificates.apk has no usable artifacts
07-10 13:40:28.920   530   530 W skia    : AGTM parsing failed flags.readFromStream(s) at 159
07-10 13:40:28.926   530   579 W skia    : AGTM parsing failed flags.readFromStream(s) at 159
07-10 13:40:28.926   814   814 I artd    : GetBestInfo: /data/user_de/0/com.google.android.gms/app_chimera/m/00000007/MeasurementDynamite.apk has no usable artifacts
07-10 13:40:28.939   530   530 W skia    : AGTM parsing failed flags.readFromStream(s) at 159
07-10 13:40:28.954   530   530 W skia    : AGTM parsing failed flags.readFromStream(s) at 159
07-10 13:40:28.970   530   530 W skia    : AGTM parsing failed flags.readFromStream(s) at 159
07-10 13:40:28.986   530   530 W skia    : AGTM parsing failed flags.readFromStream(s) at 159
07-10 13:40:29.004   530   530 W skia    : AGTM parsing failed flags.readFromStream(s) at 159
07-10 13:40:29.020   530   530 W skia    : AGTM parsing failed flags.readFromStream(s) at 159
07-10 13:40:29.028   530   579 W skia    : AGTM parsing failed flags.readFromStream(s) at 159
07-10 13:40:29.037   530   530 W skia    : AGTM parsing failed flags.readFromStream(s) at 159
07-10 13:40:29.054   530   530 W skia    : AGTM parsing failed flags.readFromStream(s) at 159
07-10 13:40:29.070   530   530 W skia    : AGTM parsing failed flags.readFromStream(s) at 159
07-10 13:40:29.087   530   530 W skia    : AGTM parsing failed flags.readFromStream(s) at 159
07-10 13:40:29.104   530   530 W skia    : AGTM parsing failed flags.readFromStream(s) at 159
07-10 13:40:29.120   530   530 W skia    : AGTM parsing failed flags.readFromStream(s) at 159
07-10 13:40:29.129   530   579 W skia    : AGTM parsing failed flags.readFromStream(s) at 159
07-10 13:40:29.137   530   530 W skia    : AGTM parsing failed flags.readFromStream(s) at 159
07-10 13:40:29.153   530   530 W skia    : AGTM parsing failed flags.readFromStream(s) at 159
07-10 13:40:29.170   530   530 W skia    : AGTM parsing failed flags.readFromStream(s) at 159
07-10 13:40:29.187   530   530 W skia    : AGTM parsing failed flags.readFromStream(s) at 159
07-10 13:40:29.203   530   530 W skia    : AGTM parsing failed flags.readFromStream(s) at 159
07-10 13:40:29.220   530   530 W skia    : AGTM parsing failed flags.readFromStream(s) at 159
07-10 13:40:29.230   530   579 W skia    : AGTM parsing failed flags.readFromStream(s) at 159
07-10 13:40:29.237   530   530 W skia    : AGTM parsing failed flags.readFromStream(s) at 159
07-10 13:40:29.253   530   530 W skia    : AGTM parsing failed flags.readFromStream(s) at 159
07-10 13:40:29.270   530   530 W skia    : AGTM parsing failed flags.readFromStream(s) at 159
07-10 13:40:29.287   530   530 W skia    : AGTM parsing failed flags.readFromStream(s) at 159
07-10 13:40:29.304   530   530 W skia    : AGTM parsing failed flags.readFromStream(s) at 159
07-10 13:40:29.320   530   530 W skia    : AGTM parsing failed flags.readFromStream(s) at 159
07-10 13:40:29.331   530   579 W skia    : AGTM parsing failed flags.readFromStream(s) at 159
07-10 13:40:29.336   530   530 W skia    : AGTM parsing failed flags.readFromStream(s) at 159
07-10 13:40:29.354   530   530 W skia    : AGTM parsing failed flags.readFromStream(s) at 159
07-10 13:40:29.370   530   530 W skia    : AGTM parsing failed flags.readFromStream(s) at 159
07-10 13:40:29.387   530   530 W skia    : AGTM parsing failed flags.readFromStream(s) at 159
07-10 13:40:29.403   530   530 W skia    : AGTM parsing failed flags.readFromStream(s) at 159
07-10 13:40:29.420   530   530 W skia    : AGTM parsing failed flags.readFromStream(s) at 159
07-10 13:40:29.432   530   579 W skia    : AGTM parsing failed flags.readFromStream(s) at 159
07-10 13:40:29.436   530   530 W skia    : AGTM parsing failed flags.readFromStream(s) at 159
07-10 13:40:29.455   530   530 W skia    : AGTM parsing failed flags.readFromStream(s) at 159
07-10 13:40:29.470   530   530 W skia    : AGTM parsing failed flags.readFromStream(s) at 159
07-10 13:40:29.487   530   530 W skia    : AGTM parsing failed flags.readFromStream(s) at 159
07-10 13:40:29.503   530   530 W skia    : AGTM parsing failed flags.readFromStream(s) at 159
07-10 13:40:29.520   530   530 W skia    : AGTM parsing failed flags.readFromStream(s) at 159
07-10 13:40:29.533   530   579 W skia    : AGTM parsing failed flags.readFromStream(s) at 159
07-10 13:40:29.536   530   530 W skia    : AGTM parsing failed flags.readFromStream(s) at 159
07-10 13:40:29.554   530   530 W skia    : AGTM parsing failed flags.readFromStream(s) at 159
07-10 13:40:29.570   530   530 W skia    : AGTM parsing failed flags.readFromStream(s) at 159
07-10 13:40:29.588   530   530 W skia    : AGTM parsing failed flags.readFromStream(s) at 159
07-10 13:40:29.620   530   530 W skia    : AGTM parsing failed flags.readFromStream(s) at 159
07-10 13:40:29.638   530   530 W skia    : AGTM parsing failed flags.readFromStream(s) at 159
07-10 13:40:29.644   530   579 W skia    : AGTM parsing failed flags.readFromStream(s) at 159
07-10 13:40:29.654   530   530 W skia    : AGTM parsing failed flags.readFromStream(s) at 159
07-10 13:40:29.670   530   530 W skia    : AGTM parsing failed flags.readFromStream(s) at 159
07-10 13:40:29.688   530   530 W skia    : AGTM parsing failed flags.readFromStream(s) at 159
07-10 13:40:29.704   530   530 W skia    : AGTM parsing failed flags.readFromStream(s) at 159
07-10 13:40:29.720   530   530 W skia    : AGTM parsing failed flags.readFromStream(s) at 159
07-10 13:40:29.737   530   530 W skia    : AGTM parsing failed flags.readFromStream(s) at 159
07-10 13:40:29.745   530   579 W skia    : AGTM parsing failed flags.readFromStream(s) at 159
07-10 13:40:29.754   530   530 W skia    : AGTM parsing failed flags.readFromStream(s) at 159
07-10 13:40:29.770   530   530 W skia    : AGTM parsing failed flags.readFromStream(s) at 159
07-10 13:40:29.787   530   530 W skia    : AGTM parsing failed flags.readFromStream(s) at 159
07-10 13:40:29.804   530   530 W skia    : AGTM parsing failed flags.readFromStream(s) at 159
07-10 13:40:29.820   530   530 W skia    : AGTM parsing failed flags.readFromStream(s) at 159
07-10 13:40:29.838   530   530 W skia    : AGTM parsing failed flags.readFromStream(s) at 159
07-10 13:40:29.847   530   579 W skia    : AGTM parsing failed flags.readFromStream(s) at 159
07-10 13:40:29.854   530   530 W skia    : AGTM parsing failed flags.readFromStream(s) at 159
07-10 13:40:29.871   530   530 W skia    : AGTM parsing failed flags.readFromStream(s) at 159
07-10 13:40:29.887   530   530 W skia    : AGTM parsing failed flags.readFromStream(s) at 159
07-10 13:40:29.903   530   530 W skia    : AGTM parsing failed flags.readFromStream(s) at 159
07-10 13:40:29.921   530   530 W skia    : AGTM parsing failed flags.readFromStream(s) at 159
07-10 13:40:29.937   530   530 W skia    : AGTM parsing failed flags.readFromStream(s) at 159
07-10 13:40:29.949   530   579 W skia    : AGTM parsing failed flags.readFromStream(s) at 159
07-10 13:40:29.954   530   530 W skia    : AGTM parsing failed flags.readFromStream(s) at 159
07-10 13:40:29.970   530   530 W skia    : AGTM parsing failed flags.readFromStream(s) at 159
07-10 13:40:29.987   530   530 W skia    : AGTM parsing failed flags.readFromStream(s) at 159
07-10 13:40:30.004   530   530 W skia    : AGTM parsing failed flags.readFromStream(s) at 159
07-10 13:40:30.020   530   530 W skia    : AGTM parsing failed flags.readFromStream(s) at 159
07-10 13:40:30.037   530   530 W skia    : AGTM parsing failed flags.readFromStream(s) at 159
07-10 13:40:30.050   530   579 W skia    : AGTM parsing failed flags.readFromStream(s) at 159
07-10 13:40:30.054   530   530 W skia    : AGTM parsing failed flags.readFromStream(s) at 159
07-10 13:40:30.070   530   530 W skia    : AGTM parsing failed flags.readFromStream(s) at 159
07-10 13:40:30.087   530   530 W skia    : AGTM parsing failed flags.readFromStream(s) at 159
07-10 13:40:30.103   530   530 W skia    : AGTM parsing failed flags.readFromStream(s) at 159
07-10 13:40:30.120   530   530 W skia    : AGTM parsing failed flags.readFromStream(s) at 159
07-10 13:40:30.137   530   530 W skia    : AGTM parsing failed flags.readFromStream(s) at 159
07-10 13:40:30.153   530   530 W skia    : AGTM parsing failed flags.readFromStream(s) at 159
07-10 13:40:30.159   530   579 W skia    : AGTM parsing failed flags.readFromStream(s) at 159
07-10 13:40:30.170   530   530 W skia    : AGTM parsing failed flags.readFromStream(s) at 159
07-10 13:40:30.187   530   530 W skia    : AGTM parsing failed flags.readFromStream(s) at 159
07-10 13:40:30.204   530   530 W skia    : AGTM parsing failed flags.readFromStream(s) at 159
07-10 13:40:30.220   530   530 W skia    : AGTM parsing failed flags.readFromStream(s) at 159
07-10 13:40:30.237   530   530 W skia    : AGTM parsing failed flags.readFromStream(s) at 159
07-10 13:40:30.254   530   530 W skia    : AGTM parsing failed flags.readFromStream(s) at 159
07-10 13:40:30.260   530   579 W skia    : AGTM parsing failed flags.readFromStream(s) at 159
07-10 13:40:30.270   530   530 W skia    : AGTM parsing failed flags.readFromStream(s) at 159
07-10 13:40:30.287   530   530 W skia    : AGTM parsing failed flags.readFromStream(s) at 159
07-10 13:40:30.304   530   530 W skia    : AGTM parsing failed flags.readFromStream(s) at 159
07-10 13:40:30.320   530   530 W skia    : AGTM parsing failed flags.readFromStream(s) at 159
07-10 13:40:30.337   530   530 W skia    : AGTM parsing failed flags.readFromStream(s) at 159
07-10 13:40:30.354   530   530 W skia    : AGTM parsing failed flags.readFromStream(s) at 159
07-10 13:40:30.362   530   579 W skia    : AGTM parsing failed flags.readFromStream(s) at 159
07-10 13:40:30.371   530   530 W skia    : AGTM parsing failed flags.readFromStream(s) at 159
07-10 13:40:30.387   530   530 W skia    : AGTM parsing failed flags.readFromStream(s) at 159
07-10 13:40:30.404   530   530 W skia    : AGTM parsing failed flags.readFromStream(s) at 159
07-10 13:40:30.420   530   530 W skia    : AGTM parsing failed flags.readFromStream(s) at 159
07-10 13:40:30.438   530   530 W skia    : AGTM parsing failed flags.readFromStream(s) at 159
07-10 13:40:30.454   530   530 W skia    : AGTM parsing failed flags.readFromStream(s) at 159
07-10 13:40:30.463   530   579 W skia    : AGTM parsing failed flags.readFromStream(s) at 159
07-10 13:40:30.470   530   530 W skia    : AGTM parsing failed flags.readFromStream(s) at 159
07-10 13:40:30.488   530   530 W skia    : AGTM parsing failed flags.readFromStream(s) at 159
07-10 13:40:30.504   530   530 W skia    : AGTM parsing failed flags.readFromStream(s) at 159
07-10 13:40:30.521   530   530 W skia    : AGTM parsing failed flags.readFromStream(s) at 159
07-10 13:40:30.538   530   530 W skia    : AGTM parsing failed flags.readFromStream(s) at 159
07-10 13:40:30.553   530   530 W skia    : AGTM parsing failed flags.readFromStream(s) at 159
07-10 13:40:30.564   530   579 W skia    : AGTM parsing failed flags.readFromStream(s) at 159
07-10 13:40:30.570   530   530 W skia    : AGTM parsing failed flags.readFromStream(s) at 159
07-10 13:40:30.589   530   530 W skia    : AGTM parsing failed flags.readFromStream(s) at 159
07-10 13:40:30.603   530   530 W skia    : AGTM parsing failed flags.readFromStream(s) at 159
07-10 13:40:30.619   530   530 W skia    : AGTM parsing failed flags.readFromStream(s) at 159
07-10 13:40:30.627   669   767 I UsageStatsService: User[0] Flushing usage stats to disk
07-10 13:40:30.637   530   530 W skia    : AGTM parsing failed flags.readFromStream(s) at 159
07-10 13:40:30.653   530   530 W skia    : AGTM parsing failed flags.readFromStream(s) at 159
07-10 13:40:30.665   530   579 W skia    : AGTM parsing failed flags.readFromStream(s) at 159
07-10 13:40:30.670   530   530 W skia    : AGTM parsing failed flags.readFromStream(s) at 159
07-10 13:40:30.688   530   530 W skia    : AGTM parsing failed flags.readFromStream(s) at 159
07-10 13:40:30.703   530   530 W skia    : AGTM parsing failed flags.readFromStream(s) at 159
07-10 13:40:30.720   530   530 W skia    : AGTM parsing failed flags.readFromStream(s) at 159
07-10 13:40:30.736   530   530 W skia    : AGTM parsing failed flags.readFromStream(s) at 159
07-10 13:40:30.754   530   530 W skia    : AGTM parsing failed flags.readFromStream(s) at 159
07-10 13:40:30.770   530   530 W skia    : AGTM parsing failed flags.readFromStream(s) at 159
07-10 13:40:30.775   530   579 W skia    : AGTM parsing failed flags.readFromStream(s) at 159
07-10 13:40:30.787   530   530 W skia    : AGTM parsing failed flags.readFromStream(s) at 159
07-10 13:40:30.803   530   530 W skia    : AGTM parsing failed flags.readFromStream(s) at 159
07-10 13:40:30.820   530   530 W skia    : AGTM parsing failed flags.readFromStream(s) at 159
07-10 13:40:30.837   530   530 W skia    : AGTM parsing failed flags.readFromStream(s) at 159
07-10 13:40:30.854   530   530 W skia    : AGTM parsing failed flags.readFromStream(s) at 159
07-10 13:40:30.870   530   530 W skia    : AGTM parsing failed flags.readFromStream(s) at 159
07-10 13:40:30.876   530   579 W skia    : AGTM parsing failed flags.readFromStream(s) at 159
07-10 13:40:30.886   530   530 W skia    : AGTM parsing failed flags.readFromStream(s) at 159
07-10 13:40:30.903   530   530 W skia    : AGTM parsing failed flags.readFromStream(s) at 159
07-10 13:40:30.920   530   530 W skia    : AGTM parsing failed flags.readFromStream(s) at 159
07-10 13:40:30.937   530   530 W skia    : AGTM parsing failed flags.readFromStream(s) at 159
07-10 13:40:30.953   530   530 W skia    : AGTM parsing failed flags.readFromStream(s) at 159
07-10 13:40:30.970   530   530 W skia    : AGTM parsing failed flags.readFromStream(s) at 159
07-10 13:40:30.977   530   579 W skia    : AGTM parsing failed flags.readFromStream(s) at 159
07-10 13:40:30.987   530   530 W skia    : AGTM parsing failed flags.readFromStream(s) at 159
07-10 13:40:31.003   530   530 W skia    : AGTM parsing failed flags.readFromStream(s) at 159
07-10 13:40:31.020   530   530 W skia    : AGTM parsing failed flags.readFromStream(s) at 159
07-10 13:40:31.036   530   530 W skia    : AGTM parsing failed flags.readFromStream(s) at 159
07-10 13:40:31.054   530   530 W skia    : AGTM parsing failed flags.readFromStream(s) at 159
07-10 13:40:31.071   530   530 W skia    : AGTM parsing failed flags.readFromStream(s) at 159
07-10 13:40:31.079   530   579 W skia    : AGTM parsing failed flags.readFromStream(s) at 159
07-10 13:40:31.087   530   530 W skia    : AGTM parsing failed flags.readFromStream(s) at 159
07-10 13:40:31.104   530   530 W skia    : AGTM parsing failed flags.readFromStream(s) at 159
07-10 13:40:31.120   530   530 W skia    : AGTM parsing failed flags.readFromStream(s) at 159
07-10 13:40:31.136   530   530 W skia    : AGTM parsing failed flags.readFromStream(s) at 159
07-10 13:40:31.153   530   530 W skia    : AGTM parsing failed flags.readFromStream(s) at 159
07-10 13:40:31.167  1357  1357 I wpa_supplicant: wlan0: CTRL-EVENT-BEACON-LOSS 
07-10 13:40:31.171   530   530 W skia    : AGTM parsing failed flags.readFromStream(s) at 159
07-10 13:40:31.180   530   579 W skia    : AGTM parsing failed flags.readFromStream(s) at 159
07-10 13:40:31.187   530   530 W skia    : AGTM parsing failed flags.readFromStream(s) at 159
07-10 13:40:31.204   530   530 W skia    : AGTM parsing failed flags.readFromStream(s) at 159
07-10 13:40:31.220   530   530 W skia    : AGTM parsing failed flags.readFromStream(s) at 159
07-10 13:40:31.236   530   530 W skia    : AGTM parsing failed flags.readFromStream(s) at 159
07-10 13:40:31.253   530   530 W skia    : AGTM parsing failed flags.readFromStream(s) at 159
07-10 13:40:31.270   530   530 W skia    : AGTM parsing failed flags.readFromStream(s) at 159
07-10 13:40:31.281   530   579 W skia    : AGTM parsing failed flags.readFromStream(s) at 159
07-10 13:40:31.288   530   530 W skia    : AGTM parsing failed flags.readFromStream(s) at 159
07-10 13:40:31.304   530   530 W skia    : AGTM parsing failed flags.readFromStream(s) at 159
07-10 13:40:31.320   530   530 W skia    : AGTM parsing failed flags.readFromStream(s) at 159
07-10 13:40:31.337   530   530 W skia    : AGTM parsing failed flags.readFromStream(s) at 159
07-10 13:40:31.354   530   530 W skia    : AGTM parsing failed flags.readFromStream(s) at 159
07-10 13:40:31.370   530   530 W skia    : AGTM parsing failed flags.readFromStream(s) at 159
07-10 13:40:31.374  1299  1471 E SatelliteController: isSatelliteEnabled: mIsSatelliteEnabled=null
07-10 13:40:31.375  1299  1471 D SatelliteController: isInCarrierRoamingNbIotNtn: satellite is disabled
07-10 13:40:31.375  1299  1471 D SatelliteController: getCarrierRoamingNtnConnectType: Checking connect type from PLMN config for subId: 1
07-10 13:40:31.375  1299  1471 D TelephonyConfigUpdateInstallReceiver: getConfigParser: domain=satellite
07-10 13:40:31.375  1299  1471 V SatelliteController: satelliteConfigParser is not ready
07-10 13:40:31.375  1299  1471 D SatelliteController: isSatelliteAttachSupportedViaConfigupdater: return null (satelliteConfig is null)
07-10 13:40:31.375  1299  1471 D SatelliteController: getConfigForSubId: subId= 1, config= PersistableBundle[{satellite_esos_supported_bool=false, satellite_connection_hysteresis_sec_int=180, satellite_supported_disaster_plmn_string_array=[], regional_satellite_earfcn_bundle=PersistableBundle[{}], satellite_entitlement_supported_bool=false, satellite_supported_emergency_plmn_string_array=[], satellite_configs_per_plmn_bundle=PersistableBundle[{}], satellite_sos_max_datagram_size_bytes_int=255, satellite_supported_msg_apps_string_array=[com.google.android.apps.messaging], satellite_connected_notification_throttle_millis_int=604800000, satellite_display_name_string=, satellite_roaming_p2p_sms_inactivity_timeout_sec_int=180, satellite_roaming_turn_off_session_for_emergency_call_bool=true, emergency_messaging_supported_bool=false, carrier_roaming_satellite_emergency_messaging_provider_per_country_bundle=PersistableBundle[{}], satellite_data_support_mode_int=0, carrier_roaming_ntn_connect_type_int=0, satellite_attach_supported_bool=false, carrier_roaming_satellite_emergency_messaging_redirection_destination_string=, satellite_nidd_apn_name_string=, carrier_supported_satellite_services_per_provider_bundle=PersistableBundle[{310830=[2, 3, 6]}], satellite_roaming_esos_inactivity_timeout_sec_int=300, carrier_supported_satellite_notification_hysteresis_sec_int=180, carrier_config_applied_bool=true, carrier_roaming_ntn_emergency_call_to_satellite_handover_type_int=2, carrier_roaming_satellite_default_services_int_array=[2, 3, 6], imsserviceentitlement.entitlement_server_url_string=, emergency_call_to_satellite_t911_handover_timeout_millis_int=30000, satellite_roaming_p2p_sms_supported_bool=false, carrier_config_version_string=, satellite_roaming_screen_off_inactivity_timeout_sec_int=30}]
07-10 13:40:31.375  1299  1471 D SatelliteController: isSatelliteSupportedViaCarrier: using CarrierConfig for subId=1, isAttachSupported=false
07-10 13:40:31.375  1299  1471 D SatelliteController: getSatellitePerPlmnConfiguration: invalid subId or not supported via carrier.
07-10 13:40:31.375  1299  1471 D SatelliteController: getCarrierRoamingNtnConnectType: config: null
07-10 13:40:31.375  1299  1471 D TelephonyConfigUpdateInstallReceiver: getConfigParser: domain=satellite
07-10 13:40:31.376  1299  1471 V SatelliteController: satelliteConfigParser is not ready
07-10 13:40:31.376  1299  1471 D SatelliteController: getCarrierRoamingNtnConnectTypeViaConfigUpdater: return null (satelliteConfig is null)
07-10 13:40:31.376  1299  1471 D SatelliteController: getConfigForSubId: subId= 1, config= PersistableBundle[{satellite_esos_supported_bool=false, satellite_connection_hysteresis_sec_int=180, satellite_supported_disaster_plmn_string_array=[], regional_satellite_earfcn_bundle=PersistableBundle[{}], satellite_entitlement_supported_bool=false, satellite_supported_emergency_plmn_string_array=[], satellite_configs_per_plmn_bundle=PersistableBundle[{}], satellite_sos_max_datagram_size_bytes_int=255, satellite_supported_msg_apps_string_array=[com.google.android.apps.messaging], satellite_connected_notification_throttle_millis_int=604800000, satellite_display_name_string=, satellite_roaming_p2p_sms_inactivity_timeout_sec_int=180, satellite_roaming_turn_off_session_for_emergency_call_bool=true, emergency_messaging_supported_bool=false, carrier_roaming_satellite_emergency_messaging_provider_per_country_bundle=PersistableBundle[{}], satellite_data_support_mode_int=0, carrier_roaming_ntn_connect_type_int=0, satellite_attach_supported_bool=false, carrier_roaming_satellite_emergency_messaging_redirection_destination_string=, satellite_nidd_apn_name_string=, carrier_supported_satellite_services_per_provider_bundle=PersistableBundle[{310830=[2, 3, 6]}], satellite_roaming_esos_inactivity_timeout_sec_int=300, carrier_supported_satellite_notification_hysteresis_sec_int=180, carrier_config_applied_bool=true, carrier_roaming_ntn_emergency_call_to_satellite_handover_type_int=2, carrier_roaming_satellite_default_services_int_array=[2, 3, 6], imsserviceentitlement.entitlement_server_url_string=, emergency_call_to_satellite_t911_handover_timeout_millis_int=30000, satellite_roaming_p2p_sms_supported_bool=false, carrier_config_version_string=, satellite_roaming_screen_off_inactivity_timeout_sec_int=30}]
07-10 13:40:31.376  1299  1471 D SatelliteController: getCarrierRoamingNtnConnectType: Falling back to global carrier config connect type: 0
07-10 13:40:31.376  1299  1471 D TelephonyConfigUpdateInstallReceiver: getConfigParser: domain=satellite
07-10 13:40:31.376  1299  1471 V SatelliteController: satelliteConfigParser is not ready
07-10 13:40:31.376  1299  1471 D SatelliteController: isSatelliteAttachSupportedViaConfigupdater: return null (satelliteConfig is null)
07-10 13:40:31.377  1299  1471 D SatelliteController: getConfigForSubId: subId= 1, config= PersistableBundle[{satellite_esos_supported_bool=false, satellite_connection_hysteresis_sec_int=180, satellite_supported_disaster_plmn_string_array=[], regional_satellite_earfcn_bundle=PersistableBundle[{}], satellite_entitlement_supported_bool=false, satellite_supported_emergency_plmn_string_array=[], satellite_configs_per_plmn_bundle=PersistableBundle[{}], satellite_sos_max_datagram_size_bytes_int=255, satellite_supported_msg_apps_string_array=[com.google.android.apps.messaging], satellite_connected_notification_throttle_millis_int=604800000, satellite_display_name_string=, satellite_roaming_p2p_sms_inactivity_timeout_sec_int=180, satellite_roaming_turn_off_session_for_emergency_call_bool=true, emergency_messaging_supported_bool=false, carrier_roaming_satellite_emergency_messaging_provider_per_country_bundle=PersistableBundle[{}], satellite_data_support_mode_int=0, carrier_roaming_ntn_connect_type_int=0, satellite_attach_supported_bool=false, carrier_roaming_satellite_emergency_messaging_redirection_destination_string=, satellite_nidd_apn_name_string=, carrier_supported_satellite_services_per_provider_bundle=PersistableBundle[{310830=[2, 3, 6]}], satellite_roaming_esos_inactivity_timeout_sec_int=300, carrier_supported_satellite_notification_hysteresis_sec_int=180, carrier_config_applied_bool=true, carrier_roaming_ntn_emergency_call_to_satellite_handover_type_int=2, carrier_roaming_satellite_default_services_int_array=[2, 3, 6], imsserviceentitlement.entitlement_server_url_string=, emergency_call_to_satellite_t911_handover_timeout_millis_int=30000, satellite_roaming_p2p_sms_supported_bool=false, carrier_config_version_string=, satellite_roaming_screen_off_inactivity_timeout_sec_int=30}]
07-10 13:40:31.377  1299  1471 D SatelliteController: isSatelliteSupportedViaCarrier: using CarrierConfig for subId=1, isAttachSupported=false
07-10 13:40:31.377  1299  1471 D SatelliteController: isInSatelliteModeForCarrierRoaming: subId=1, connectType=0, result=false
07-10 13:40:31.377  1299  1471 D SatelliteController: getCarrierRoamingNtnConnectType: Checking connect type from PLMN config for subId: 1
07-10 13:40:31.377  1299  1471 D TelephonyConfigUpdateInstallReceiver: getConfigParser: domain=satellite
07-10 13:40:31.377  1299  1471 V SatelliteController: satelliteConfigParser is not ready
07-10 13:40:31.377  1299  1471 D SatelliteController: isSatelliteAttachSupportedViaConfigupdater: return null (satelliteConfig is null)
07-10 13:40:31.377  1299  1471 D SatelliteController: getConfigForSubId: subId= 1, config= PersistableBundle[{satellite_esos_supported_bool=false, satellite_connection_hysteresis_sec_int=180, satellite_supported_disaster_plmn_string_array=[], regional_satellite_earfcn_bundle=PersistableBundle[{}], satellite_entitlement_supported_bool=false, satellite_supported_emergency_plmn_string_array=[], satellite_configs_per_plmn_bundle=PersistableBundle[{}], satellite_sos_max_datagram_size_bytes_int=255, satellite_supported_msg_apps_string_array=[com.google.android.apps.messaging], satellite_connected_notification_throttle_millis_int=604800000, satellite_display_name_string=, satellite_roaming_p2p_sms_inactivity_timeout_sec_int=180, satellite_roaming_turn_off_session_for_emergency_call_bool=true, emergency_messaging_supported_bool=false, carrier_roaming_satellite_emergency_messaging_provider_per_country_bundle=PersistableBundle[{}], satellite_data_support_mode_int=0, carrier_roaming_ntn_connect_type_int=0, satellite_attach_supported_bool=false, carrier_roaming_satellite_emergency_messaging_redirection_destination_string=, satellite_nidd_apn_name_string=, carrier_supported_satellite_services_per_provider_bundle=PersistableBundle[{310830=[2, 3, 6]}], satellite_roaming_esos_inactivity_timeout_sec_int=300, carrier_supported_satellite_notification_hysteresis_sec_int=180, carrier_config_applied_bool=true, carrier_roaming_ntn_emergency_call_to_satellite_handover_type_int=2, carrier_roaming_satellite_default_services_int_array=[2, 3, 6], imsserviceentitlement.entitlement_server_url_string=, emergency_call_to_satellite_t911_handover_timeout_millis_int=30000, satellite_roaming_p2p_sms_supported_bool=false, carrier_config_version_string=, satellite_roaming_screen_off_inactivity_timeout_sec_int=30}]
07-10 13:40:31.377  1299  1471 D SatelliteController: isSatelliteSupportedViaCarrier: using CarrierConfig for subId=1, isAttachSupported=false
07-10 13:40:31.378  1299  1471 D SatelliteController: getSatellitePerPlmnConfiguration: invalid subId or not supported via carrier.
07-10 13:40:31.378  1299  1471 D SatelliteController: getCarrierRoamingNtnConnectType: config: null
07-10 13:40:31.378  1299  1471 D TelephonyConfigUpdateInstallReceiver: getConfigParser: domain=satellite
07-10 13:40:31.378  1299  1471 V SatelliteController: satelliteConfigParser is not ready
07-10 13:40:31.378  1299  1471 D SatelliteController: getCarrierRoamingNtnConnectTypeViaConfigUpdater: return null (satelliteConfig is null)
07-10 13:40:31.378  1299  1471 D SatelliteController: getConfigForSubId: subId= 1, config= PersistableBundle[{satellite_esos_supported_bool=false, satellite_connection_hysteresis_sec_int=180, satellite_supported_disaster_plmn_string_array=[], regional_satellite_earfcn_bundle=PersistableBundle[{}], satellite_entitlement_supported_bool=false, satellite_supported_emergency_plmn_string_array=[], satellite_configs_per_plmn_bundle=PersistableBundle[{}], satellite_sos_max_datagram_size_bytes_int=255, satellite_supported_msg_apps_string_array=[com.google.android.apps.messaging], satellite_connected_notification_throttle_millis_int=604800000, satellite_display_name_string=, satellite_roaming_p2p_sms_inactivity_timeout_sec_int=180, satellite_roaming_turn_off_session_for_emergency_call_bool=true, emergency_messaging_supported_bool=false, carrier_roaming_satellite_emergency_messaging_provider_per_country_bundle=PersistableBundle[{}], satellite_data_support_mode_int=0, carrier_roaming_ntn_connect_type_int=0, satellite_attach_supported_bool=false, carrier_roaming_satellite_emergency_messaging_redirection_destination_string=, satellite_nidd_apn_name_string=, carrier_supported_satellite_services_per_provider_bundle=PersistableBundle[{310830=[2, 3, 6]}], satellite_roaming_esos_inactivity_timeout_sec_int=300, carrier_supported_satellite_notification_hysteresis_sec_int=180, carrier_config_applied_bool=true, carrier_roaming_ntn_emergency_call_to_satellite_handover_type_int=2, carrier_roaming_satellite_default_services_int_array=[2, 3, 6], imsserviceentitlement.entitlement_server_url_string=, emergency_call_to_satellite_t911_handover_timeout_millis_int=30000, satellite_roaming_p2p_sms_supported_bool=false, carrier_config_version_string=, satellite_roaming_screen_off_inactivity_timeout_sec_int=30}]
07-10 13:40:31.378  1299  1471 D SatelliteController: getCarrierRoamingNtnConnectType: Falling back to global carrier config connect type: 0
07-10 13:40:31.378  1299  1471 D TelephonyConfigUpdateInstallReceiver: getConfigParser: domain=satellite
07-10 13:40:31.378  1299  1471 V SatelliteController: satelliteConfigParser is not ready
07-10 13:40:31.378  1299  1471 D SatelliteController: isSatelliteAttachSupportedViaConfigupdater: return null (satelliteConfig is null)
07-10 13:40:31.378  1299  1471 D SatelliteController: getConfigForSubId: subId= 1, config= PersistableBundle[{satellite_esos_supported_bool=false, satellite_connection_hysteresis_sec_int=180, satellite_supported_disaster_plmn_string_array=[], regional_satellite_earfcn_bundle=PersistableBundle[{}], satellite_entitlement_supported_bool=false, satellite_supported_emergency_plmn_string_array=[], satellite_configs_per_plmn_bundle=PersistableBundle[{}], satellite_sos_max_datagram_size_bytes_int=255, satellite_supported_msg_apps_string_array=[com.google.android.apps.messaging], satellite_connected_notification_throttle_millis_int=604800000, satellite_display_name_string=, satellite_roaming_p2p_sms_inactivity_timeout_sec_int=180, satellite_roaming_turn_off_session_for_emergency_call_bool=true, emergency_messaging_supported_bool=false, carrier_roaming_satellite_emergency_messaging_provider_per_country_bundle=PersistableBundle[{}], satellite_data_support_mode_int=0, carrier_roaming_ntn_connect_type_int=0, satellite_attach_supported_bool=false, carrier_roaming_satellite_emergency_messaging_redirection_destination_string=, satellite_nidd_apn_name_string=, carrier_supported_satellite_services_per_provider_bundle=PersistableBundle[{310830=[2, 3, 6]}], satellite_roaming_esos_inactivity_timeout_sec_int=300, carrier_supported_satellite_notification_hysteresis_sec_int=180, carrier_config_applied_bool=true, carrier_roaming_ntn_emergency_call_to_satellite_handover_type_int=2, carrier_roaming_satellite_default_services_int_array=[2, 3, 6], imsserviceentitlement.entitlement_server_url_string=, emergency_call_to_satellite_t911_handover_timeout_millis_int=30000, satellite_roaming_p2p_sms_supported_bool=false, carrier_config_version_string=, satellite_roaming_screen_off_inactivity_timeout_sec_int=30}]
07-10 13:40:31.378  1299  1471 D SatelliteController: isSatelliteSupportedViaCarrier: using CarrierConfig for subId=1, isAttachSupported=false
07-10 13:40:31.378  1299  1471 D SatelliteController: isInSatelliteModeForCarrierRoaming: subId=1, connectType=0, result=false
07-10 13:40:31.384   530   579 W skia    : AGTM parsing failed flags.readFromStream(s) at 159
07-10 13:40:31.386   530   530 W skia    : AGTM parsing failed flags.readFromStream(s) at 159
07-10 13:40:31.403   530   530 W skia    : AGTM parsing failed flags.readFromStream(s) at 159
07-10 13:40:31.403   530   530 W skia    : AGTM parsing failed flags.readFromStream(s) at 159
07-10 13:40:31.420   530   530 W skia    : AGTM parsing failed flags.readFromStream(s) at 159
07-10 13:40:31.436   530   530 W skia    : AGTM parsing failed flags.readFromStream(s) at 159
07-10 13:40:31.453   530   530 W skia    : AGTM parsing failed flags.readFromStream(s) at 159
07-10 13:40:31.470   530   530 W skia    : AGTM parsing failed flags.readFromStream(s) at 159
07-10 13:40:31.487   530   530 W skia    : AGTM parsing failed flags.readFromStream(s) at 159
07-10 13:40:31.491   530   579 W skia    : AGTM parsing failed flags.readFromStream(s) at 159
07-10 13:40:31.503   530   530 W skia    : AGTM parsing failed flags.readFromStream(s) at 159
07-10 13:40:31.520   530   530 W skia    : AGTM parsing failed flags.readFromStream(s) at 159
07-10 13:40:31.537   530   530 W skia    : AGTM parsing failed flags.readFromStream(s) at 159
07-10 13:40:31.554   530   530 W skia    : AGTM parsing failed flags.readFromStream(s) at 159
07-10 13:40:31.555   669  1034 E WifiDataStall: Ignore this poll. newStats: null txLinkSpeedMbps: 2 rxLinkSpeedMbps: 2 rssi: -50 connectionCapabilities: com.android.server.wifi.WifiNative$ConnectionCapabilities@8d12315
07-10 13:40:31.559   669  1063 I AdbWifiNetworkMonitor: Wi-Fi network available
07-10 13:40:31.559   669  1063 I AdbWifiNetworkMonitor: Received the same Wi-Fi SSID. Ignoring.
07-10 13:40:31.562   669  1040 W libbinder.IPCThreadState: Sending oneway calls to frozen process.
07-10 13:40:31.563   669  1040 W libbinder.IPCThreadState: Sending oneway calls to frozen process.
07-10 13:40:31.565  1228  1411 D IpClient/wlan0: interfaceLinkStateChanged: ifindex 16 up
07-10 13:40:31.566  1520  1533 I NullBinder: NullBinder for android.net.action.RECOMMEND_NETWORKS triggering remote TransactionTooLargeException due to Service without Chimera impl, calling uid: 1000, calling pid: 0
07-10 13:40:31.566  1520  1533 W libbinder.Binder: Large reply transaction of 1056768 bytes, interface descriptor , function: UNKNOWN_FUNCTION_NAME, code: 1, flags: 17
07-10 13:40:31.568  1228  1411 D IpClient/wlan0: interfaceLinkStateChanged: ifindex 16 up
07-10 13:40:31.570   530   530 W skia    : AGTM parsing failed flags.readFromStream(s) at 159
07-10 13:40:31.587   530   530 W skia    : AGTM parsing failed flags.readFromStream(s) at 159
07-10 13:40:31.594   530   579 W skia    : AGTM parsing failed flags.readFromStream(s) at 159
07-10 13:40:31.604   530   530 W skia    : AGTM parsing failed flags.readFromStream(s) at 159
07-10 13:40:31.620   530   530 W skia    : AGTM parsing failed flags.readFromStream(s) at 159
07-10 13:40:31.637   530   530 W skia    : AGTM parsing failed flags.readFromStream(s) at 159
07-10 13:40:31.654   530   530 W skia    : AGTM parsing failed flags.readFromStream(s) at 159
07-10 13:40:31.671   530   530 W skia    : AGTM parsing failed flags.readFromStream(s) at 159
07-10 13:40:31.688   530   530 W skia    : AGTM parsing failed flags.readFromStream(s) at 159
07-10 13:40:31.696   530   579 W skia    : AGTM parsing failed flags.readFromStream(s) at 159
07-10 13:40:31.703   530   530 W skia    : AGTM parsing failed flags.readFromStream(s) at 159
07-10 13:40:31.721   530   530 W skia    : AGTM parsing failed flags.readFromStream(s) at 159
07-10 13:40:31.736   530   530 W skia    : AGTM parsing failed flags.readFromStream(s) at 159
07-10 13:40:31.754   530   530 W skia    : AGTM parsing failed flags.readFromStream(s) at 159
07-10 13:40:31.770   530   530 W skia    : AGTM parsing failed flags.readFromStream(s) at 159
07-10 13:40:31.788   530   530 W skia    : AGTM parsing failed flags.readFromStream(s) at 159
07-10 13:40:31.798   530   579 W skia    : AGTM parsing failed flags.readFromStream(s) at 159
07-10 13:40:31.804   530   530 W skia    : AGTM parsing failed flags.readFromStream(s) at 159
07-10 13:40:31.820   530   530 W skia    : AGTM parsing failed flags.readFromStream(s) at 159
07-10 13:40:31.837   530   530 W skia    : AGTM parsing failed flags.readFromStream(s) at 159
07-10 13:40:31.854   530   530 W skia    : AGTM parsing failed flags.readFromStream(s) at 159
07-10 13:40:31.870   530   530 W skia    : AGTM parsing failed flags.readFromStream(s) at 159
07-10 13:40:31.887   530   530 W skia    : AGTM parsing failed flags.readFromStream(s) at 159
07-10 13:40:31.903   530   530 W skia    : AGTM parsing failed flags.readFromStream(s) at 159
07-10 13:40:31.908   530   579 W skia    : AGTM parsing failed flags.readFromStream(s) at 159
07-10 13:40:31.920   530   530 W skia    : AGTM parsing failed flags.readFromStream(s) at 159
07-10 13:40:31.938   530   530 W skia    : AGTM parsing failed flags.readFromStream(s) at 159
07-10 13:40:31.954   530   530 W skia    : AGTM parsing failed flags.readFromStream(s) at 159
07-10 13:40:31.970   530   530 W skia    : AGTM parsing failed flags.readFromStream(s) at 159
07-10 13:40:31.987   530   530 W skia    : AGTM parsing failed flags.readFromStream(s) at 159
07-10 13:40:32.003   530   530 W skia    : AGTM parsing failed flags.readFromStream(s) at 159
07-10 13:40:32.009   530   579 W skia    : AGTM parsing failed flags.readFromStream(s) at 159
07-10 13:40:32.020   530   530 W skia    : AGTM parsing failed flags.readFromStream(s) at 159
07-10 13:40:32.038   530   530 W skia    : AGTM parsing failed flags.readFromStream(s) at 159
07-10 13:40:32.055   530   530 W skia    : AGTM parsing failed flags.readFromStream(s) at 159
07-10 13:40:32.070   530   530 W skia    : AGTM parsing failed flags.readFromStream(s) at 159
07-10 13:40:32.087   530   530 W skia    : AGTM parsing failed flags.readFromStream(s) at 159
07-10 13:40:32.103   530   530 W skia    : AGTM parsing failed flags.readFromStream(s) at 159
07-10 13:40:32.110   530   579 W skia    : AGTM parsing failed flags.readFromStream(s) at 159
07-10 13:40:32.120   530   530 W skia    : AGTM parsing failed flags.readFromStream(s) at 159
07-10 13:40:32.136   530   530 W skia    : AGTM parsing failed flags.readFromStream(s) at 159
07-10 13:40:32.153   530   530 W skia    : AGTM parsing failed flags.readFromStream(s) at 159
07-10 13:40:32.170   530   530 W skia    : AGTM parsing failed flags.readFromStream(s) at 159
07-10 13:40:32.188   530   530 W skia    : AGTM parsing failed flags.readFromStream(s) at 159
07-10 13:40:32.204   530   530 W skia    : AGTM parsing failed flags.readFromStream(s) at 159
07-10 13:40:32.211   530   579 W skia    : AGTM parsing failed flags.readFromStream(s) at 159
07-10 13:40:32.220   530   530 W skia    : AGTM parsing failed flags.readFromStream(s) at 159
07-10 13:40:32.237   530   530 W skia    : AGTM parsing failed flags.readFromStream(s) at 159
07-10 13:40:32.254   530   530 W skia    : AGTM parsing failed flags.readFromStream(s) at 159
07-10 13:40:32.270   530   530 W skia    : AGTM parsing failed flags.readFromStream(s) at 159
07-10 13:40:32.287   530   530 W skia    : AGTM parsing failed flags.readFromStream(s) at 159
07-10 13:40:32.304   530   530 W skia    : AGTM parsing failed flags.readFromStream(s) at 159
07-10 13:40:32.311   530   579 W skia    : AGTM parsing failed flags.readFromStream(s) at 159
07-10 13:40:32.320   530   530 W skia    : AGTM parsing failed flags.readFromStream(s) at 159
07-10 13:40:32.336   530   530 W skia    : AGTM parsing failed flags.readFromStream(s) at 159
07-10 13:40:32.354   530   530 W skia    : AGTM parsing failed flags.readFromStream(s) at 159
07-10 13:40:32.371   530   530 W skia    : AGTM parsing failed flags.readFromStream(s) at 159
07-10 13:40:32.387   530   530 W skia    : AGTM parsing failed flags.readFromStream(s) at 159
07-10 13:40:32.403   530   530 W skia    : AGTM parsing failed flags.readFromStream(s) at 159
07-10 13:40:32.412   530   579 W skia    : AGTM parsing failed flags.readFromStream(s) at 159
07-10 13:40:32.421   530   530 W skia    : AGTM parsing failed flags.readFromStream(s) at 159
07-10 13:40:32.438   530   530 W skia    : AGTM parsing failed flags.readFromStream(s) at 159
07-10 13:40:32.453   530   530 W skia    : AGTM parsing failed flags.readFromStream(s) at 159
07-10 13:40:32.471   530   530 W skia    : AGTM parsing failed flags.readFromStream(s) at 159
07-10 13:40:32.487   530   530 W skia    : AGTM parsing failed flags.readFromStream(s) at 159
07-10 13:40:32.504   530   530 W skia    : AGTM parsing failed flags.readFromStream(s) at 159
07-10 13:40:32.513   530   579 W skia    : AGTM parsing failed flags.readFromStream(s) at 159
07-10 13:40:32.520   530   530 W skia    : AGTM parsing failed flags.readFromStream(s) at 159
07-10 13:40:32.537   530   530 W skia    : AGTM parsing failed flags.readFromStream(s) at 159
07-10 13:40:32.555   530   530 W skia    : AGTM parsing failed flags.readFromStream(s) at 159
07-10 13:40:32.570   530   530 W skia    : AGTM parsing failed flags.readFromStream(s) at 159
07-10 13:40:32.587   530   530 W skia    : AGTM parsing failed flags.readFromStream(s) at 159
07-10 13:40:32.604   530   530 W skia    : AGTM parsing failed flags.readFromStream(s) at 159
07-10 13:40:32.615   530   579 W skia    : AGTM parsing failed flags.readFromStream(s) at 159
07-10 13:40:32.620   530   530 W skia    : AGTM parsing failed flags.readFromStream(s) at 159
07-10 13:40:32.637   530   530 W skia    : AGTM parsing failed flags.readFromStream(s) at 159
07-10 13:40:32.653   530   530 W skia    : AGTM parsing failed flags.readFromStream(s) at 159
07-10 13:40:32.670   530   530 W skia    : AGTM parsing failed flags.readFromStream(s) at 159
07-10 13:40:32.686   530   530 W skia    : AGTM parsing failed flags.readFromStream(s) at 159
07-10 13:40:32.704   530   530 W skia    : AGTM parsing failed flags.readFromStream(s) at 159
07-10 13:40:32.715   530   579 W skia    : AGTM parsing failed flags.readFromStream(s) at 159
07-10 13:40:32.720   530   530 W skia    : AGTM parsing failed flags.readFromStream(s) at 159
07-10 13:40:32.737   530   530 W skia    : AGTM parsing failed flags.readFromStream(s) at 159
07-10 13:40:32.753   530   530 W skia    : AGTM parsing failed flags.readFromStream(s) at 159
07-10 13:40:32.770   530   530 W skia    : AGTM parsing failed flags.readFromStream(s) at 159
07-10 13:40:32.787   530   530 W skia    : AGTM parsing failed flags.readFromStream(s) at 159
07-10 13:40:32.803   530   530 W skia    : AGTM parsing failed flags.readFromStream(s) at 159
07-10 13:40:32.820   530   530 W skia    : AGTM parsing failed flags.readFromStream(s) at 159
07-10 13:40:32.825   530   579 W skia    : AGTM parsing failed flags.readFromStream(s) at 159
07-10 13:40:32.837   530   530 W skia    : AGTM parsing failed flags.readFromStream(s) at 159
07-10 13:40:32.853   530   530 W skia    : AGTM parsing failed flags.readFromStream(s) at 159
07-10 13:40:32.870   530   530 W skia    : AGTM parsing failed flags.readFromStream(s) at 159
07-10 13:40:32.887   530   530 W skia    : AGTM parsing failed flags.readFromStream(s) at 159
07-10 13:40:32.903   530   530 W skia    : AGTM parsing failed flags.readFromStream(s) at 159
07-10 13:40:32.920   530   530 W skia    : AGTM parsing failed flags.readFromStream(s) at 159
07-10 13:40:32.925   530   579 W skia    : AGTM parsing failed flags.readFromStream(s) at 159
07-10 13:40:32.936   530   530 W skia    : AGTM parsing failed flags.readFromStream(s) at 159
07-10 13:40:32.953   530   530 W skia    : AGTM parsing failed flags.readFromStream(s) at 159
07-10 13:40:32.970   530   530 W skia    : AGTM parsing failed flags.readFromStream(s) at 159
07-10 13:40:32.987   530   530 W skia    : AGTM parsing failed flags.readFromStream(s) at 159
07-10 13:40:33.003   530   530 W skia    : AGTM parsing failed flags.readFromStream(s) at 159
07-10 13:40:33.020   530   530 W skia    : AGTM parsing failed flags.readFromStream(s) at 159
07-10 13:40:33.026   530   579 W skia    : AGTM parsing failed flags.readFromStream(s) at 159
07-10 13:40:33.037   530   530 W skia    : AGTM parsing failed flags.readFromStream(s) at 159
07-10 13:40:33.054   530   530 W skia    : AGTM parsing failed flags.readFromStream(s) at 159
07-10 13:40:33.070   530   530 W skia    : AGTM parsing failed flags.readFromStream(s) at 159
07-10 13:40:33.087   530   530 W skia    : AGTM parsing failed flags.readFromStream(s) at 159
07-10 13:40:33.104   530   530 W skia    : AGTM parsing failed flags.readFromStream(s) at 159
07-10 13:40:33.120   530   530 W skia    : AGTM parsing failed flags.readFromStream(s) at 159
07-10 13:40:33.126   530   579 W skia    : AGTM parsing failed flags.readFromStream(s) at 159
07-10 13:40:33.137   530   530 W skia    : AGTM parsing failed flags.readFromStream(s) at 159
07-10 13:40:33.154   530   530 W skia    : AGTM parsing failed flags.readFromStream(s) at 159
07-10 13:40:33.170   530   530 W skia    : AGTM parsing failed flags.readFromStream(s) at 159
07-10 13:40:33.187   530   530 W skia    : AGTM parsing failed flags.readFromStream(s) at 159
07-10 13:40:33.204   530   530 W skia    : AGTM parsing failed flags.readFromStream(s) at 159
07-10 13:40:33.220   530   530 W skia    : AGTM parsing failed flags.readFromStream(s) at 159
07-10 13:40:33.227   530   579 W skia    : AGTM parsing failed flags.readFromStream(s) at 159
07-10 13:40:33.236   530   530 W skia    : AGTM parsing failed flags.readFromStream(s) at 159
07-10 13:40:33.254   530   530 W skia    : AGTM parsing failed flags.readFromStream(s) at 159
07-10 13:40:33.270   530   530 W skia    : AGTM parsing failed flags.readFromStream(s) at 159
07-10 13:40:33.286   530   530 W skia    : AGTM parsing failed flags.readFromStream(s) at 159
07-10 13:40:33.304   530   530 W skia    : AGTM parsing failed flags.readFromStream(s) at 159
07-10 13:40:33.320   530   530 W skia    : AGTM parsing failed flags.readFromStream(s) at 159
07-10 13:40:33.327   530   579 W skia    : AGTM parsing failed flags.readFromStream(s) at 159
07-10 13:40:33.337   530   530 W skia    : AGTM parsing failed flags.readFromStream(s) at 159
07-10 13:40:33.354   530   530 W skia    : AGTM parsing failed flags.readFromStream(s) at 159
07-10 13:40:33.370   530   530 W skia    : AGTM parsing failed flags.readFromStream(s) at 159
07-10 13:40:33.386   530   530 W skia    : AGTM parsing failed flags.readFromStream(s) at 159
07-10 13:40:33.403   530   530 W skia    : AGTM parsing failed flags.readFromStream(s) at 159
07-10 13:40:33.420   530   530 W skia    : AGTM parsing failed flags.readFromStream(s) at 159
07-10 13:40:33.429   530   579 W skia    : AGTM parsing failed flags.readFromStream(s) at 159
07-10 13:40:33.438   530   530 W skia    : AGTM parsing failed flags.readFromStream(s) at 159
07-10 13:40:33.454   530   530 W skia    : AGTM parsing failed flags.readFromStream(s) at 159
07-10 13:40:33.470   530   530 W skia    : AGTM parsing failed flags.readFromStream(s) at 159
07-10 13:40:33.487   530   530 W skia    : AGTM parsing failed flags.readFromStream(s) at 159
07-10 13:40:33.504   530   530 W skia    : AGTM parsing failed flags.readFromStream(s) at 159
07-10 13:40:33.520   530   530 W skia    : AGTM parsing failed flags.readFromStream(s) at 159
07-10 13:40:33.530   530   579 W skia    : AGTM parsing failed flags.readFromStream(s) at 159
07-10 13:40:33.536   530   530 W skia    : AGTM parsing failed flags.readFromStream(s) at 159
07-10 13:40:33.553   530   530 W skia    : AGTM parsing failed flags.readFromStream(s) at 159
07-10 13:40:33.570   530   530 W skia    : AGTM parsing failed flags.readFromStream(s) at 159
07-10 13:40:33.587   530   530 W skia    : AGTM parsing failed flags.readFromStream(s) at 159
07-10 13:40:33.604   530   530 W skia    : AGTM parsing failed flags.readFromStream(s) at 159
07-10 13:40:33.620   530   530 W skia    : AGTM parsing failed flags.readFromStream(s) at 159
07-10 13:40:33.632   530   579 W skia    : AGTM parsing failed flags.readFromStream(s) at 159
07-10 13:40:33.637   530   530 W skia    : AGTM parsing failed flags.readFromStream(s) at 159
07-10 13:40:33.654   530   530 W skia    : AGTM parsing failed flags.readFromStream(s) at 159
07-10 13:40:33.670   530   530 W skia    : AGTM parsing failed flags.readFromStream(s) at 159
07-10 13:40:33.687   530   530 W skia    : AGTM parsing failed flags.readFromStream(s) at 159
07-10 13:40:33.704   530   530 W skia    : AGTM parsing failed flags.readFromStream(s) at 159
07-10 13:40:33.733   530   579 W skia    : AGTM parsing failed flags.readFromStream(s) at 159
07-10 13:40:33.737   530   530 W skia    : AGTM parsing failed flags.readFromStream(s) at 159
07-10 13:40:33.756   530   530 W skia    : AGTM parsing failed flags.readFromStream(s) at 159
07-10 13:40:33.770   530   530 W skia    : AGTM parsing failed flags.readFromStream(s) at 159
07-10 13:40:33.787   530   530 W skia    : AGTM parsing failed flags.readFromStream(s) at 159
07-10 13:40:33.803   530   530 W skia    : AGTM parsing failed flags.readFromStream(s) at 159
07-10 13:40:33.820   530   530 W skia    : AGTM parsing failed flags.readFromStream(s) at 159
07-10 13:40:33.837   530   530 W skia    : AGTM parsing failed flags.readFromStream(s) at 159
07-10 13:40:33.842   530   579 W skia    : AGTM parsing failed flags.readFromStream(s) at 159
07-10 13:40:33.854   530   530 W skia    : AGTM parsing failed flags.readFromStream(s) at 159
07-10 13:40:33.870   530   530 W skia    : AGTM parsing failed flags.readFromStream(s) at 159
07-10 13:40:33.888   530   530 W skia    : AGTM parsing failed flags.readFromStream(s) at 159
07-10 13:40:33.904   530   530 W skia    : AGTM parsing failed flags.readFromStream(s) at 159
07-10 13:40:33.921   530   530 W skia    : AGTM parsing failed flags.readFromStream(s) at 159
07-10 13:40:33.937   530   530 W skia    : AGTM parsing failed flags.readFromStream(s) at 159
07-10 13:40:33.943   530   579 W skia    : AGTM parsing failed flags.readFromStream(s) at 159
07-10 13:40:33.953   530   530 W skia    : AGTM parsing failed flags.readFromStream(s) at 159
07-10 13:40:33.970   530   530 W skia    : AGTM parsing failed flags.readFromStream(s) at 159
07-10 13:40:33.987   530   530 W skia    : AGTM parsing failed flags.readFromStream(s) at 159
07-10 13:40:34.003   530   530 W skia    : AGTM parsing failed flags.readFromStream(s) at 159
07-10 13:40:34.020   530   530 W skia    : AGTM parsing failed flags.readFromStream(s) at 159
07-10 13:40:34.038   530   530 W skia    : AGTM parsing failed flags.readFromStream(s) at 159
07-10 13:40:34.043   530   579 W skia    : AGTM parsing failed flags.readFromStream(s) at 159
07-10 13:40:34.053   530   530 W skia    : AGTM parsing failed flags.readFromStream(s) at 159
07-10 13:40:34.071   530   530 W skia    : AGTM parsing failed flags.readFromStream(s) at 159
07-10 13:40:34.087   530   530 W skia    : AGTM parsing failed flags.readFromStream(s) at 159
07-10 13:40:34.104   530   530 W skia    : AGTM parsing failed flags.readFromStream(s) at 159
07-10 13:40:34.120   530   530 W skia    : AGTM parsing failed flags.readFromStream(s) at 159
07-10 13:40:34.138   530   530 W skia    : AGTM parsing failed flags.readFromStream(s) at 159
07-10 13:40:34.143   530   579 W skia    : AGTM parsing failed flags.readFromStream(s) at 159
07-10 13:40:34.153   530   530 W skia    : AGTM parsing failed flags.readFromStream(s) at 159
07-10 13:40:34.170   530   530 W skia    : AGTM parsing failed flags.readFromStream(s) at 159
07-10 13:40:34.187   530   530 W skia    : AGTM parsing failed flags.readFromStream(s) at 159
07-10 13:40:34.203   530   530 W skia    : AGTM parsing failed flags.readFromStream(s) at 159
07-10 13:40:34.220   530   530 W skia    : AGTM parsing failed flags.readFromStream(s) at 159
07-10 13:40:34.237   530   530 W skia    : AGTM parsing failed flags.readFromStream(s) at 159
07-10 13:40:34.244   530   579 W skia    : AGTM parsing failed flags.readFromStream(s) at 159
07-10 13:40:34.253   530   530 W skia    : AGTM parsing failed flags.readFromStream(s) at 159
07-10 13:40:34.270   530   530 W skia    : AGTM parsing failed flags.readFromStream(s) at 159
07-10 13:40:34.287   530   530 W skia    : AGTM parsing failed flags.readFromStream(s) at 159
07-10 13:40:34.303   530   530 W skia    : AGTM parsing failed flags.readFromStream(s) at 159
07-10 13:40:34.321   530   530 W skia    : AGTM parsing failed flags.readFromStream(s) at 159
07-10 13:40:34.337   530   530 W skia    : AGTM parsing failed flags.readFromStream(s) at 159
07-10 13:40:34.344   530   579 W skia    : AGTM parsing failed flags.readFromStream(s) at 159
07-10 13:40:34.354   530   530 W skia    : AGTM parsing failed flags.readFromStream(s) at 159
07-10 13:40:34.370   530   530 W skia    : AGTM parsing failed flags.readFromStream(s) at 159
07-10 13:40:34.388   530   530 W skia    : AGTM parsing failed flags.readFromStream(s) at 159
07-10 13:40:34.404   530   530 W skia    : AGTM parsing failed flags.readFromStream(s) at 159
07-10 13:40:34.420   530   530 W skia    : AGTM parsing failed flags.readFromStream(s) at 159
07-10 13:40:34.438   530   530 W skia    : AGTM parsing failed flags.readFromStream(s) at 159
07-10 13:40:34.445   530   579 W skia    : AGTM parsing failed flags.readFromStream(s) at 159
07-10 13:40:34.454   530   530 W skia    : AGTM parsing failed flags.readFromStream(s) at 159
07-10 13:40:34.471   530   530 W skia    : AGTM parsing failed flags.readFromStream(s) at 159
07-10 13:40:34.487   530   530 W skia    : AGTM parsing failed flags.readFromStream(s) at 159
07-10 13:40:34.504   530   530 W skia    : AGTM parsing failed flags.readFromStream(s) at 159
07-10 13:40:34.520   530   530 W skia    : AGTM parsing failed flags.readFromStream(s) at 159
07-10 13:40:34.537   530   530 W skia    : AGTM parsing failed flags.readFromStream(s) at 159
07-10 13:40:34.546   530   579 W skia    : AGTM parsing failed flags.readFromStream(s) at 159
07-10 13:40:34.554   530   530 W skia    : AGTM parsing failed flags.readFromStream(s) at 159
07-10 13:40:34.559   669  1034 E WifiDataStall: Ignore this poll. newStats: null txLinkSpeedMbps: 2 rxLinkSpeedMbps: 2 rssi: -50 connectionCapabilities: com.android.server.wifi.WifiNative$ConnectionCapabilities@8d12315
07-10 13:40:34.570   530   530 W skia    : AGTM parsing failed flags.readFromStream(s) at 159
07-10 13:40:34.586   530   530 W skia    : AGTM parsing failed flags.readFromStream(s) at 159
07-10 13:40:34.603   530   530 W skia    : AGTM parsing failed flags.readFromStream(s) at 159
07-10 13:40:34.620   530   530 W skia    : AGTM parsing failed flags.readFromStream(s) at 159
07-10 13:40:34.637   530   530 W skia    : AGTM parsing failed flags.readFromStream(s) at 159
07-10 13:40:34.647   530   579 W skia    : AGTM parsing failed flags.readFromStream(s) at 159
07-10 13:40:34.653   530   530 W skia    : AGTM parsing failed flags.readFromStream(s) at 159
07-10 13:40:34.670   530   530 W skia    : AGTM parsing failed flags.readFromStream(s) at 159
07-10 13:40:34.686   530   530 W skia    : AGTM parsing failed flags.readFromStream(s) at 159
07-10 13:40:34.703   530   530 W skia    : AGTM parsing failed flags.readFromStream(s) at 159
07-10 13:40:34.720   530   530 W skia    : AGTM parsing failed flags.readFromStream(s) at 159
07-10 13:40:34.737   530   530 W skia    : AGTM parsing failed flags.readFromStream(s) at 159
07-10 13:40:34.748   530   579 W skia    : AGTM parsing failed flags.readFromStream(s) at 159
07-10 13:40:34.754   530   530 W skia    : AGTM parsing failed flags.readFromStream(s) at 159
07-10 13:40:34.770   530   530 W skia    : AGTM parsing failed flags.readFromStream(s) at 159
07-10 13:40:34.787   530   530 W skia    : AGTM parsing failed flags.readFromStream(s) at 159
07-10 13:40:34.803   530   530 W skia    : AGTM parsing failed flags.readFromStream(s) at 159
07-10 13:40:34.820   530   530 W skia    : AGTM parsing failed flags.readFromStream(s) at 159
07-10 13:40:34.836   530   530 W skia    : AGTM parsing failed flags.readFromStream(s) at 159
07-10 13:40:34.849   530   579 W skia    : AGTM parsing failed flags.readFromStream(s) at 159
07-10 13:40:34.855   530   530 W skia    : AGTM parsing failed flags.readFromStream(s) at 159
07-10 13:40:34.870   530   530 W skia    : AGTM parsing failed flags.readFromStream(s) at 159
07-10 13:40:34.886   530   530 W skia    : AGTM parsing failed flags.readFromStream(s) at 159
07-10 13:40:34.904   530   530 W skia    : AGTM parsing failed flags.readFromStream(s) at 159
07-10 13:40:34.920   530   530 W skia    : AGTM parsing failed flags.readFromStream(s) at 159
07-10 13:40:34.937   530   530 W skia    : AGTM parsing failed flags.readFromStream(s) at 159
07-10 13:40:34.954   530   530 W skia    : AGTM parsing failed flags.readFromStream(s) at 159
07-10 13:40:34.959   530   579 W skia    : AGTM parsing failed flags.readFromStream(s) at 159
07-10 13:40:34.970   530   530 W skia    : AGTM parsing failed flags.readFromStream(s) at 159
07-10 13:40:34.988   530   530 W skia    : AGTM parsing failed flags.readFromStream(s) at 159
07-10 13:40:35.004   530   530 W skia    : AGTM parsing failed flags.readFromStream(s) at 159
07-10 13:40:35.021   530   530 W skia    : AGTM parsing failed flags.readFromStream(s) at 159
07-10 13:40:35.037   530   530 W skia    : AGTM parsing failed flags.readFromStream(s) at 159
07-10 13:40:35.054   530   530 W skia    : AGTM parsing failed flags.readFromStream(s) at 159
07-10 13:40:35.060   530   579 W skia    : AGTM parsing failed flags.readFromStream(s) at 159
07-10 13:40:35.070   530   530 W skia    : AGTM parsing failed flags.readFromStream(s) at 159
07-10 13:40:35.088   530   530 W skia    : AGTM parsing failed flags.readFromStream(s) at 159
07-10 13:40:35.103   530   530 W skia    : AGTM parsing failed flags.readFromStream(s) at 159
07-10 13:40:35.120   530   530 W skia    : AGTM parsing failed flags.readFromStream(s) at 159
07-10 13:40:35.137   530   530 W skia    : AGTM parsing failed flags.readFromStream(s) at 159
07-10 13:40:35.154   530   530 W skia    : AGTM parsing failed flags.readFromStream(s) at 159
07-10 13:40:35.162   530   579 W skia    : AGTM parsing failed flags.readFromStream(s) at 159
07-10 13:40:35.170   530   530 W skia    : AGTM parsing failed flags.readFromStream(s) at 159
07-10 13:40:35.187   530   530 W skia    : AGTM parsing failed flags.readFromStream(s) at 159
07-10 13:40:35.203   530   530 W skia    : AGTM parsing failed flags.readFromStream(s) at 159
07-10 13:40:35.220   530   530 W skia    : AGTM parsing failed flags.readFromStream(s) at 159
07-10 13:40:35.236   530   530 W skia    : AGTM parsing failed flags.readFromStream(s) at 159
07-10 13:40:35.254   530   530 W skia    : AGTM parsing failed flags.readFromStream(s) at 159
07-10 13:40:35.263   530   579 W skia    : AGTM parsing failed flags.readFromStream(s) at 159
07-10 13:40:35.270   530   530 W skia    : AGTM parsing failed flags.readFromStream(s) at 159
07-10 13:40:35.287   530   530 W skia    : AGTM parsing failed flags.readFromStream(s) at 159
07-10 13:40:35.303   530   530 W skia    : AGTM parsing failed flags.readFromStream(s) at 159
07-10 13:40:35.320   530   530 W skia    : AGTM parsing failed flags.readFromStream(s) at 159
07-10 13:40:35.336   530   530 W skia    : AGTM parsing failed flags.readFromStream(s) at 159
07-10 13:40:35.354   530   530 W skia    : AGTM parsing failed flags.readFromStream(s) at 159
07-10 13:40:35.364   530   579 W skia    : AGTM parsing failed flags.readFromStream(s) at 159
07-10 13:40:35.370   530   530 W skia    : AGTM parsing failed flags.readFromStream(s) at 159
07-10 13:40:35.387   530   530 W skia    : AGTM parsing failed flags.readFromStream(s) at 159
07-10 13:40:35.404   530   530 W skia    : AGTM parsing failed flags.readFromStream(s) at 159
07-10 13:40:35.420   530   530 W skia    : AGTM parsing failed flags.readFromStream(s) at 159
07-10 13:40:35.437   530   530 W skia    : AGTM parsing failed flags.readFromStream(s) at 159
07-10 13:40:35.454   530   530 W skia    : AGTM parsing failed flags.readFromStream(s) at 159
07-10 13:40:35.465   530   579 W skia    : AGTM parsing failed flags.readFromStream(s) at 159
07-10 13:40:35.471   530   530 W skia    : AGTM parsing failed flags.readFromStream(s) at 159
07-10 13:40:35.487   530   530 W skia    : AGTM parsing failed flags.readFromStream(s) at 159
07-10 13:40:35.504   530   530 W skia    : AGTM parsing failed flags.readFromStream(s) at 159
07-10 13:40:35.521   530   530 W skia    : AGTM parsing failed flags.readFromStream(s) at 159
07-10 13:40:35.537   530   530 W skia    : AGTM parsing failed flags.readFromStream(s) at 159
07-10 13:40:35.554   530   530 W skia    : AGTM parsing failed flags.readFromStream(s) at 159
07-10 13:40:35.570   530   530 W skia    : AGTM parsing failed flags.readFromStream(s) at 159
07-10 13:40:35.575   530   579 W skia    : AGTM parsing failed flags.readFromStream(s) at 159
07-10 13:40:35.588   530   530 W skia    : AGTM parsing failed flags.readFromStream(s) at 159
07-10 13:40:35.603   530   530 W skia    : AGTM parsing failed flags.readFromStream(s) at 159
07-10 13:40:35.620   530   530 W skia    : AGTM parsing failed flags.readFromStream(s) at 159
07-10 13:40:35.637   530   530 W skia    : AGTM parsing failed flags.readFromStream(s) at 159
07-10 13:40:35.653   530   530 W skia    : AGTM parsing failed flags.readFromStream(s) at 159
07-10 13:40:35.671   530   530 W skia    : AGTM parsing failed flags.readFromStream(s) at 159
07-10 13:40:35.676   530   579 W skia    : AGTM parsing failed flags.readFromStream(s) at 159
07-10 13:40:35.687   530   530 W skia    : AGTM parsing failed flags.readFromStream(s) at 159
07-10 13:40:35.704   530   530 W skia    : AGTM parsing failed flags.readFromStream(s) at 159
07-10 13:40:35.720   530   530 W skia    : AGTM parsing failed flags.readFromStream(s) at 159
07-10 13:40:35.737   530   530 W skia    : AGTM parsing failed flags.readFromStream(s) at 159
07-10 13:40:35.754   530   530 W skia    : AGTM parsing failed flags.readFromStream(s) at 159
07-10 13:40:35.770   530   530 W skia    : AGTM parsing failed flags.readFromStream(s) at 159
07-10 13:40:35.777   530   579 W skia    : AGTM parsing failed flags.readFromStream(s) at 159
07-10 13:40:35.788   530   530 W skia    : AGTM parsing failed flags.readFromStream(s) at 159
07-10 13:40:35.803   530   530 W skia    : AGTM parsing failed flags.readFromStream(s) at 159
07-10 13:40:35.820   530   530 W skia    : AGTM parsing failed flags.readFromStream(s) at 159
07-10 13:40:35.837   530   530 W skia    : AGTM parsing failed flags.readFromStream(s) at 159
07-10 13:40:35.853   530   530 W skia    : AGTM parsing failed flags.readFromStream(s) at 159
07-10 13:40:35.870   530   530 W skia    : AGTM parsing failed flags.readFromStream(s) at 159
07-10 13:40:35.878   530   579 W skia    : AGTM parsing failed flags.readFromStream(s) at 159
07-10 13:40:35.888   530   530 W skia    : AGTM parsing failed flags.readFromStream(s) at 159
07-10 13:40:35.904   530   530 W skia    : AGTM parsing failed flags.readFromStream(s) at 159
07-10 13:40:35.920   530   530 W skia    : AGTM parsing failed flags.readFromStream(s) at 159
07-10 13:40:35.936   530   530 W skia    : AGTM parsing failed flags.readFromStream(s) at 159
07-10 13:40:35.954   530   530 W skia    : AGTM parsing failed flags.readFromStream(s) at 159
07-10 13:40:35.970   530   530 W skia    : AGTM parsing failed flags.readFromStream(s) at 159
07-10 13:40:35.979   530   579 W skia    : AGTM parsing failed flags.readFromStream(s) at 159
07-10 13:40:35.988   530   530 W skia    : AGTM parsing failed flags.readFromStream(s) at 159
07-10 13:40:36.004   530   530 W skia    : AGTM parsing failed flags.readFromStream(s) at 159
07-10 13:40:36.020   530   530 W skia    : AGTM parsing failed flags.readFromStream(s) at 159
07-10 13:40:36.038   530   530 W skia    : AGTM parsing failed flags.readFromStream(s) at 159
07-10 13:40:36.054   530   530 W skia    : AGTM parsing failed flags.readFromStream(s) at 159
07-10 13:40:36.070   530   530 W skia    : AGTM parsing failed flags.readFromStream(s) at 159
07-10 13:40:36.080   530   579 W skia    : AGTM parsing failed flags.readFromStream(s) at 159
07-10 13:40:36.087   530   530 W skia    : AGTM parsing failed flags.readFromStream(s) at 159
07-10 13:40:36.103   530   530 W skia    : AGTM parsing failed flags.readFromStream(s) at 159
07-10 13:40:36.120   530   530 W skia    : AGTM parsing failed flags.readFromStream(s) at 159
07-10 13:40:36.137   530   530 W skia    : AGTM parsing failed flags.readFromStream(s) at 159
07-10 13:40:36.153   530   530 W skia    : AGTM parsing failed flags.readFromStream(s) at 159
07-10 13:40:36.170   530   530 W skia    : AGTM parsing failed flags.readFromStream(s) at 159
07-10 13:40:36.182   530   579 W skia    : AGTM parsing failed flags.readFromStream(s) at 159
07-10 13:40:36.188   530   530 W skia    : AGTM parsing failed flags.readFromStream(s) at 159
07-10 13:40:36.204   530   530 W skia    : AGTM parsing failed flags.readFromStream(s) at 159
07-10 13:40:36.220   530   530 W skia    : AGTM parsing failed flags.readFromStream(s) at 159
07-10 13:40:36.238   530   530 W skia    : AGTM parsing failed flags.readFromStream(s) at 159
07-10 13:40:36.254   530   530 W skia    : AGTM parsing failed flags.readFromStream(s) at 159
07-10 13:40:36.270   530   530 W skia    : AGTM parsing failed flags.readFromStream(s) at 159
07-10 13:40:36.288   530   530 W skia    : AGTM parsing failed flags.readFromStream(s) at 159
07-10 13:40:36.294   530   579 W skia    : AGTM parsing failed flags.readFromStream(s) at 159
07-10 13:40:36.303   530   530 W skia    : AGTM parsing failed flags.readFromStream(s) at 159
07-10 13:40:36.320   530   530 W skia    : AGTM parsing failed flags.readFromStream(s) at 159
07-10 13:40:36.339   530   530 W skia    : AGTM parsing failed flags.readFromStream(s) at 159
07-10 13:40:36.354   530   530 W skia    : AGTM parsing failed flags.readFromStream(s) at 159
07-10 13:40:36.370   530   530 W skia    : AGTM parsing failed flags.readFromStream(s) at 159
07-10 13:40:36.387   530   530 W skia    : AGTM parsing failed flags.readFromStream(s) at 159
07-10 13:40:36.395   530   579 W skia    : AGTM parsing failed flags.readFromStream(s) at 159
07-10 13:40:36.403   530   530 W skia    : AGTM parsing failed flags.readFromStream(s) at 159
07-10 13:40:36.421   530   530 W skia    : AGTM parsing failed flags.readFromStream(s) at 159
07-10 13:40:36.436   530   530 W skia    : AGTM parsing failed flags.readFromStream(s) at 159
07-10 13:40:36.453   530   530 W skia    : AGTM parsing failed flags.readFromStream(s) at 159
07-10 13:40:36.471   530   530 W skia    : AGTM parsing failed flags.readFromStream(s) at 159
07-10 13:40:36.487   530   530 W skia    : AGTM parsing failed flags.readFromStream(s) at 159
07-10 13:40:36.496   530   579 W skia    : AGTM parsing failed flags.readFromStream(s) at 159
07-10 13:40:36.503   530   530 W skia    : AGTM parsing failed flags.readFromStream(s) at 159
07-10 13:40:36.520   530   530 W skia    : AGTM parsing failed flags.readFromStream(s) at 159
07-10 13:40:36.537   530   530 W skia    : AGTM parsing failed flags.readFromStream(s) at 159
07-10 13:40:36.554   530   530 W skia    : AGTM parsing failed flags.readFromStream(s) at 159
07-10 13:40:36.570   530   530 W skia    : AGTM parsing failed flags.readFromStream(s) at 159
07-10 13:40:36.587   530   530 W skia    : AGTM parsing failed flags.readFromStream(s) at 159
07-10 13:40:36.596   530   579 W skia    : AGTM parsing failed flags.readFromStream(s) at 159
07-10 13:40:36.603   530   530 W skia    : AGTM parsing failed flags.readFromStream(s) at 159
07-10 13:40:36.620   530   530 W skia    : AGTM parsing failed flags.readFromStream(s) at 159
07-10 13:40:36.637   530   530 W skia    : AGTM parsing failed flags.readFromStream(s) at 159
07-10 13:40:36.654   530   530 W skia    : AGTM parsing failed flags.readFromStream(s) at 159
07-10 13:40:36.670   530   530 W skia    : AGTM parsing failed flags.readFromStream(s) at 159
07-10 13:40:36.687   530   530 W skia    : AGTM parsing failed flags.readFromStream(s) at 159
07-10 13:40:36.698   530   579 W skia    : AGTM parsing failed flags.readFromStream(s) at 159
07-10 13:40:36.703   530   530 W skia    : AGTM parsing failed flags.readFromStream(s) at 159
07-10 13:40:36.720   530   530 W skia    : AGTM parsing failed flags.readFromStream(s) at 159
07-10 13:40:36.737   530   530 W skia    : AGTM parsing failed flags.readFromStream(s) at 159
07-10 13:40:36.753   530   530 W skia    : AGTM parsing failed flags.readFromStream(s) at 159
07-10 13:40:36.770   530   530 W skia    : AGTM parsing failed flags.readFromStream(s) at 159
07-10 13:40:36.788   530   530 W skia    : AGTM parsing failed flags.readFromStream(s) at 159
07-10 13:40:36.799   530   579 W skia    : AGTM parsing failed flags.readFromStream(s) at 159
07-10 13:40:36.803   530   530 W skia    : AGTM parsing failed flags.readFromStream(s) at 159
07-10 13:40:36.820   530   530 W skia    : AGTM parsing failed flags.readFromStream(s) at 159
07-10 13:40:36.837   530   530 W skia    : AGTM parsing failed flags.readFromStream(s) at 159
07-10 13:40:36.853   530   530 W skia    : AGTM parsing failed flags.readFromStream(s) at 159
07-10 13:40:36.870   530   530 W skia    : AGTM parsing failed flags.readFromStream(s) at 159
07-10 13:40:36.886   530   530 W skia    : AGTM parsing failed flags.readFromStream(s) at 159
07-10 13:40:36.903   530   530 W skia    : AGTM parsing failed flags.readFromStream(s) at 159
07-10 13:40:36.908   530   579 W skia    : AGTM parsing failed flags.readFromStream(s) at 159
07-10 13:40:36.920   530   530 W skia    : AGTM parsing failed flags.readFromStream(s) at 159
07-10 13:40:36.936   530   530 W skia    : AGTM parsing failed flags.readFromStream(s) at 159
07-10 13:40:36.954   530   530 W skia    : AGTM parsing failed flags.readFromStream(s) at 159
07-10 13:40:36.970   530   530 W skia    : AGTM parsing failed flags.readFromStream(s) at 159
07-10 13:40:36.986   530   530 W skia    : AGTM parsing failed flags.readFromStream(s) at 159
07-10 13:40:37.004   530   530 W skia    : AGTM parsing failed flags.readFromStream(s) at 159
07-10 13:40:37.009   530   579 W skia    : AGTM parsing failed flags.readFromStream(s) at 159
07-10 13:40:37.020   530   530 W skia    : AGTM parsing failed flags.readFromStream(s) at 159
07-10 13:40:37.037   530   530 W skia    : AGTM parsing failed flags.readFromStream(s) at 159
07-10 13:40:37.054   530   530 W skia    : AGTM parsing failed flags.readFromStream(s) at 159
07-10 13:40:37.070   530   530 W skia    : AGTM parsing failed flags.readFromStream(s) at 159
07-10 13:40:37.087   530   530 W skia    : AGTM parsing failed flags.readFromStream(s) at 159
07-10 13:40:37.103   530   530 W skia    : AGTM parsing failed flags.readFromStream(s) at 159
07-10 13:40:37.110   530   579 W skia    : AGTM parsing failed flags.readFromStream(s) at 159
07-10 13:40:37.120   530   530 W skia    : AGTM parsing failed flags.readFromStream(s) at 159
07-10 13:40:37.137   530   530 W skia    : AGTM parsing failed flags.readFromStream(s) at 159
07-10 13:40:37.153   530   530 W skia    : AGTM parsing failed flags.readFromStream(s) at 159
07-10 13:40:37.170   530   530 W skia    : AGTM parsing failed flags.readFromStream(s) at 159
07-10 13:40:37.187   530   530 W skia    : AGTM parsing failed flags.readFromStream(s) at 159
07-10 13:40:37.204   530   530 W skia    : AGTM parsing failed flags.readFromStream(s) at 159
07-10 13:40:37.211   530   579 W skia    : AGTM parsing failed flags.readFromStream(s) at 159
07-10 13:40:37.220   530   530 W skia    : AGTM parsing failed flags.readFromStream(s) at 159
07-10 13:40:37.237   530   530 W skia    : AGTM parsing failed flags.readFromStream(s) at 159
07-10 13:40:37.253   530   530 W skia    : AGTM parsing failed flags.readFromStream(s) at 159
07-10 13:40:37.270   530   530 W skia    : AGTM parsing failed flags.readFromStream(s) at 159
07-10 13:40:37.286   530   530 W skia    : AGTM parsing failed flags.readFromStream(s) at 159
07-10 13:40:37.303   530   530 W skia    : AGTM parsing failed flags.readFromStream(s) at 159
07-10 13:40:37.313   530   579 W skia    : AGTM parsing failed flags.readFromStream(s) at 159
07-10 13:40:37.320   530   530 W skia    : AGTM parsing failed flags.readFromStream(s) at 159
07-10 13:40:37.337   530   530 W skia    : AGTM parsing failed flags.readFromStream(s) at 159
07-10 13:40:37.354   530   530 W skia    : AGTM parsing failed flags.readFromStream(s) at 159
07-10 13:40:37.371   530   530 W skia    : AGTM parsing failed flags.readFromStream(s) at 159
07-10 13:40:37.387   530   530 W skia    : AGTM parsing failed flags.readFromStream(s) at 159
07-10 13:40:37.404   530   530 W skia    : AGTM parsing failed flags.readFromStream(s) at 159
07-10 13:40:37.414   530   579 W skia    : AGTM parsing failed flags.readFromStream(s) at 159
07-10 13:40:37.420   530   530 W skia    : AGTM parsing failed flags.readFromStream(s) at 159
07-10 13:40:37.437   530   530 W skia    : AGTM parsing failed flags.readFromStream(s) at 159
07-10 13:40:37.453   530   530 W skia    : AGTM parsing failed flags.readFromStream(s) at 159
07-10 13:40:37.470   530   530 W skia    : AGTM parsing failed flags.readFromStream(s) at 159
07-10 13:40:37.487   530   530 W skia    : AGTM parsing failed flags.readFromStream(s) at 159
07-10 13:40:37.504   530   530 W skia    : AGTM parsing failed flags.readFromStream(s) at 159
07-10 13:40:37.516   530   579 W skia    : AGTM parsing failed flags.readFromStream(s) at 159
07-10 13:40:37.520   530   530 W skia    : AGTM parsing failed flags.readFromStream(s) at 159
07-10 13:40:37.537   530   530 W skia    : AGTM parsing failed flags.readFromStream(s) at 159
07-10 13:40:37.554   530   530 W skia    : AGTM parsing failed flags.readFromStream(s) at 159
07-10 13:40:37.563   669  1034 E WifiDataStall: Ignore this poll. newStats: null txLinkSpeedMbps: 1 rxLinkSpeedMbps: 2 rssi: -50 connectionCapabilities: com.android.server.wifi.WifiNative$ConnectionCapabilities@8d12315
07-10 13:40:37.564   669  1063 I AdbWifiNetworkMonitor: Wi-Fi network available
07-10 13:40:37.564   669  1063 I AdbWifiNetworkMonitor: Received the same Wi-Fi SSID. Ignoring.
07-10 13:40:37.567   669  1040 W libbinder.IPCThreadState: Sending oneway calls to frozen process.
07-10 13:40:37.567   669  1040 W libbinder.IPCThreadState: Sending oneway calls to frozen process.
07-10 13:40:37.569  1228  1411 D IpClient/wlan0: interfaceLinkStateChanged: ifindex 16 up
07-10 13:40:37.570   530   530 W skia    : AGTM parsing failed flags.readFromStream(s) at 159
07-10 13:40:37.575  1520  1533 I NullBinder: NullBinder for android.net.action.RECOMMEND_NETWORKS triggering remote TransactionTooLargeException due to Service without Chimera impl, calling uid: 1000, calling pid: 0
07-10 13:40:37.575  1520  1533 W libbinder.Binder: Large reply transaction of 1056768 bytes, interface descriptor , function: UNKNOWN_FUNCTION_NAME, code: 1, flags: 17
07-10 13:40:37.579  1228  1411 D IpClient/wlan0: interfaceLinkStateChanged: ifindex 16 up
07-10 13:40:37.587   530   530 W skia    : AGTM parsing failed flags.readFromStream(s) at 159
07-10 13:40:37.604   530   530 W skia    : AGTM parsing failed flags.readFromStream(s) at 159
07-10 13:40:37.620   530   530 W skia    : AGTM parsing failed flags.readFromStream(s) at 159
07-10 13:40:37.625   530   579 W skia    : AGTM parsing failed flags.readFromStream(s) at 159
07-10 13:40:37.637   530   530 W skia    : AGTM parsing failed flags.readFromStream(s) at 159
07-10 13:40:37.653   530   530 W skia    : AGTM parsing failed flags.readFromStream(s) at 159
07-10 13:40:37.670   530   530 W skia    : AGTM parsing failed flags.readFromStream(s) at 159
07-10 13:40:37.687   530   530 W skia    : AGTM parsing failed flags.readFromStream(s) at 159
07-10 13:40:37.704   530   530 W skia    : AGTM parsing failed flags.readFromStream(s) at 159
07-10 13:40:37.720   530   530 W skia    : AGTM parsing failed flags.readFromStream(s) at 159
07-10 13:40:37.725   530   579 W skia    : AGTM parsing failed flags.readFromStream(s) at 159
07-10 13:40:37.737   530   530 W skia    : AGTM parsing failed flags.readFromStream(s) at 159
07-10 13:40:37.754   530   530 W skia    : AGTM parsing failed flags.readFromStream(s) at 159
07-10 13:40:37.770   530   530 W skia    : AGTM parsing failed flags.readFromStream(s) at 159
07-10 13:40:37.789   530   530 W skia    : AGTM parsing failed flags.readFromStream(s) at 159
07-10 13:40:37.804   530   530 W skia    : AGTM parsing failed flags.readFromStream(s) at 159
07-10 13:40:37.820   530   530 W skia    : AGTM parsing failed flags.readFromStream(s) at 159
07-10 13:40:37.826   530   579 W skia    : AGTM parsing failed flags.readFromStream(s) at 159
07-10 13:40:37.837   530   530 W skia    : AGTM parsing failed flags.readFromStream(s) at 159
07-10 13:40:37.854   530   530 W skia    : AGTM parsing failed flags.readFromStream(s) at 159
07-10 13:40:37.870   530   530 W skia    : AGTM parsing failed flags.readFromStream(s) at 159
07-10 13:40:37.887   530   530 W skia    : AGTM parsing failed flags.readFromStream(s) at 159
07-10 13:40:37.904   530   530 W skia    : AGTM parsing failed flags.readFromStream(s) at 159
07-10 13:40:37.920   530   530 W skia    : AGTM parsing failed flags.readFromStream(s) at 159
07-10 13:40:37.926   530   579 W skia    : AGTM parsing failed flags.readFromStream(s) at 159
07-10 13:40:37.937   530   530 W skia    : AGTM parsing failed flags.readFromStream(s) at 159
07-10 13:40:37.953   530   530 W skia    : AGTM parsing failed flags.readFromStream(s) at 159
07-10 13:40:37.970   530   530 W skia    : AGTM parsing failed flags.readFromStream(s) at 159
07-10 13:40:37.986   530   530 W skia    : AGTM parsing failed flags.readFromStream(s) at 159
07-10 13:40:38.003   530   530 W skia    : AGTM parsing failed flags.readFromStream(s) at 159
07-10 13:40:38.020   530   530 W skia    : AGTM parsing failed flags.readFromStream(s) at 159
07-10 13:40:38.027   530   579 W skia    : AGTM parsing failed flags.readFromStream(s) at 159
07-10 13:40:38.036   530   530 W skia    : AGTM parsing failed flags.readFromStream(s) at 159
07-10 13:40:38.053   530   530 W skia    : AGTM parsing failed flags.readFromStream(s) at 159
07-10 13:40:38.070   530   530 W skia    : AGTM parsing failed flags.readFromStream(s) at 159
07-10 13:40:38.087   530   530 W skia    : AGTM parsing failed flags.readFromStream(s) at 159
07-10 13:40:38.103   530   530 W skia    : AGTM parsing failed flags.readFromStream(s) at 159
07-10 13:40:38.120   530   530 W skia    : AGTM parsing failed flags.readFromStream(s) at 159
07-10 13:40:38.128   530   579 W skia    : AGTM parsing failed flags.readFromStream(s) at 159
07-10 13:40:38.136   530   530 W skia    : AGTM parsing failed flags.readFromStream(s) at 159
07-10 13:40:38.154   530   530 W skia    : AGTM parsing failed flags.readFromStream(s) at 159
07-10 13:40:38.170   530   530 W skia    : AGTM parsing failed flags.readFromStream(s) at 159
07-10 13:40:38.186   530   530 W skia    : AGTM parsing failed flags.readFromStream(s) at 159
07-10 13:40:38.204   530   530 W skia    : AGTM parsing failed flags.readFromStream(s) at 159
07-10 13:40:38.220   530   530 W skia    : AGTM parsing failed flags.readFromStream(s) at 159
07-10 13:40:38.229   530   579 W skia    : AGTM parsing failed flags.readFromStream(s) at 159
07-10 13:40:38.237   530   530 W skia    : AGTM parsing failed flags.readFromStream(s) at 159
07-10 13:40:38.254   530   530 W skia    : AGTM parsing failed flags.readFromStream(s) at 159
07-10 13:40:38.271   530   530 W skia    : AGTM parsing failed flags.readFromStream(s) at 159
07-10 13:40:38.286   530   530 W skia    : AGTM parsing failed flags.readFromStream(s) at 159
07-10 13:40:38.303   530   530 W skia    : AGTM parsing failed flags.readFromStream(s) at 159
07-10 13:40:38.320   530   530 W skia    : AGTM parsing failed flags.readFromStream(s) at 159
07-10 13:40:38.329   530   579 W skia    : AGTM parsing failed flags.readFromStream(s) at 159
07-10 13:40:38.336   530   530 W skia    : AGTM parsing failed flags.readFromStream(s) at 159
07-10 13:40:38.354   530   530 W skia    : AGTM parsing failed flags.readFromStream(s) at 159
07-10 13:40:38.371   530   530 W skia    : AGTM parsing failed flags.readFromStream(s) at 159
07-10 13:40:38.386   530   530 W skia    : AGTM parsing failed flags.readFromStream(s) at 159
07-10 13:40:38.404   530   530 W skia    : AGTM parsing failed flags.readFromStream(s) at 159
07-10 13:40:38.420   530   530 W skia    : AGTM parsing failed flags.readFromStream(s) at 159
07-10 13:40:38.430   530   579 W skia    : AGTM parsing failed flags.readFromStream(s) at 159
07-10 13:40:38.437   530   530 W skia    : AGTM parsing failed flags.readFromStream(s) at 159
07-10 13:40:38.454   530   530 W skia    : AGTM parsing failed flags.readFromStream(s) at 159
07-10 13:40:38.470   530   530 W skia    : AGTM parsing failed flags.readFromStream(s) at 159
07-10 13:40:38.488   530   530 W skia    : AGTM parsing failed flags.readFromStream(s) at 159
07-10 13:40:38.504   530   530 W skia    : AGTM parsing failed flags.readFromStream(s) at 159
07-10 13:40:38.520   530   530 W skia    : AGTM parsing failed flags.readFromStream(s) at 159
07-10 13:40:38.532   530   579 W skia    : AGTM parsing failed flags.readFromStream(s) at 159
07-10 13:40:38.538   530   530 W skia    : AGTM parsing failed flags.readFromStream(s) at 159
07-10 13:40:38.554   530   530 W skia    : AGTM parsing failed flags.readFromStream(s) at 159
07-10 13:40:38.570   530   530 W skia    : AGTM parsing failed flags.readFromStream(s) at 159
07-10 13:40:38.586   530   530 W skia    : AGTM parsing failed flags.readFromStream(s) at 159
07-10 13:40:38.603   530   530 W skia    : AGTM parsing failed flags.readFromStream(s) at 159
07-10 13:40:38.620   530   530 W skia    : AGTM parsing failed flags.readFromStream(s) at 159
07-10 13:40:38.636   530   530 W skia    : AGTM parsing failed flags.readFromStream(s) at 159
07-10 13:40:38.642   530   579 W skia    : AGTM parsing failed flags.readFromStream(s) at 159
07-10 13:40:38.654   530   530 W skia    : AGTM parsing failed flags.readFromStream(s) at 159
07-10 13:40:38.670   530   530 W skia    : AGTM parsing failed flags.readFromStream(s) at 159
07-10 13:40:38.687   530   530 W skia    : AGTM parsing failed flags.readFromStream(s) at 159
07-10 13:40:38.703   530   530 W skia    : AGTM parsing failed flags.readFromStream(s) at 159
07-10 13:40:38.720   530   530 W skia    : AGTM parsing failed flags.readFromStream(s) at 159
07-10 13:40:38.737   530   530 W skia    : AGTM parsing failed flags.readFromStream(s) at 159
07-10 13:40:38.746   530   579 W skia    : AGTM parsing failed flags.readFromStream(s) at 159
07-10 13:40:38.753   530   530 W skia    : AGTM parsing failed flags.readFromStream(s) at 159
07-10 13:40:38.770   530   530 W skia    : AGTM parsing failed flags.readFromStream(s) at 159
07-10 13:40:38.772  1802  1802 I adbd    : adbd service requested 'shell,v2,raw:dumpsys package com.google.android.gms'
07-10 13:40:38.786   530   530 W skia    : AGTM parsing failed flags.readFromStream(s) at 159
07-10 13:40:38.803   530   530 W skia    : AGTM parsing failed flags.readFromStream(s) at 159
07-10 13:40:38.820   530   530 W skia    : AGTM parsing failed flags.readFromStream(s) at 159
07-10 13:40:38.836   530   530 W skia    : AGTM parsing failed flags.readFromStream(s) at 159
07-10 13:40:38.847   530   579 W skia    : AGTM parsing failed flags.readFromStream(s) at 159
07-10 13:40:38.853   530   530 W skia    : AGTM parsing failed flags.readFromStream(s) at 159
07-10 13:40:38.870   530   530 W skia    : AGTM parsing failed flags.readFromStream(s) at 159
07-10 13:40:38.886   530   530 W skia    : AGTM parsing failed flags.readFromStream(s) at 159
07-10 13:40:38.904   530   530 W skia    : AGTM parsing failed flags.readFromStream(s) at 159
07-10 13:40:38.920   530   530 W skia    : AGTM parsing failed flags.readFromStream(s) at 159
07-10 13:40:38.937   530   530 W skia    : AGTM parsing failed flags.readFromStream(s) at 159
07-10 13:40:38.947   814   814 I artd    : GetBestInfo: odex in dalvik-cache (/data/dalvik-cache/x86_64/apex@com.google.android.gmssystem@priv-app@PrebuiltGmsCoreVic@CP31.260618.005@PrebuiltGmsCoreVic.apk@classes.dex) is kOatUpToDate with filter 'verify' executable 'false'
07-10 13:40:38.947   814   814 I artd    : GetBestInfo: odex in dalvik-cache (/data/dalvik-cache/x86_64/apex@com.google.android.gmssystem@priv-app@PrebuiltGmsCoreVic@CP31.260618.005@PrebuiltGmsCoreVic.apk@classes.dex) is kOatUpToDate with filter 'verify' executable 'false'
07-10 13:40:38.948   530   579 W skia    : AGTM parsing failed flags.readFromStream(s) at 159
07-10 13:40:38.948   814   814 I artd    : GetBestInfo: /data/user_de/0/com.google.android.gms/app_chimera/m/00000001/CronetDynamite.apk has no usable artifacts
07-10 13:40:38.948   814   814 I artd    : GetBestInfo: /data/user_de/0/com.google.android.gms/app_chimera/m/00000002/DynamiteLoader.apk has no usable artifacts
07-10 13:40:38.949   814   814 I artd    : GetBestInfo: /data/user_de/0/com.google.android.gms/app_chimera/m/00000005/GoogleCertificates.apk has no usable artifacts
07-10 13:40:38.949   814   814 I artd    : GetBestInfo: /data/user_de/0/com.google.android.gms/app_chimera/m/00000007/MeasurementDynamite.apk has no usable artifacts
07-10 13:40:38.954   530   530 W skia    : AGTM parsing failed flags.readFromStream(s) at 159
07-10 13:40:38.970   530   530 W skia    : AGTM parsing failed flags.readFromStream(s) at 159
07-10 13:40:38.987   530   530 W skia    : AGTM parsing failed flags.readFromStream(s) at 159
07-10 13:40:39.003   530   530 W skia    : AGTM parsing failed flags.readFromStream(s) at 159
07-10 13:40:39.020   530   530 W skia    : AGTM parsing failed flags.readFromStream(s) at 159
07-10 13:40:39.037   530   530 W skia    : AGTM parsing failed flags.readFromStream(s) at 159
07-10 13:40:39.048   530   579 W skia    : AGTM parsing failed flags.readFromStream(s) at 159
07-10 13:40:39.054   530   530 W skia    : AGTM parsing failed flags.readFromStream(s) at 159
07-10 13:40:39.070   530   530 W skia    : AGTM parsing failed flags.readFromStream(s) at 159
07-10 13:40:39.086   530   530 W skia    : AGTM parsing failed flags.readFromStream(s) at 159
07-10 13:40:39.102  1357  1357 I wpa_supplicant: wlan0: CTRL-EVENT-BEACON-LOSS 
07-10 13:40:39.104   530   530 W skia    : AGTM parsing failed flags.readFromStream(s) at 159
07-10 13:40:39.120   530   530 W skia    : AGTM parsing failed flags.readFromStream(s) at 159
07-10 13:40:39.138   530   530 W skia    : AGTM parsing failed flags.readFromStream(s) at 159
07-10 13:40:39.149   530   579 W skia    : AGTM parsing failed flags.readFromStream(s) at 159
07-10 13:40:39.153   530   530 W skia    : AGTM parsing failed flags.readFromStream(s) at 159
07-10 13:40:39.170   530   530 W skia    : AGTM parsing failed flags.readFromStream(s) at 159
07-10 13:40:39.187   530   530 W skia    : AGTM parsing failed flags.readFromStream(s) at 159
07-10 13:40:39.204   530   530 W skia    : AGTM parsing failed flags.readFromStream(s) at 159
07-10 13:40:39.220   530   530 W skia    : AGTM parsing failed flags.readFromStream(s) at 159
07-10 13:40:39.237   530   530 W skia    : AGTM parsing failed flags.readFromStream(s) at 159
07-10 13:40:39.253   530   530 W skia    : AGTM parsing failed flags.readFromStream(s) at 159
07-10 13:40:39.259   530   579 W skia    : AGTM parsing failed flags.readFromStream(s) at 159
07-10 13:40:39.271   530   530 W skia    : AGTM parsing failed flags.readFromStream(s) at 159
07-10 13:40:39.288   530   530 W skia    : AGTM parsing failed flags.readFromStream(s) at 159
07-10 13:40:39.303   530   530 W skia    : AGTM parsing failed flags.readFromStream(s) at 159
07-10 13:40:39.320   530   530 W skia    : AGTM parsing failed flags.readFromStream(s) at 159
07-10 13:40:39.337   530   530 W skia    : AGTM parsing failed flags.readFromStream(s) at 159
07-10 13:40:39.354   530   530 W skia    : AGTM parsing failed flags.readFromStream(s) at 159
07-10 13:40:39.359   530   579 W skia    : AGTM parsing failed flags.readFromStream(s) at 159
07-10 13:40:39.371   530   530 W skia    : AGTM parsing failed flags.readFromStream(s) at 159
07-10 13:40:39.386   530   530 W skia    : AGTM parsing failed flags.readFromStream(s) at 159
07-10 13:40:39.403   530   530 W skia    : AGTM parsing failed flags.readFromStream(s) at 159
07-10 13:40:39.420   530   530 W skia    : AGTM parsing failed flags.readFromStream(s) at 159
07-10 13:40:39.437   530   530 W skia    : AGTM parsing failed flags.readFromStream(s) at 159
07-10 13:40:39.453   530   530 W skia    : AGTM parsing failed flags.readFromStream(s) at 159
07-10 13:40:39.460   530   579 W skia    : AGTM parsing failed flags.readFromStream(s) at 159
07-10 13:40:39.470   530   530 W skia    : AGTM parsing failed flags.readFromStream(s) at 159
07-10 13:40:39.487   530   530 W skia    : AGTM parsing failed flags.readFromStream(s) at 159
07-10 13:40:39.503   530   530 W skia    : AGTM parsing failed flags.readFromStream(s) at 159
07-10 13:40:39.521   530   530 W skia    : AGTM parsing failed flags.readFromStream(s) at 159
07-10 13:40:39.536   530   530 W skia    : AGTM parsing failed flags.readFromStream(s) at 159
07-10 13:40:39.554   530   530 W skia    : AGTM parsing failed flags.readFromStream(s) at 159
07-10 13:40:39.561   530   579 W skia    : AGTM parsing failed flags.readFromStream(s) at 159
07-10 13:40:39.570   530   530 W skia    : AGTM parsing failed flags.readFromStream(s) at 159
07-10 13:40:39.586   530   530 W skia    : AGTM parsing failed flags.readFromStream(s) at 159
07-10 13:40:39.604   530   530 W skia    : AGTM parsing failed flags.readFromStream(s) at 159
07-10 13:40:39.620   530   530 W skia    : AGTM parsing failed flags.readFromStream(s) at 159
07-10 13:40:39.636   530   530 W skia    : AGTM parsing failed flags.readFromStream(s) at 159
07-10 13:40:39.653   530   530 W skia    : AGTM parsing failed flags.readFromStream(s) at 159
07-10 13:40:39.662   530   579 W skia    : AGTM parsing failed flags.readFromStream(s) at 159
07-10 13:40:39.669   530   530 W skia    : AGTM parsing failed flags.readFromStream(s) at 159
07-10 13:40:39.687   530   530 W skia    : AGTM parsing failed flags.readFromStream(s) at 159
07-10 13:40:39.703   530   530 W skia    : AGTM parsing failed flags.readFromStream(s) at 159
07-10 13:40:39.720   530   530 W skia    : AGTM parsing failed flags.readFromStream(s) at 159
07-10 13:40:39.737   530   530 W skia    : AGTM parsing failed flags.readFromStream(s) at 159
07-10 13:40:39.754   530   530 W skia    : AGTM parsing failed flags.readFromStream(s) at 159
07-10 13:40:39.763   530   579 W skia    : AGTM parsing failed flags.readFromStream(s) at 159
07-10 13:40:39.770   530   530 W skia    : AGTM parsing failed flags.readFromStream(s) at 159
07-10 13:40:39.786   530   530 W skia    : AGTM parsing failed flags.readFromStream(s) at 159
07-10 13:40:39.803   530   530 W skia    : AGTM parsing failed flags.readFromStream(s) at 159
07-10 13:40:39.820   530   530 W skia    : AGTM parsing failed flags.readFromStream(s) at 159
07-10 13:40:39.837   530   530 W skia    : AGTM parsing failed flags.readFromStream(s) at 159
07-10 13:40:39.853   530   530 W skia    : AGTM parsing failed flags.readFromStream(s) at 159
07-10 13:40:39.864   530   579 W skia    : AGTM parsing failed flags.readFromStream(s) at 159
07-10 13:40:39.870   530   530 W skia    : AGTM parsing failed flags.readFromStream(s) at 159
07-10 13:40:39.886   530   530 W skia    : AGTM parsing failed flags.readFromStream(s) at 159
07-10 13:40:39.904   530   530 W skia    : AGTM parsing failed flags.readFromStream(s) at 159
07-10 13:40:39.920   530   530 W skia    : AGTM parsing failed flags.readFromStream(s) at 159
07-10 13:40:39.938   530   530 W skia    : AGTM parsing failed flags.readFromStream(s) at 159
07-10 13:40:39.954   530   530 W skia    : AGTM parsing failed flags.readFromStream(s) at 159
07-10 13:40:39.966   530   579 W skia    : AGTM parsing failed flags.readFromStream(s) at 159
07-10 13:40:39.971   530   530 W skia    : AGTM parsing failed flags.readFromStream(s) at 159
07-10 13:40:39.986   530   530 W skia    : AGTM parsing failed flags.readFromStream(s) at 159
07-10 13:40:40.003   530   530 W skia    : AGTM parsing failed flags.readFromStream(s) at 159
07-10 13:40:40.020   530   530 W skia    : AGTM parsing failed flags.readFromStream(s) at 159
07-10 13:40:40.037   530   530 W skia    : AGTM parsing failed flags.readFromStream(s) at 159
07-10 13:40:40.054   530   530 W skia    : AGTM parsing failed flags.readFromStream(s) at 159
07-10 13:40:40.070   530   530 W skia    : AGTM parsing failed flags.readFromStream(s) at 159
07-10 13:40:40.074   530   579 W skia    : AGTM parsing failed flags.readFromStream(s) at 159
07-10 13:40:40.086   530   530 W skia    : AGTM parsing failed flags.readFromStream(s) at 159
07-10 13:40:40.104   530   530 W skia    : AGTM parsing failed flags.readFromStream(s) at 159
07-10 13:40:40.120   530   530 W skia    : AGTM parsing failed flags.readFromStream(s) at 159
07-10 13:40:40.137   530   530 W skia    : AGTM parsing failed flags.readFromStream(s) at 159
07-10 13:40:40.154   530   530 W skia    : AGTM parsing failed flags.readFromStream(s) at 159
07-10 13:40:40.170   530   530 W skia    : AGTM parsing failed flags.readFromStream(s) at 159
07-10 13:40:40.177   530   579 W skia    : AGTM parsing failed flags.readFromStream(s) at 159
07-10 13:40:40.187   530   530 W skia    : AGTM parsing failed flags.readFromStream(s) at 159
07-10 13:40:40.204   530   530 W skia    : AGTM parsing failed flags.readFromStream(s) at 159
07-10 13:40:40.220   530   530 W skia    : AGTM parsing failed flags.readFromStream(s) at 159
07-10 13:40:40.237   530   530 W skia    : AGTM parsing failed flags.readFromStream(s) at 159
07-10 13:40:40.254   530   530 W skia    : AGTM parsing failed flags.readFromStream(s) at 159
07-10 13:40:40.270   530   530 W skia    : AGTM parsing failed flags.readFromStream(s) at 159
07-10 13:40:40.279   530   579 W skia    : AGTM parsing failed flags.readFromStream(s) at 159
07-10 13:40:40.288   530   530 W skia    : AGTM parsing failed flags.readFromStream(s) at 159
07-10 13:40:40.304   530   530 W skia    : AGTM parsing failed flags.readFromStream(s) at 159
07-10 13:40:40.320   530   530 W skia    : AGTM parsing failed flags.readFromStream(s) at 159
07-10 13:40:40.338   530   530 W skia    : AGTM parsing failed flags.readFromStream(s) at 159
07-10 13:40:40.353   530   530 W skia    : AGTM parsing failed flags.readFromStream(s) at 159
07-10 13:40:40.371   530   530 W skia    : AGTM parsing failed flags.readFromStream(s) at 159
07-10 13:40:40.379   530   579 W skia    : AGTM parsing failed flags.readFromStream(s) at 159
07-10 13:40:40.386   530   530 W skia    : AGTM parsing failed flags.readFromStream(s) at 159
07-10 13:40:40.403   530   530 W skia    : AGTM parsing failed flags.readFromStream(s) at 159
07-10 13:40:40.420   530   530 W skia    : AGTM parsing failed flags.readFromStream(s) at 159
07-10 13:40:40.436   530   530 W skia    : AGTM parsing failed flags.readFromStream(s) at 159
07-10 13:40:40.453   530   530 W skia    : AGTM parsing failed flags.readFromStream(s) at 159
07-10 13:40:40.471   530   530 W skia    : AGTM parsing failed flags.readFromStream(s) at 159
07-10 13:40:40.481   530   579 W skia    : AGTM parsing failed flags.readFromStream(s) at 159
07-10 13:40:40.488   530   530 W skia    : AGTM parsing failed flags.readFromStream(s) at 159
07-10 13:40:40.504   530   530 W skia    : AGTM parsing failed flags.readFromStream(s) at 159
07-10 13:40:40.521   530   530 W skia    : AGTM parsing failed flags.readFromStream(s) at 159
07-10 13:40:40.538   530   530 W skia    : AGTM parsing failed flags.readFromStream(s) at 159
07-10 13:40:40.554   530   530 W skia    : AGTM parsing failed flags.readFromStream(s) at 159
07-10 13:40:40.567   669  1034 E WifiDataStall: Ignore this poll. newStats: null txLinkSpeedMbps: 1 rxLinkSpeedMbps: 2 rssi: -50 connectionCapabilities: com.android.server.wifi.WifiNative$ConnectionCapabilities@8d12315
07-10 13:40:40.570   530   530 W skia    : AGTM parsing failed flags.readFromStream(s) at 159
07-10 13:40:40.582   530   579 W skia    : AGTM parsing failed flags.readFromStream(s) at 159
07-10 13:40:40.587   530   530 W skia    : AGTM parsing failed flags.readFromStream(s) at 159
07-10 13:40:40.604   530   530 W skia    : AGTM parsing failed flags.readFromStream(s) at 159
07-10 13:40:40.620   530   530 W skia    : AGTM parsing failed flags.readFromStream(s) at 159
07-10 13:40:40.636   530   530 W skia    : AGTM parsing failed flags.readFromStream(s) at 159
07-10 13:40:40.654   530   530 W skia    : AGTM parsing failed flags.readFromStream(s) at 159
07-10 13:40:40.670   530   530 W skia    : AGTM parsing failed flags.readFromStream(s) at 159
07-10 13:40:40.682   530   579 W skia    : AGTM parsing failed flags.readFromStream(s) at 159
07-10 13:40:40.688   530   530 W skia    : AGTM parsing failed flags.readFromStream(s) at 159
07-10 13:40:40.703   530   530 W skia    : AGTM parsing failed flags.readFromStream(s) at 159
07-10 13:40:40.721   530   530 W skia    : AGTM parsing failed flags.readFromStream(s) at 159
07-10 13:40:40.738   530   530 W skia    : AGTM parsing failed flags.readFromStream(s) at 159
07-10 13:40:40.753   530   530 W skia    : AGTM parsing failed flags.readFromStream(s) at 159
07-10 13:40:40.770   530   530 W skia    : AGTM parsing failed flags.readFromStream(s) at 159
07-10 13:40:40.783   530   579 W skia    : AGTM parsing failed flags.readFromStream(s) at 159
07-10 13:40:40.787   530   530 W skia    : AGTM parsing failed flags.readFromStream(s) at 159
07-10 13:40:40.804   530   530 W skia    : AGTM parsing failed flags.readFromStream(s) at 159
07-10 13:40:40.820   530   530 W skia    : AGTM parsing failed flags.readFromStream(s) at 159
07-10 13:40:40.837   530   530 W skia    : AGTM parsing failed flags.readFromStream(s) at 159
07-10 13:40:40.854   530   530 W skia    : AGTM parsing failed flags.readFromStream(s) at 159
07-10 13:40:40.870   530   530 W skia    : AGTM parsing failed flags.readFromStream(s) at 159
07-10 13:40:40.887   530   530 W skia    : AGTM parsing failed flags.readFromStream(s) at 159
07-10 13:40:40.894   530   579 W skia    : AGTM parsing failed flags.readFromStream(s) at 159
07-10 13:40:40.904   530   530 W skia    : AGTM parsing failed flags.readFromStream(s) at 159
07-10 13:40:40.921   530   530 W skia    : AGTM parsing failed flags.readFromStream(s) at 159
07-10 13:40:40.938   530   530 W skia    : AGTM parsing failed flags.readFromStream(s) at 159
07-10 13:40:40.954   530   530 W skia    : AGTM parsing failed flags.readFromStream(s) at 159
07-10 13:40:40.970   530   530 W skia    : AGTM parsing failed flags.readFromStream(s) at 159
07-10 13:40:40.986   530   530 W skia    : AGTM parsing failed flags.readFromStream(s) at 159
07-10 13:40:40.995   530   579 W skia    : AGTM parsing failed flags.readFromStream(s) at 159
07-10 13:40:41.003   530   530 W skia    : AGTM parsing failed flags.readFromStream(s) at 159
07-10 13:40:41.020   530   530 W skia    : AGTM parsing failed flags.readFromStream(s) at 159
07-10 13:40:41.037   530   530 W skia    : AGTM parsing failed flags.readFromStream(s) at 159
07-10 13:40:41.053   530   530 W skia    : AGTM parsing failed flags.readFromStream(s) at 159
07-10 13:40:41.070   530   530 W skia    : AGTM parsing failed flags.readFromStream(s) at 159
07-10 13:40:41.087   530   530 W skia    : AGTM parsing failed flags.readFromStream(s) at 159
07-10 13:40:41.096   530   579 W skia    : AGTM parsing failed flags.readFromStream(s) at 159
07-10 13:40:41.104   530   530 W skia    : AGTM parsing failed flags.readFromStream(s) at 159
07-10 13:40:41.120   530   530 W skia    : AGTM parsing failed flags.readFromStream(s) at 159
07-10 13:40:41.137   530   530 W skia    : AGTM parsing failed flags.readFromStream(s) at 159
07-10 13:40:41.154   530   530 W skia    : AGTM parsing failed flags.readFromStream(s) at 159
07-10 13:40:41.170   530   530 W skia    : AGTM parsing failed flags.readFromStream(s) at 159
07-10 13:40:41.187   530   530 W skia    : AGTM parsing failed flags.readFromStream(s) at 159
07-10 13:40:41.198   530   579 W skia    : AGTM parsing failed flags.readFromStream(s) at 159
07-10 13:40:41.204   530   530 W skia    : AGTM parsing failed flags.readFromStream(s) at 159
07-10 13:40:41.220   530   530 W skia    : AGTM parsing failed flags.readFromStream(s) at 159
07-10 13:40:41.237   530   530 W skia    : AGTM parsing failed flags.readFromStream(s) at 159
07-10 13:40:41.253   530   530 W skia    : AGTM parsing failed flags.readFromStream(s) at 159
07-10 13:40:41.271   530   530 W skia    : AGTM parsing failed flags.readFromStream(s) at 159
07-10 13:40:41.287   530   530 W skia    : AGTM parsing failed flags.readFromStream(s) at 159
07-10 13:40:41.300   530   579 W skia    : AGTM parsing failed flags.readFromStream(s) at 159
07-10 13:40:41.304   530   530 W skia    : AGTM parsing failed flags.readFromStream(s) at 159
07-10 13:40:41.320   530   530 W skia    : AGTM parsing failed flags.readFromStream(s) at 159
07-10 13:40:41.337   530   530 W skia    : AGTM parsing failed flags.readFromStream(s) at 159
07-10 13:40:41.354   530   530 W skia    : AGTM parsing failed flags.readFromStream(s) at 159
07-10 13:40:41.370   530   530 W skia    : AGTM parsing failed flags.readFromStream(s) at 159
07-10 13:40:41.379  1299  1471 E SatelliteController: isSatelliteEnabled: mIsSatelliteEnabled=null
07-10 13:40:41.380  1299  1471 D SatelliteController: isInCarrierRoamingNbIotNtn: satellite is disabled
07-10 13:40:41.380  1299  1471 D SatelliteController: getCarrierRoamingNtnConnectType: Checking connect type from PLMN config for subId: 1
07-10 13:40:41.380  1299  1471 D TelephonyConfigUpdateInstallReceiver: getConfigParser: domain=satellite
07-10 13:40:41.380  1299  1471 V SatelliteController: satelliteConfigParser is not ready
07-10 13:40:41.380  1299  1471 D SatelliteController: isSatelliteAttachSupportedViaConfigupdater: return null (satelliteConfig is null)
07-10 13:40:41.380  1299  1471 D SatelliteController: getConfigForSubId: subId= 1, config= PersistableBundle[{satellite_esos_supported_bool=false, satellite_connection_hysteresis_sec_int=180, satellite_supported_disaster_plmn_string_array=[], regional_satellite_earfcn_bundle=PersistableBundle[{}], satellite_entitlement_supported_bool=false, satellite_supported_emergency_plmn_string_array=[], satellite_configs_per_plmn_bundle=PersistableBundle[{}], satellite_sos_max_datagram_size_bytes_int=255, satellite_supported_msg_apps_string_array=[com.google.android.apps.messaging], satellite_connected_notification_throttle_millis_int=604800000, satellite_display_name_string=, satellite_roaming_p2p_sms_inactivity_timeout_sec_int=180, satellite_roaming_turn_off_session_for_emergency_call_bool=true, emergency_messaging_supported_bool=false, carrier_roaming_satellite_emergency_messaging_provider_per_country_bundle=PersistableBundle[{}], satellite_data_support_mode_int=0, carrier_roaming_ntn_connect_type_int=0, satellite_attach_supported_bool=false, carrier_roaming_satellite_emergency_messaging_redirection_destination_string=, satellite_nidd_apn_name_string=, carrier_supported_satellite_services_per_provider_bundle=PersistableBundle[{310830=[2, 3, 6]}], satellite_roaming_esos_inactivity_timeout_sec_int=300, carrier_supported_satellite_notification_hysteresis_sec_int=180, carrier_config_applied_bool=true, carrier_roaming_ntn_emergency_call_to_satellite_handover_type_int=2, carrier_roaming_satellite_default_services_int_array=[2, 3, 6], imsserviceentitlement.entitlement_server_url_string=, emergency_call_to_satellite_t911_handover_timeout_millis_int=30000, satellite_roaming_p2p_sms_supported_bool=false, carrier_config_version_string=, satellite_roaming_screen_off_inactivity_timeout_sec_int=30}]
07-10 13:40:41.380  1299  1471 D SatelliteController: isSatelliteSupportedViaCarrier: using CarrierConfig for subId=1, isAttachSupported=false
07-10 13:40:41.380  1299  1471 D SatelliteController: getSatellitePerPlmnConfiguration: invalid subId or not supported via carrier.
07-10 13:40:41.380  1299  1471 D SatelliteController: getCarrierRoamingNtnConnectType: config: null
07-10 13:40:41.380  1299  1471 D TelephonyConfigUpdateInstallReceiver: getConfigParser: domain=satellite
07-10 13:40:41.380  1299  1471 V SatelliteController: satelliteConfigParser is not ready
07-10 13:40:41.380  1299  1471 D SatelliteController: getCarrierRoamingNtnConnectTypeViaConfigUpdater: return null (satelliteConfig is null)
07-10 13:40:41.380  1299  1471 D SatelliteController: getConfigForSubId: subId= 1, config= PersistableBundle[{satellite_esos_supported_bool=false, satellite_connection_hysteresis_sec_int=180, satellite_supported_disaster_plmn_string_array=[], regional_satellite_earfcn_bundle=PersistableBundle[{}], satellite_entitlement_supported_bool=false, satellite_supported_emergency_plmn_string_array=[], satellite_configs_per_plmn_bundle=PersistableBundle[{}], satellite_sos_max_datagram_size_bytes_int=255, satellite_supported_msg_apps_string_array=[com.google.android.apps.messaging], satellite_connected_notification_throttle_millis_int=604800000, satellite_display_name_string=, satellite_roaming_p2p_sms_inactivity_timeout_sec_int=180, satellite_roaming_turn_off_session_for_emergency_call_bool=true, emergency_messaging_supported_bool=false, carrier_roaming_satellite_emergency_messaging_provider_per_country_bundle=PersistableBundle[{}], satellite_data_support_mode_int=0, carrier_roaming_ntn_connect_type_int=0, satellite_attach_supported_bool=false, carrier_roaming_satellite_emergency_messaging_redirection_destination_string=, satellite_nidd_apn_name_string=, carrier_supported_satellite_services_per_provider_bundle=PersistableBundle[{310830=[2, 3, 6]}], satellite_roaming_esos_inactivity_timeout_sec_int=300, carrier_supported_satellite_notification_hysteresis_sec_int=180, carrier_config_applied_bool=true, carrier_roaming_ntn_emergency_call_to_satellite_handover_type_int=2, carrier_roaming_satellite_default_services_int_array=[2, 3, 6], imsserviceentitlement.entitlement_server_url_string=, emergency_call_to_satellite_t911_handover_timeout_millis_int=30000, satellite_roaming_p2p_sms_supported_bool=false, carrier_config_version_string=, satellite_roaming_screen_off_inactivity_timeout_sec_int=30}]
07-10 13:40:41.380  1299  1471 D SatelliteController: getCarrierRoamingNtnConnectType: Falling back to global carrier config connect type: 0
07-10 13:40:41.380  1299  1471 D TelephonyConfigUpdateInstallReceiver: getConfigParser: domain=satellite
07-10 13:40:41.380  1299  1471 V SatelliteController: satelliteConfigParser is not ready
07-10 13:40:41.380  1299  1471 D SatelliteController: isSatelliteAttachSupportedViaConfigupdater: return null (satelliteConfig is null)
07-10 13:40:41.380  1299  1471 D SatelliteController: getConfigForSubId: subId= 1, config= PersistableBundle[{satellite_esos_supported_bool=false, satellite_connection_hysteresis_sec_int=180, satellite_supported_disaster_plmn_string_array=[], regional_satellite_earfcn_bundle=PersistableBundle[{}], satellite_entitlement_supported_bool=false, satellite_supported_emergency_plmn_string_array=[], satellite_configs_per_plmn_bundle=PersistableBundle[{}], satellite_sos_max_datagram_size_bytes_int=255, satellite_supported_msg_apps_string_array=[com.google.android.apps.messaging], satellite_connected_notification_throttle_millis_int=604800000, satellite_display_name_string=, satellite_roaming_p2p_sms_inactivity_timeout_sec_int=180, satellite_roaming_turn_off_session_for_emergency_call_bool=true, emergency_messaging_supported_bool=false, carrier_roaming_satellite_emergency_messaging_provider_per_country_bundle=PersistableBundle[{}], satellite_data_support_mode_int=0, carrier_roaming_ntn_connect_type_int=0, satellite_attach_supported_bool=false, carrier_roaming_satellite_emergency_messaging_redirection_destination_string=, satellite_nidd_apn_name_string=, carrier_supported_satellite_services_per_provider_bundle=PersistableBundle[{310830=[2, 3, 6]}], satellite_roaming_esos_inactivity_timeout_sec_int=300, carrier_supported_satellite_notification_hysteresis_sec_int=180, carrier_config_applied_bool=true, carrier_roaming_ntn_emergency_call_to_satellite_handover_type_int=2, carrier_roaming_satellite_default_services_int_array=[2, 3, 6], imsserviceentitlement.entitlement_server_url_string=, emergency_call_to_satellite_t911_handover_timeout_millis_int=30000, satellite_roaming_p2p_sms_supported_bool=false, carrier_config_version_string=, satellite_roaming_screen_off_inactivity_timeout_sec_int=30}]
07-10 13:40:41.380  1299  1471 D SatelliteController: isSatelliteSupportedViaCarrier: using CarrierConfig for subId=1, isAttachSupported=false
07-10 13:40:41.380  1299  1471 D SatelliteController: isInSatelliteModeForCarrierRoaming: subId=1, connectType=0, result=false
07-10 13:40:41.380  1299  1471 D SatelliteController: getCarrierRoamingNtnConnectType: Checking connect type from PLMN config for subId: 1
07-10 13:40:41.380  1299  1471 D TelephonyConfigUpdateInstallReceiver: getConfigParser: domain=satellite
07-10 13:40:41.380  1299  1471 V SatelliteController: satelliteConfigParser is not ready
07-10 13:40:41.380  1299  1471 D SatelliteController: isSatelliteAttachSupportedViaConfigupdater: return null (satelliteConfig is null)
07-10 13:40:41.381  1299  1471 D SatelliteController: getConfigForSubId: subId= 1, config= PersistableBundle[{satellite_esos_supported_bool=false, satellite_connection_hysteresis_sec_int=180, satellite_supported_disaster_plmn_string_array=[], regional_satellite_earfcn_bundle=PersistableBundle[{}], satellite_entitlement_supported_bool=false, satellite_supported_emergency_plmn_string_array=[], satellite_configs_per_plmn_bundle=PersistableBundle[{}], satellite_sos_max_datagram_size_bytes_int=255, satellite_supported_msg_apps_string_array=[com.google.android.apps.messaging], satellite_connected_notification_throttle_millis_int=604800000, satellite_display_name_string=, satellite_roaming_p2p_sms_inactivity_timeout_sec_int=180, satellite_roaming_turn_off_session_for_emergency_call_bool=true, emergency_messaging_supported_bool=false, carrier_roaming_satellite_emergency_messaging_provider_per_country_bundle=PersistableBundle[{}], satellite_data_support_mode_int=0, carrier_roaming_ntn_connect_type_int=0, satellite_attach_supported_bool=false, carrier_roaming_satellite_emergency_messaging_redirection_destination_string=, satellite_nidd_apn_name_string=, carrier_supported_satellite_services_per_provider_bundle=PersistableBundle[{310830=[2, 3, 6]}], satellite_roaming_esos_inactivity_timeout_sec_int=300, carrier_supported_satellite_notification_hysteresis_sec_int=180, carrier_config_applied_bool=true, carrier_roaming_ntn_emergency_call_to_satellite_handover_type_int=2, carrier_roaming_satellite_default_services_int_array=[2, 3, 6], imsserviceentitlement.entitlement_server_url_string=, emergency_call_to_satellite_t911_handover_timeout_millis_int=30000, satellite_roaming_p2p_sms_supported_bool=false, carrier_config_version_string=, satellite_roaming_screen_off_inactivity_timeout_sec_int=30}]
07-10 13:40:41.381  1299  1471 D SatelliteController: isSatelliteSupportedViaCarrier: using CarrierConfig for subId=1, isAttachSupported=false
07-10 13:40:41.381  1299  1471 D SatelliteController: getSatellitePerPlmnConfiguration: invalid subId or not supported via carrier.
07-10 13:40:41.381  1299  1471 D SatelliteController: getCarrierRoamingNtnConnectType: config: null
07-10 13:40:41.381  1299  1471 D TelephonyConfigUpdateInstallReceiver: getConfigParser: domain=satellite
07-10 13:40:41.381  1299  1471 V SatelliteController: satelliteConfigParser is not ready
07-10 13:40:41.381  1299  1471 D SatelliteController: getCarrierRoamingNtnConnectTypeViaConfigUpdater: return null (satelliteConfig is null)
07-10 13:40:41.381  1299  1471 D SatelliteController: getConfigForSubId: subId= 1, config= PersistableBundle[{satellite_esos_supported_bool=false, satellite_connection_hysteresis_sec_int=180, satellite_supported_disaster_plmn_string_array=[], regional_satellite_earfcn_bundle=PersistableBundle[{}], satellite_entitlement_supported_bool=false, satellite_supported_emergency_plmn_string_array=[], satellite_configs_per_plmn_bundle=PersistableBundle[{}], satellite_sos_max_datagram_size_bytes_int=255, satellite_supported_msg_apps_string_array=[com.google.android.apps.messaging], satellite_connected_notification_throttle_millis_int=604800000, satellite_display_name_string=, satellite_roaming_p2p_sms_inactivity_timeout_sec_int=180, satellite_roaming_turn_off_session_for_emergency_call_bool=true, emergency_messaging_supported_bool=false, carrier_roaming_satellite_emergency_messaging_provider_per_country_bundle=PersistableBundle[{}], satellite_data_support_mode_int=0, carrier_roaming_ntn_connect_type_int=0, satellite_attach_supported_bool=false, carrier_roaming_satellite_emergency_messaging_redirection_destination_string=, satellite_nidd_apn_name_string=, carrier_supported_satellite_services_per_provider_bundle=PersistableBundle[{310830=[2, 3, 6]}], satellite_roaming_esos_inactivity_timeout_sec_int=300, carrier_supported_satellite_notification_hysteresis_sec_int=180, carrier_config_applied_bool=true, carrier_roaming_ntn_emergency_call_to_satellite_handover_type_int=2, carrier_roaming_satellite_default_services_int_array=[2, 3, 6], imsserviceentitlement.entitlement_server_url_string=, emergency_call_to_satellite_t911_handover_timeout_millis_int=30000, satellite_roaming_p2p_sms_supported_bool=false, carrier_config_version_string=, satellite_roaming_screen_off_inactivity_timeout_sec_int=30}]
07-10 13:40:41.381  1299  1471 D SatelliteController: getCarrierRoamingNtnConnectType: Falling back to global carrier config connect type: 0
07-10 13:40:41.381  1299  1471 D TelephonyConfigUpdateInstallReceiver: getConfigParser: domain=satellite
07-10 13:40:41.381  1299  1471 V SatelliteController: satelliteConfigParser is not ready
07-10 13:40:41.381  1299  1471 D SatelliteController: isSatelliteAttachSupportedViaConfigupdater: return null (satelliteConfig is null)
07-10 13:40:41.381  1299  1471 D SatelliteController: getConfigForSubId: subId= 1, config= PersistableBundle[{satellite_esos_supported_bool=false, satellite_connection_hysteresis_sec_int=180, satellite_supported_disaster_plmn_string_array=[], regional_satellite_earfcn_bundle=PersistableBundle[{}], satellite_entitlement_supported_bool=false, satellite_supported_emergency_plmn_string_array=[], satellite_configs_per_plmn_bundle=PersistableBundle[{}], satellite_sos_max_datagram_size_bytes_int=255, satellite_supported_msg_apps_string_array=[com.google.android.apps.messaging], satellite_connected_notification_throttle_millis_int=604800000, satellite_display_name_string=, satellite_roaming_p2p_sms_inactivity_timeout_sec_int=180, satellite_roaming_turn_off_session_for_emergency_call_bool=true, emergency_messaging_supported_bool=false, carrier_roaming_satellite_emergency_messaging_provider_per_country_bundle=PersistableBundle[{}], satellite_data_support_mode_int=0, carrier_roaming_ntn_connect_type_int=0, satellite_attach_supported_bool=false, carrier_roaming_satellite_emergency_messaging_redirection_destination_string=, satellite_nidd_apn_name_string=, carrier_supported_satellite_services_per_provider_bundle=PersistableBundle[{310830=[2, 3, 6]}], satellite_roaming_esos_inactivity_timeout_sec_int=300, carrier_supported_satellite_notification_hysteresis_sec_int=180, carrier_config_applied_bool=true, carrier_roaming_ntn_emergency_call_to_satellite_handover_type_int=2, carrier_roaming_satellite_default_services_int_array=[2, 3, 6], imsserviceentitlement.entitlement_server_url_string=, emergency_call_to_satellite_t911_handover_timeout_millis_int=30000, satellite_roaming_p2p_sms_supported_bool=false, carrier_config_version_string=, satellite_roaming_screen_off_inactivity_timeout_sec_int=30}]
07-10 13:40:41.381  1299  1471 D SatelliteController: isSatelliteSupportedViaCarrier: using CarrierConfig for subId=1, isAttachSupported=false
07-10 13:40:41.381  1299  1471 D SatelliteController: isInSatelliteModeForCarrierRoaming: subId=1, connectType=0, result=false
07-10 13:40:41.386   530   530 W skia    : AGTM parsing failed flags.readFromStream(s) at 159
07-10 13:40:41.403   530   530 W skia    : AGTM parsing failed flags.readFromStream(s) at 159
07-10 13:40:41.408   530   579 W skia    : AGTM parsing failed flags.readFromStream(s) at 159
07-10 13:40:41.420   530   530 W skia    : AGTM parsing failed flags.readFromStream(s) at 159
07-10 13:40:41.438   530   530 W skia    : AGTM parsing failed flags.readFromStream(s) at 159
07-10 13:40:41.454   530   530 W skia    : AGTM parsing failed flags.readFromStream(s) at 159
07-10 13:40:41.470   530   530 W skia    : AGTM parsing failed flags.readFromStream(s) at 159
07-10 13:40:41.486   530   530 W skia    : AGTM parsing failed flags.readFromStream(s) at 159
07-10 13:40:41.504   530   530 W skia    : AGTM parsing failed flags.readFromStream(s) at 159
07-10 13:40:41.510   530   579 W skia    : AGTM parsing failed flags.readFromStream(s) at 159
07-10 13:40:41.520   530   530 W skia    : AGTM parsing failed flags.readFromStream(s) at 159
07-10 13:40:41.537   530   530 W skia    : AGTM parsing failed flags.readFromStream(s) at 159
07-10 13:40:41.554   530   530 W skia    : AGTM parsing failed flags.readFromStream(s) at 159
07-10 13:40:41.570   530   530 W skia    : AGTM parsing failed flags.readFromStream(s) at 159
07-10 13:40:41.587   530   530 W skia    : AGTM parsing failed flags.readFromStream(s) at 159
07-10 13:40:41.604   530   530 W skia    : AGTM parsing failed flags.readFromStream(s) at 159
07-10 13:40:41.613   530   579 W skia    : AGTM parsing failed flags.readFromStream(s) at 159
07-10 13:40:41.620   530   530 W skia    : AGTM parsing failed flags.readFromStream(s) at 159
07-10 13:40:41.637   530   530 W skia    : AGTM parsing failed flags.readFromStream(s) at 159
07-10 13:40:41.654   530   530 W skia    : AGTM parsing failed flags.readFromStream(s) at 159
07-10 13:40:41.671   530   530 W skia    : AGTM parsing failed flags.readFromStream(s) at 159
07-10 13:40:41.686   530   530 W skia    : AGTM parsing failed flags.readFromStream(s) at 159
07-10 13:40:41.703   530   530 W skia    : AGTM parsing failed flags.readFromStream(s) at 159
07-10 13:40:41.714   530   579 W skia    : AGTM parsing failed flags.readFromStream(s) at 159
07-10 13:40:41.720   530   530 W skia    : AGTM parsing failed flags.readFromStream(s) at 159
07-10 13:40:41.737   530   530 W skia    : AGTM parsing failed flags.readFromStream(s) at 159
07-10 13:40:41.753   530   530 W skia    : AGTM parsing failed flags.readFromStream(s) at 159
07-10 13:40:41.770   530   530 W skia    : AGTM parsing failed flags.readFromStream(s) at 159
07-10 13:40:41.787   530   530 W skia    : AGTM parsing failed flags.readFromStream(s) at 159
07-10 13:40:41.804   530   530 W skia    : AGTM parsing failed flags.readFromStream(s) at 159
07-10 13:40:41.816   530   579 W skia    : AGTM parsing failed flags.readFromStream(s) at 159
07-10 13:40:41.820   530   530 W skia    : AGTM parsing failed flags.readFromStream(s) at 159
07-10 13:40:41.836   530   530 W skia    : AGTM parsing failed flags.readFromStream(s) at 159
07-10 13:40:41.854   530   530 W skia    : AGTM parsing failed flags.readFromStream(s) at 159
07-10 13:40:41.871   530   530 W skia    : AGTM parsing failed flags.readFromStream(s) at 159
07-10 13:40:41.886   530   530 W skia    : AGTM parsing failed flags.readFromStream(s) at 159
07-10 13:40:41.903   530   530 W skia    : AGTM parsing failed flags.readFromStream(s) at 159
07-10 13:40:41.920   530   530 W skia    : AGTM parsing failed flags.readFromStream(s) at 159
07-10 13:40:41.927   530   579 W skia    : AGTM parsing failed flags.readFromStream(s) at 159
07-10 13:40:41.936   530   530 W skia    : AGTM parsing failed flags.readFromStream(s) at 159
07-10 13:40:41.954   530   530 W skia    : AGTM parsing failed flags.readFromStream(s) at 159
07-10 13:40:41.970   530   530 W skia    : AGTM parsing failed flags.readFromStream(s) at 159
07-10 13:40:41.987   530   530 W skia    : AGTM parsing failed flags.readFromStream(s) at 159
07-10 13:40:42.003   530   530 W skia    : AGTM parsing failed flags.readFromStream(s) at 159
07-10 13:40:42.020   530   530 W skia    : AGTM parsing failed flags.readFromStream(s) at 159
07-10 13:40:42.028   530   579 W skia    : AGTM parsing failed flags.readFromStream(s) at 159
07-10 13:40:42.037   530   530 W skia    : AGTM parsing failed flags.readFromStream(s) at 159
07-10 13:40:42.054   530   530 W skia    : AGTM parsing failed flags.readFromStream(s) at 159
07-10 13:40:42.070   530   530 W skia    : AGTM parsing failed flags.readFromStream(s) at 159
07-10 13:40:42.086   530   530 W skia    : AGTM parsing failed flags.readFromStream(s) at 159
07-10 13:40:42.103   530   530 W skia    : AGTM parsing failed flags.readFromStream(s) at 159
07-10 13:40:42.120   530   530 W skia    : AGTM parsing failed flags.readFromStream(s) at 159
07-10 13:40:42.129   530   579 W skia    : AGTM parsing failed flags.readFromStream(s) at 159
07-10 13:40:42.137   530   530 W skia    : AGTM parsing failed flags.readFromStream(s) at 159
07-10 13:40:42.154   530   530 W skia    : AGTM parsing failed flags.readFromStream(s) at 159
07-10 13:40:42.171   530   530 W skia    : AGTM parsing failed flags.readFromStream(s) at 159
07-10 13:40:42.188   530   530 W skia    : AGTM parsing failed flags.readFromStream(s) at 159
07-10 13:40:42.203   530   530 W skia    : AGTM parsing failed flags.readFromStream(s) at 159
07-10 13:40:42.220   530   530 W skia    : AGTM parsing failed flags.readFromStream(s) at 159
07-10 13:40:42.230   530   579 W skia    : AGTM parsing failed flags.readFromStream(s) at 159
07-10 13:40:42.237   530   530 W skia    : AGTM parsing failed flags.readFromStream(s) at 159
07-10 13:40:42.253   530   530 W skia    : AGTM parsing failed flags.readFromStream(s) at 159
07-10 13:40:42.270   530   530 W skia    : AGTM parsing failed flags.readFromStream(s) at 159
07-10 13:40:42.287   530   530 W skia    : AGTM parsing failed flags.readFromStream(s) at 159
07-10 13:40:42.304   530   530 W skia    : AGTM parsing failed flags.readFromStream(s) at 159
07-10 13:40:42.320   530   530 W skia    : AGTM parsing failed flags.readFromStream(s) at 159
07-10 13:40:42.331   530   579 W skia    : AGTM parsing failed flags.readFromStream(s) at 159
07-10 13:40:42.338   530   530 W skia    : AGTM parsing failed flags.readFromStream(s) at 159
07-10 13:40:42.354   530   530 W skia    : AGTM parsing failed flags.readFromStream(s) at 159
07-10 13:40:42.371   530   530 W skia    : AGTM parsing failed flags.readFromStream(s) at 159
07-10 13:40:42.387   530   530 W skia    : AGTM parsing failed flags.readFromStream(s) at 159
07-10 13:40:42.403   530   530 W skia    : AGTM parsing failed flags.readFromStream(s) at 159
07-10 13:40:42.420   530   530 W skia    : AGTM parsing failed flags.readFromStream(s) at 159
07-10 13:40:42.433   530   579 W skia    : AGTM parsing failed flags.readFromStream(s) at 159
07-10 13:40:42.436   530   530 W skia    : AGTM parsing failed flags.readFromStream(s) at 159
07-10 13:40:42.454   530   530 W skia    : AGTM parsing failed flags.readFromStream(s) at 159
07-10 13:40:42.470   530   530 W skia    : AGTM parsing failed flags.readFromStream(s) at 159
07-10 13:40:42.486   530   530 W skia    : AGTM parsing failed flags.readFromStream(s) at 159
07-10 13:40:42.504   530   530 W skia    : AGTM parsing failed flags.readFromStream(s) at 159
07-10 13:40:42.520   530   530 W skia    : AGTM parsing failed flags.readFromStream(s) at 159
07-10 13:40:42.533   530   579 W skia    : AGTM parsing failed flags.readFromStream(s) at 159
07-10 13:40:42.537   530   530 W skia    : AGTM parsing failed flags.readFromStream(s) at 159
07-10 13:40:42.554   530   530 W skia    : AGTM parsing failed flags.readFromStream(s) at 159
07-10 13:40:42.570   530   530 W skia    : AGTM parsing failed flags.readFromStream(s) at 159
07-10 13:40:42.587   530   530 W skia    : AGTM parsing failed flags.readFromStream(s) at 159
07-10 13:40:42.604   530   530 W skia    : AGTM parsing failed flags.readFromStream(s) at 159
07-10 13:40:42.620   530   530 W skia    : AGTM parsing failed flags.readFromStream(s) at 159
07-10 13:40:42.636   530   530 W skia    : AGTM parsing failed flags.readFromStream(s) at 159
07-10 13:40:42.641   530   579 W skia    : AGTM parsing failed flags.readFromStream(s) at 159
07-10 13:40:42.653   530   530 W skia    : AGTM parsing failed flags.readFromStream(s) at 159
07-10 13:40:42.670   530   530 W skia    : AGTM parsing failed flags.readFromStream(s) at 159
07-10 13:40:42.687   530   530 W skia    : AGTM parsing failed flags.readFromStream(s) at 159
07-10 13:40:42.704   530   530 W skia    : AGTM parsing failed flags.readFromStream(s) at 159
07-10 13:40:42.720   530   530 W skia    : AGTM parsing failed flags.readFromStream(s) at 159
07-10 13:40:42.737   530   530 W skia    : AGTM parsing failed flags.readFromStream(s) at 159
07-10 13:40:42.742   530   579 W skia    : AGTM parsing failed flags.readFromStream(s) at 159
07-10 13:40:42.754   530   530 W skia    : AGTM parsing failed flags.readFromStream(s) at 159
07-10 13:40:42.771   530   530 W skia    : AGTM parsing failed flags.readFromStream(s) at 159
07-10 13:40:42.788   530   530 W skia    : AGTM parsing failed flags.readFromStream(s) at 159
07-10 13:40:42.803   530   530 W skia    : AGTM parsing failed flags.readFromStream(s) at 159
07-10 13:40:42.820   530   530 W skia    : AGTM parsing failed flags.readFromStream(s) at 159
07-10 13:40:42.839   530   530 W skia    : AGTM parsing failed flags.readFromStream(s) at 159
07-10 13:40:42.844   530   579 W skia    : AGTM parsing failed flags.readFromStream(s) at 159
07-10 13:40:42.853   530   530 W skia    : AGTM parsing failed flags.readFromStream(s) at 159
07-10 13:40:42.871   530   530 W skia    : AGTM parsing failed flags.readFromStream(s) at 159
07-10 13:40:42.887   530   530 W skia    : AGTM parsing failed flags.readFromStream(s) at 159
07-10 13:40:42.903   530   530 W skia    : AGTM parsing failed flags.readFromStream(s) at 159
07-10 13:40:42.920   530   530 W skia    : AGTM parsing failed flags.readFromStream(s) at 159
07-10 13:40:42.938   530   530 W skia    : AGTM parsing failed flags.readFromStream(s) at 159
07-10 13:40:42.945   530   579 W skia    : AGTM parsing failed flags.readFromStream(s) at 159
07-10 13:40:42.954   530   530 W skia    : AGTM parsing failed flags.readFromStream(s) at 159
07-10 13:40:42.970   530   530 W skia    : AGTM parsing failed flags.readFromStream(s) at 159
07-10 13:40:42.987   530   530 W skia    : AGTM parsing failed flags.readFromStream(s) at 159
07-10 13:40:43.004   530   530 W skia    : AGTM parsing failed flags.readFromStream(s) at 159
07-10 13:40:43.020   530   530 W skia    : AGTM parsing failed flags.readFromStream(s) at 159
07-10 13:40:43.036   530   530 W skia    : AGTM parsing failed flags.readFromStream(s) at 159
07-10 13:40:43.047   530   579 W skia    : AGTM parsing failed flags.readFromStream(s) at 159
07-10 13:40:43.053   530   530 W skia    : AGTM parsing failed flags.readFromStream(s) at 159
07-10 13:40:43.070   530   530 W skia    : AGTM parsing failed flags.readFromStream(s) at 159
07-10 13:40:43.087   530   530 W skia    : AGTM parsing failed flags.readFromStream(s) at 159
07-10 13:40:43.104   530   530 W skia    : AGTM parsing failed flags.readFromStream(s) at 159
07-10 13:40:43.121   530   530 W skia    : AGTM parsing failed flags.readFromStream(s) at 159
07-10 13:40:43.136   530   530 W skia    : AGTM parsing failed flags.readFromStream(s) at 159
07-10 13:40:43.148   530   579 W skia    : AGTM parsing failed flags.readFromStream(s) at 159
07-10 13:40:43.153   530   530 W skia    : AGTM parsing failed flags.readFromStream(s) at 159
07-10 13:40:43.170   530   530 W skia    : AGTM parsing failed flags.readFromStream(s) at 159
07-10 13:40:43.187   530   530 W skia    : AGTM parsing failed flags.readFromStream(s) at 159
07-10 13:40:43.204   530   530 W skia    : AGTM parsing failed flags.readFromStream(s) at 159
07-10 13:40:43.220   530   530 W skia    : AGTM parsing failed flags.readFromStream(s) at 159
07-10 13:40:43.237   530   530 W skia    : AGTM parsing failed flags.readFromStream(s) at 159
07-10 13:40:43.254   530   530 W skia    : AGTM parsing failed flags.readFromStream(s) at 159
07-10 13:40:43.260   530   579 W skia    : AGTM parsing failed flags.readFromStream(s) at 159
07-10 13:40:43.271   530   530 W skia    : AGTM parsing failed flags.readFromStream(s) at 159
07-10 13:40:43.287   530   530 W skia    : AGTM parsing failed flags.readFromStream(s) at 159
07-10 13:40:43.304   530   530 W skia    : AGTM parsing failed flags.readFromStream(s) at 159
07-10 13:40:43.320   530   530 W skia    : AGTM parsing failed flags.readFromStream(s) at 159
07-10 13:40:43.338   530   530 W skia    : AGTM parsing failed flags.readFromStream(s) at 159
07-10 13:40:43.354   530   530 W skia    : AGTM parsing failed flags.readFromStream(s) at 159
07-10 13:40:43.363   530   579 W skia    : AGTM parsing failed flags.readFromStream(s) at 159
07-10 13:40:43.370   530   530 W skia    : AGTM parsing failed flags.readFromStream(s) at 159
07-10 13:40:43.387   530   530 W skia    : AGTM parsing failed flags.readFromStream(s) at 159
07-10 13:40:43.404   530   530 W skia    : AGTM parsing failed flags.readFromStream(s) at 159
07-10 13:40:43.420   530   530 W skia    : AGTM parsing failed flags.readFromStream(s) at 159
07-10 13:40:43.439   530   530 W skia    : AGTM parsing failed flags.readFromStream(s) at 159
07-10 13:40:43.454   530   530 W skia    : AGTM parsing failed flags.readFromStream(s) at 159
07-10 13:40:43.464   530   579 W skia    : AGTM parsing failed flags.readFromStream(s) at 159
07-10 13:40:43.470   530   530 W skia    : AGTM parsing failed flags.readFromStream(s) at 159
07-10 13:40:43.488   530   530 W skia    : AGTM parsing failed flags.readFromStream(s) at 159
07-10 13:40:43.504   530   530 W skia    : AGTM parsing failed flags.readFromStream(s) at 159
07-10 13:40:43.520   530   530 W skia    : AGTM parsing failed flags.readFromStream(s) at 159
07-10 13:40:43.537   530   530 W skia    : AGTM parsing failed flags.readFromStream(s) at 159
07-10 13:40:43.553   530   530 W skia    : AGTM parsing failed flags.readFromStream(s) at 159
07-10 13:40:43.566   530   579 W skia    : AGTM parsing failed flags.readFromStream(s) at 159
07-10 13:40:43.570   530   530 W skia    : AGTM parsing failed flags.readFromStream(s) at 159
07-10 13:40:43.572   669  1034 E WifiDataStall: Ignore this poll. newStats: null txLinkSpeedMbps: 1 rxLinkSpeedMbps: 2 rssi: -50 connectionCapabilities: com.android.server.wifi.WifiNative$ConnectionCapabilities@8d12315
07-10 13:40:43.576  1228  1411 D IpClient/wlan0: interfaceLinkStateChanged: ifindex 16 up
07-10 13:40:43.581  1228  1411 D IpClient/wlan0: interfaceLinkStateChanged: ifindex 16 up
07-10 13:40:43.588   530   530 W skia    : AGTM parsing failed flags.readFromStream(s) at 159
07-10 13:40:43.604   530   530 W skia    : AGTM parsing failed flags.readFromStream(s) at 159
07-10 13:40:43.620   530   530 W skia    : AGTM parsing failed flags.readFromStream(s) at 159
07-10 13:40:43.636   530   530 W skia    : AGTM parsing failed flags.readFromStream(s) at 159
07-10 13:40:43.653   530   530 W skia    : AGTM parsing failed flags.readFromStream(s) at 159
07-10 13:40:43.671   530   530 W skia    : AGTM parsing failed flags.readFromStream(s) at 159
07-10 13:40:43.676   530   579 W skia    : AGTM parsing failed flags.readFromStream(s) at 159
07-10 13:40:43.687   530   530 W skia    : AGTM parsing failed flags.readFromStream(s) at 159
07-10 13:40:43.704   530   530 W skia    : AGTM parsing failed flags.readFromStream(s) at 159
07-10 13:40:43.720   530   530 W skia    : AGTM parsing failed flags.readFromStream(s) at 159
07-10 13:40:43.737   530   530 W skia    : AGTM parsing failed flags.readFromStream(s) at 159
07-10 13:40:43.753   530   530 W skia    : AGTM parsing failed flags.readFromStream(s) at 159
07-10 13:40:43.771   530   530 W skia    : AGTM parsing failed flags.readFromStream(s) at 159
07-10 13:40:43.778   530   579 W skia    : AGTM parsing failed flags.readFromStream(s) at 159
07-10 13:40:43.787   530   530 W skia    : AGTM parsing failed flags.readFromStream(s) at 159
07-10 13:40:43.804   530   530 W skia    : AGTM parsing failed flags.readFromStream(s) at 159
07-10 13:40:43.820   530   530 W skia    : AGTM parsing failed flags.readFromStream(s) at 159
07-10 13:40:43.837   530   530 W skia    : AGTM parsing failed flags.readFromStream(s) at 159
07-10 13:40:43.853   530   530 W skia    : AGTM parsing failed flags.readFromStream(s) at 159
07-10 13:40:43.870   530   530 W skia    : AGTM parsing failed flags.readFromStream(s) at 159
07-10 13:40:43.879   530   579 W skia    : AGTM parsing failed flags.readFromStream(s) at 159
07-10 13:40:43.887   530   530 W skia    : AGTM parsing failed flags.readFromStream(s) at 159
07-10 13:40:43.903   530   530 W skia    : AGTM parsing failed flags.readFromStream(s) at 159
07-10 13:40:43.920   530   530 W skia    : AGTM parsing failed flags.readFromStream(s) at 159
07-10 13:40:43.937   530   530 W skia    : AGTM parsing failed flags.readFromStream(s) at 159
07-10 13:40:43.954   530   530 W skia    : AGTM parsing failed flags.readFromStream(s) at 159
07-10 13:40:43.970   530   530 W skia    : AGTM parsing failed flags.readFromStream(s) at 159
07-10 13:40:43.980   530   579 W skia    : AGTM parsing failed flags.readFromStream(s) at 159
07-10 13:40:43.986   530   530 W skia    : AGTM parsing failed flags.readFromStream(s) at 159
07-10 13:40:44.004   530   530 W skia    : AGTM parsing failed flags.readFromStream(s) at 159
07-10 13:40:44.020   530   530 W skia    : AGTM parsing failed flags.readFromStream(s) at 159
07-10 13:40:44.037   530   530 W skia    : AGTM parsing failed flags.readFromStream(s) at 159
07-10 13:40:44.054   530   530 W skia    : AGTM parsing failed flags.readFromStream(s) at 159
07-10 13:40:44.070   530   530 W skia    : AGTM parsing failed flags.readFromStream(s) at 159
07-10 13:40:44.082   530   579 W skia    : AGTM parsing failed flags.readFromStream(s) at 159
07-10 13:40:44.087   530   530 W skia    : AGTM parsing failed flags.readFromStream(s) at 159
07-10 13:40:44.104   530   530 W skia    : AGTM parsing failed flags.readFromStream(s) at 159
07-10 13:40:44.121   530   530 W skia    : AGTM parsing failed flags.readFromStream(s) at 159
07-10 13:40:44.138   530   530 W skia    : AGTM parsing failed flags.readFromStream(s) at 159
07-10 13:40:44.154   530   530 W skia    : AGTM parsing failed flags.readFromStream(s) at 159
07-10 13:40:44.171   530   530 W skia    : AGTM parsing failed flags.readFromStream(s) at 159
07-10 13:40:44.183   530   579 W skia    : AGTM parsing failed flags.readFromStream(s) at 159
07-10 13:40:44.187   530   530 W skia    : AGTM parsing failed flags.readFromStream(s) at 159
07-10 13:40:44.204   530   530 W skia    : AGTM parsing failed flags.readFromStream(s) at 159
07-10 13:40:44.219   530   530 W skia    : AGTM parsing failed flags.readFromStream(s) at 159
07-10 13:40:44.238   530   530 W skia    : AGTM parsing failed flags.readFromStream(s) at 159
07-10 13:40:44.254   530   530 W skia    : AGTM parsing failed flags.readFromStream(s) at 159
07-10 13:40:44.271   530   530 W skia    : AGTM parsing failed flags.readFromStream(s) at 159
07-10 13:40:44.287   530   530 W skia    : AGTM parsing failed flags.readFromStream(s) at 159
07-10 13:40:44.291   530   579 W skia    : AGTM parsing failed flags.readFromStream(s) at 159
07-10 13:40:44.303   530   530 W skia    : AGTM parsing failed flags.readFromStream(s) at 159
07-10 13:40:44.320   530   530 W skia    : AGTM parsing failed flags.readFromStream(s) at 159
07-10 13:40:44.338   530   530 W skia    : AGTM parsing failed flags.readFromStream(s) at 159
07-10 13:40:44.354   530   530 W skia    : AGTM parsing failed flags.readFromStream(s) at 159
07-10 13:40:44.370   530   530 W skia    : AGTM parsing failed flags.readFromStream(s) at 159
07-10 13:40:44.388   530   530 W skia    : AGTM parsing failed flags.readFromStream(s) at 159
07-10 13:40:44.392   530   579 W skia    : AGTM parsing failed flags.readFromStream(s) at 159
07-10 13:40:44.403   530   530 W skia    : AGTM parsing failed flags.readFromStream(s) at 159
07-10 13:40:44.420   530   530 W skia    : AGTM parsing failed flags.readFromStream(s) at 159
07-10 13:40:44.438   530   530 W skia    : AGTM parsing failed flags.readFromStream(s) at 159
07-10 13:40:44.454   530   530 W skia    : AGTM parsing failed flags.readFromStream(s) at 159
07-10 13:40:44.471   530   530 W skia    : AGTM parsing failed flags.readFromStream(s) at 159
07-10 13:40:44.486   530   530 W skia    : AGTM parsing failed flags.readFromStream(s) at 159
07-10 13:40:44.494   530   579 W skia    : AGTM parsing failed flags.readFromStream(s) at 159
07-10 13:40:44.504   530   530 W skia    : AGTM parsing failed flags.readFromStream(s) at 159
07-10 13:40:44.520   530   530 W skia    : AGTM parsing failed flags.readFromStream(s) at 159
07-10 13:40:44.536   530   530 W skia    : AGTM parsing failed flags.readFromStream(s) at 159
07-10 13:40:44.554   530   530 W skia    : AGTM parsing failed flags.readFromStream(s) at 159
07-10 13:40:44.570   530   530 W skia    : AGTM parsing failed flags.readFromStream(s) at 159
07-10 13:40:44.587   530   530 W skia    : AGTM parsing failed flags.readFromStream(s) at 159
07-10 13:40:44.595   530   579 W skia    : AGTM parsing failed flags.readFromStream(s) at 159
07-10 13:40:44.603   530   530 W skia    : AGTM parsing failed flags.readFromStream(s) at 159
07-10 13:40:44.620   530   530 W skia    : AGTM parsing failed flags.readFromStream(s) at 159
07-10 13:40:44.637   530   530 W skia    : AGTM parsing failed flags.readFromStream(s) at 159
07-10 13:40:44.654   530   530 W skia    : AGTM parsing failed flags.readFromStream(s) at 159
07-10 13:40:44.670   530   530 W skia    : AGTM parsing failed flags.readFromStream(s) at 159
07-10 13:40:44.687   530   530 W skia    : AGTM parsing failed flags.readFromStream(s) at 159
07-10 13:40:44.696   530   579 W skia    : AGTM parsing failed flags.readFromStream(s) at 159
07-10 13:40:44.703   530   530 W skia    : AGTM parsing failed flags.readFromStream(s) at 159
07-10 13:40:44.720   530   530 W skia    : AGTM parsing failed flags.readFromStream(s) at 159
07-10 13:40:44.737   530   530 W skia    : AGTM parsing failed flags.readFromStream(s) at 159
07-10 13:40:44.754   530   530 W skia    : AGTM parsing failed flags.readFromStream(s) at 159
07-10 13:40:44.770   530   530 W skia    : AGTM parsing failed flags.readFromStream(s) at 159
07-10 13:40:44.787   530   530 W skia    : AGTM parsing failed flags.readFromStream(s) at 159
07-10 13:40:44.797   530   579 W skia    : AGTM parsing failed flags.readFromStream(s) at 159
07-10 13:40:44.804   530   530 W skia    : AGTM parsing failed flags.readFromStream(s) at 159
07-10 13:40:44.820   530   530 W skia    : AGTM parsing failed flags.readFromStream(s) at 159
07-10 13:40:44.837   530   530 W skia    : AGTM parsing failed flags.readFromStream(s) at 159
07-10 13:40:44.853   530   530 W skia    : AGTM parsing failed flags.readFromStream(s) at 159
07-10 13:40:44.870   530   530 W skia    : AGTM parsing failed flags.readFromStream(s) at 159
07-10 13:40:44.888   530   530 W skia    : AGTM parsing failed flags.readFromStream(s) at 159
07-10 13:40:44.898   530   579 W skia    : AGTM parsing failed flags.readFromStream(s) at 159
07-10 13:40:44.904   530   530 W skia    : AGTM parsing failed flags.readFromStream(s) at 159
07-10 13:40:44.920   530   530 W skia    : AGTM parsing failed flags.readFromStream(s) at 159
07-10 13:40:44.937   530   530 W skia    : AGTM parsing failed flags.readFromStream(s) at 159
07-10 13:40:44.954   530   530 W skia    : AGTM parsing failed flags.readFromStream(s) at 159
07-10 13:40:44.970   530   530 W skia    : AGTM parsing failed flags.readFromStream(s) at 159
07-10 13:40:44.988   530   530 W skia    : AGTM parsing failed flags.readFromStream(s) at 159
07-10 13:40:45.000   530   579 W skia    : AGTM parsing failed flags.readFromStream(s) at 159
07-10 13:40:45.004   530   530 W skia    : AGTM parsing failed flags.readFromStream(s) at 159
07-10 13:40:45.020   530   530 W skia    : AGTM parsing failed flags.readFromStream(s) at 159
07-10 13:40:45.036   530   530 W skia    : AGTM parsing failed flags.readFromStream(s) at 159
07-10 13:40:45.054   530   530 W skia    : AGTM parsing failed flags.readFromStream(s) at 159
07-10 13:40:45.070   530   530 W skia    : AGTM parsing failed flags.readFromStream(s) at 159
07-10 13:40:45.088   530   530 W skia    : AGTM parsing failed flags.readFromStream(s) at 159
07-10 13:40:45.103   530   530 W skia    : AGTM parsing failed flags.readFromStream(s) at 159
07-10 13:40:45.107   530   579 W skia    : AGTM parsing failed flags.readFromStream(s) at 159
07-10 13:40:45.120   530   530 W skia    : AGTM parsing failed flags.readFromStream(s) at 159
07-10 13:40:45.137   530   530 W skia    : AGTM parsing failed flags.readFromStream(s) at 159
07-10 13:40:45.154   530   530 W skia    : AGTM parsing failed flags.readFromStream(s) at 159
07-10 13:40:45.171   530   530 W skia    : AGTM parsing failed flags.readFromStream(s) at 159
07-10 13:40:45.187   530   530 W skia    : AGTM parsing failed flags.readFromStream(s) at 159
07-10 13:40:45.197  1228  8358 D NetworkMonitor/100: PROBE_DNS www.google.com 90ms OK 157.240.7.20,2001::1
07-10 13:40:45.198  1228  8359 D NetworkMonitor/100: PROBE_DNS connectivitycheck.gstatic.com 90ms OK 58.63.233.98
07-10 13:40:45.203   530   530 W skia    : AGTM parsing failed flags.readFromStream(s) at 159
07-10 13:40:45.208   530   579 W skia    : AGTM parsing failed flags.readFromStream(s) at 159
07-10 13:40:45.220   530   530 W skia    : AGTM parsing failed flags.readFromStream(s) at 159
07-10 13:40:45.236   530   530 W skia    : AGTM parsing failed flags.readFromStream(s) at 159
07-10 13:40:45.254   530   530 W skia    : AGTM parsing failed flags.readFromStream(s) at 159
07-10 13:40:45.271   530   530 W skia    : AGTM parsing failed flags.readFromStream(s) at 159
07-10 13:40:45.287   530   530 W skia    : AGTM parsing failed flags.readFromStream(s) at 159
07-10 13:40:45.303   530   530 W skia    : AGTM parsing failed flags.readFromStream(s) at 159
07-10 13:40:45.309   530   579 W skia    : AGTM parsing failed flags.readFromStream(s) at 159
07-10 13:40:45.320   530   530 W skia    : AGTM parsing failed flags.readFromStream(s) at 159
07-10 13:40:45.337   530   530 W skia    : AGTM parsing failed flags.readFromStream(s) at 159
07-10 13:40:45.354   530   530 W skia    : AGTM parsing failed flags.readFromStream(s) at 159
07-10 13:40:45.370   530   530 W skia    : AGTM parsing failed flags.readFromStream(s) at 159
07-10 13:40:45.387   530   530 W skia    : AGTM parsing failed flags.readFromStream(s) at 159
07-10 13:40:45.403   530   530 W skia    : AGTM parsing failed flags.readFromStream(s) at 159
07-10 13:40:45.412   530   579 W skia    : AGTM parsing failed flags.readFromStream(s) at 159
07-10 13:40:45.421   530   530 W skia    : AGTM parsing failed flags.readFromStream(s) at 159
07-10 13:40:45.438   530   530 W skia    : AGTM parsing failed flags.readFromStream(s) at 159
07-10 13:40:45.453   530   530 W skia    : AGTM parsing failed flags.readFromStream(s) at 159
07-10 13:40:45.470   530   530 W skia    : AGTM parsing failed flags.readFromStream(s) at 159
07-10 13:40:45.487   530   530 W skia    : AGTM parsing failed flags.readFromStream(s) at 159
07-10 13:40:45.503   530   530 W skia    : AGTM parsing failed flags.readFromStream(s) at 159
07-10 13:40:45.512   530   579 W skia    : AGTM parsing failed flags.readFromStream(s) at 159
07-10 13:40:45.520   530   530 W skia    : AGTM parsing failed flags.readFromStream(s) at 159
07-10 13:40:45.538   530   530 W skia    : AGTM parsing failed flags.readFromStream(s) at 159
07-10 13:40:45.554   530   530 W skia    : AGTM parsing failed flags.readFromStream(s) at 159
07-10 13:40:45.571   530   530 W skia    : AGTM parsing failed flags.readFromStream(s) at 159
07-10 13:40:45.586   530   530 W skia    : AGTM parsing failed flags.readFromStream(s) at 159
07-10 13:40:45.604   530   530 W skia    : AGTM parsing failed flags.readFromStream(s) at 159
07-10 13:40:45.614   530   579 W skia    : AGTM parsing failed flags.readFromStream(s) at 159
07-10 13:40:45.620   530   530 W skia    : AGTM parsing failed flags.readFromStream(s) at 159
07-10 13:40:45.637   530   530 W skia    : AGTM parsing failed flags.readFromStream(s) at 159
07-10 13:40:45.654   530   530 W skia    : AGTM parsing failed flags.readFromStream(s) at 159
07-10 13:40:45.670   530   530 W skia    : AGTM parsing failed flags.readFromStream(s) at 159
07-10 13:40:45.688   530   530 W skia    : AGTM parsing failed flags.readFromStream(s) at 159
07-10 13:40:45.703   530   530 W skia    : AGTM parsing failed flags.readFromStream(s) at 159
07-10 13:40:45.715   530   579 W skia    : AGTM parsing failed flags.readFromStream(s) at 159
07-10 13:40:45.720   530   530 W skia    : AGTM parsing failed flags.readFromStream(s) at 159
07-10 13:40:45.737   530   530 W skia    : AGTM parsing failed flags.readFromStream(s) at 159
07-10 13:40:45.754   530   530 W skia    : AGTM parsing failed flags.readFromStream(s) at 159
07-10 13:40:45.770   530   530 W skia    : AGTM parsing failed flags.readFromStream(s) at 159
07-10 13:40:45.786   530   530 W skia    : AGTM parsing failed flags.readFromStream(s) at 159
07-10 13:40:45.804   530   530 W skia    : AGTM parsing failed flags.readFromStream(s) at 159
07-10 13:40:45.816   530   579 W skia    : AGTM parsing failed flags.readFromStream(s) at 159
07-10 13:40:45.820   530   530 W skia    : AGTM parsing failed flags.readFromStream(s) at 159
07-10 13:40:45.836   530   530 W skia    : AGTM parsing failed flags.readFromStream(s) at 159
07-10 13:40:45.853   530   530 W skia    : AGTM parsing failed flags.readFromStream(s) at 159
07-10 13:40:45.870   530   530 W skia    : AGTM parsing failed flags.readFromStream(s) at 159
07-10 13:40:45.886   530   530 W skia    : AGTM parsing failed flags.readFromStream(s) at 159
07-10 13:40:45.903   530   530 W skia    : AGTM parsing failed flags.readFromStream(s) at 159
07-10 13:40:45.921   530   530 W skia    : AGTM parsing failed flags.readFromStream(s) at 159
07-10 13:40:45.925   530   579 W skia    : AGTM parsing failed flags.readFromStream(s) at 159
07-10 13:40:45.938   530   530 W skia    : AGTM parsing failed flags.readFromStream(s) at 159
07-10 13:40:45.953   530   530 W skia    : AGTM parsing failed flags.readFromStream(s) at 159
07-10 13:40:45.970   530   530 W skia    : AGTM parsing failed flags.readFromStream(s) at 159
07-10 13:40:45.987   530   530 W skia    : AGTM parsing failed flags.readFromStream(s) at 159
07-10 13:40:46.003   530   530 W skia    : AGTM parsing failed flags.readFromStream(s) at 159
07-10 13:40:46.020   530   530 W skia    : AGTM parsing failed flags.readFromStream(s) at 159
07-10 13:40:46.025   530   579 W skia    : AGTM parsing failed flags.readFromStream(s) at 159
07-10 13:40:46.037   530   530 W skia    : AGTM parsing failed flags.readFromStream(s) at 159
07-10 13:40:46.053   530   530 W skia    : AGTM parsing failed flags.readFromStream(s) at 159
07-10 13:40:46.070   530   530 W skia    : AGTM parsing failed flags.readFromStream(s) at 159
07-10 13:40:46.086   530   530 W skia    : AGTM parsing failed flags.readFromStream(s) at 159
07-10 13:40:46.104   530   530 W skia    : AGTM parsing failed flags.readFromStream(s) at 159
07-10 13:40:46.120   530   530 W skia    : AGTM parsing failed flags.readFromStream(s) at 159
07-10 13:40:46.126   530   579 W skia    : AGTM parsing failed flags.readFromStream(s) at 159
07-10 13:40:46.137   530   530 W skia    : AGTM parsing failed flags.readFromStream(s) at 159
07-10 13:40:46.153   530   530 W skia    : AGTM parsing failed flags.readFromStream(s) at 159
07-10 13:40:46.170   530   530 W skia    : AGTM parsing failed flags.readFromStream(s) at 159
07-10 13:40:46.187   530   530 W skia    : AGTM parsing failed flags.readFromStream(s) at 159
07-10 13:40:46.193  1228  8359 D NetworkMonitor/100: PROBE_HTTP http://connectivitycheck.gstatic.com/generate_204 time=994ms ret=204 request={Connection=[close], User-Agent=[Mozilla/5.0 (X11; Linux x86_64) AppleWebKit/537.36 (KHTML, like Gecko) Chrome/60.0.3112.32 Safari/537.36]} headers={null=[HTTP/1.1 204 No Content], Connection=[close], Content-Length=[0], Cross-Origin-Resource-Policy=[cross-origin], Date=[Fri, 10 Jul 2026 13:41:34 GMT], X-Android-Received-Millis=[1783690846193], X-Android-Response-Source=[NETWORK 204], X-Android-Selected-Protocol=[http/1.1], X-Android-Sent-Millis=[1783690845693]}
07-10 13:40:46.204   530   530 W skia    : AGTM parsing failed flags.readFromStream(s) at 159
07-10 13:40:46.220   530   530 W skia    : AGTM parsing failed flags.readFromStream(s) at 159
07-10 13:40:46.226   530   579 W skia    : AGTM parsing failed flags.readFromStream(s) at 159
07-10 13:40:46.237   530   530 W skia    : AGTM parsing failed flags.readFromStream(s) at 159
07-10 13:40:46.254   530   530 W skia    : AGTM parsing failed flags.readFromStream(s) at 159
07-10 13:40:46.271   530   530 W skia    : AGTM parsing failed flags.readFromStream(s) at 159
07-10 13:40:46.287   530   530 W skia    : AGTM parsing failed flags.readFromStream(s) at 159
07-10 13:40:46.304   530   530 W skia    : AGTM parsing failed flags.readFromStream(s) at 159
07-10 13:40:46.320   530   530 W skia    : AGTM parsing failed flags.readFromStream(s) at 159
07-10 13:40:46.327   530   579 W skia    : AGTM parsing failed flags.readFromStream(s) at 159
07-10 13:40:46.337   530   530 W skia    : AGTM parsing failed flags.readFromStream(s) at 159
07-10 13:40:46.354   530   530 W skia    : AGTM parsing failed flags.readFromStream(s) at 159
07-10 13:40:46.370   530   530 W skia    : AGTM parsing failed flags.readFromStream(s) at 159
07-10 13:40:46.386   530   530 W skia    : AGTM parsing failed flags.readFromStream(s) at 159
07-10 13:40:46.403   530   530 W skia    : AGTM parsing failed flags.readFromStream(s) at 159
07-10 13:40:46.420   530   530 W skia    : AGTM parsing failed flags.readFromStream(s) at 159
07-10 13:40:46.428   530   579 W skia    : AGTM parsing failed flags.readFromStream(s) at 159
07-10 13:40:46.437   530   530 W skia    : AGTM parsing failed flags.readFromStream(s) at 159
07-10 13:40:46.454   530   530 W skia    : AGTM parsing failed flags.readFromStream(s) at 159
07-10 13:40:46.470   530   530 W skia    : AGTM parsing failed flags.readFromStream(s) at 159
07-10 13:40:46.488   530   530 W skia    : AGTM parsing failed flags.readFromStream(s) at 159
07-10 13:40:46.504   530   530 W skia    : AGTM parsing failed flags.readFromStream(s) at 159
07-10 13:40:46.521   530   530 W skia    : AGTM parsing failed flags.readFromStream(s) at 159
07-10 13:40:46.529   530   579 W skia    : AGTM parsing failed flags.readFromStream(s) at 159
07-10 13:40:46.537   530   530 W skia    : AGTM parsing failed flags.readFromStream(s) at 159
07-10 13:40:46.554   530   530 W skia    : AGTM parsing failed flags.readFromStream(s) at 159
07-10 13:40:46.570   530   530 W skia    : AGTM parsing failed flags.readFromStream(s) at 159
07-10 13:40:46.576   669  1034 E WifiDataStall: Ignore this poll. newStats: null txLinkSpeedMbps: 2 rxLinkSpeedMbps: 2 rssi: -50 connectionCapabilities: com.android.server.wifi.WifiNative$ConnectionCapabilities@8d12315
07-10 13:40:46.576   669  1063 I AdbWifiNetworkMonitor: Wi-Fi network available
07-10 13:40:46.576   669  1063 I AdbWifiNetworkMonitor: Received the same Wi-Fi SSID. Ignoring.
07-10 13:40:46.579   669  1040 W libbinder.IPCThreadState: Sending oneway calls to frozen process.
07-10 13:40:46.579   669  1040 W libbinder.IPCThreadState: Sending oneway calls to frozen process.
07-10 13:40:46.587   530   530 W skia    : AGTM parsing failed flags.readFromStream(s) at 159
07-10 13:40:46.587  1520  1533 I NullBinder: NullBinder for android.net.action.RECOMMEND_NETWORKS triggering remote TransactionTooLargeException due to Service without Chimera impl, calling uid: 1000, calling pid: 0
07-10 13:40:46.587  1520  1533 W libbinder.Binder: Large reply transaction of 1056768 bytes, interface descriptor , function: UNKNOWN_FUNCTION_NAME, code: 1, flags: 17
07-10 13:40:46.603   530   530 W skia    : AGTM parsing failed flags.readFromStream(s) at 159
07-10 13:40:46.620   530   530 W skia    : AGTM parsing failed flags.readFromStream(s) at 159
07-10 13:40:46.631   530   579 W skia    : AGTM parsing failed flags.readFromStream(s) at 159
07-10 13:40:46.637   530   530 W skia    : AGTM parsing failed flags.readFromStream(s) at 159
07-10 13:40:46.654   530   530 W skia    : AGTM parsing failed flags.readFromStream(s) at 159
07-10 13:40:46.670   530   530 W skia    : AGTM parsing failed flags.readFromStream(s) at 159
07-10 13:40:46.687   530   530 W skia    : AGTM parsing failed flags.readFromStream(s) at 159
07-10 13:40:46.703   530   530 W skia    : AGTM parsing failed flags.readFromStream(s) at 159
07-10 13:40:46.720   530   530 W skia    : AGTM parsing failed flags.readFromStream(s) at 159
07-10 13:40:46.732   530   579 W skia    : AGTM parsing failed flags.readFromStream(s) at 159
07-10 13:40:46.737   530   530 W skia    : AGTM parsing failed flags.readFromStream(s) at 159
07-10 13:40:46.754   530   530 W skia    : AGTM parsing failed flags.readFromStream(s) at 159
07-10 13:40:46.770   530   530 W skia    : AGTM parsing failed flags.readFromStream(s) at 159
07-10 13:40:46.787   530   530 W skia    : AGTM parsing failed flags.readFromStream(s) at 159
07-10 13:40:46.803   530   530 W skia    : AGTM parsing failed flags.readFromStream(s) at 159
07-10 13:40:46.820   530   530 W skia    : AGTM parsing failed flags.readFromStream(s) at 159
07-10 13:40:46.837   530   530 W skia    : AGTM parsing failed flags.readFromStream(s) at 159
07-10 13:40:46.842   530   579 W skia    : AGTM parsing failed flags.readFromStream(s) at 159
07-10 13:40:46.854   530   530 W skia    : AGTM parsing failed flags.readFromStream(s) at 159
07-10 13:40:46.871   530   530 W skia    : AGTM parsing failed flags.readFromStream(s) at 159
07-10 13:40:46.887   530   530 W skia    : AGTM parsing failed flags.readFromStream(s) at 159
07-10 13:40:46.903   530   530 W skia    : AGTM parsing failed flags.readFromStream(s) at 159
07-10 13:40:46.920   530   530 W skia    : AGTM parsing failed flags.readFromStream(s) at 159
07-10 13:40:46.937   530   530 W skia    : AGTM parsing failed flags.readFromStream(s) at 159
07-10 13:40:46.943   530   579 W skia    : AGTM parsing failed flags.readFromStream(s) at 159
07-10 13:40:46.953   530   530 W skia    : AGTM parsing failed flags.readFromStream(s) at 159
07-10 13:40:46.970   530   530 W skia    : AGTM parsing failed flags.readFromStream(s) at 159
07-10 13:40:46.987   530   530 W skia    : AGTM parsing failed flags.readFromStream(s) at 159
07-10 13:40:47.003   530   530 W skia    : AGTM parsing failed flags.readFromStream(s) at 159
07-10 13:40:47.020   530   530 W skia    : AGTM parsing failed flags.readFromStream(s) at 159
07-10 13:40:47.038   530   530 W skia    : AGTM parsing failed flags.readFromStream(s) at 159
07-10 13:40:47.043   530   579 W skia    : AGTM parsing failed flags.readFromStream(s) at 159
07-10 13:40:47.044  1357  1357 I wpa_supplicant: wlan0: CTRL-EVENT-BEACON-LOSS 
07-10 13:40:47.053   530   530 W skia    : AGTM parsing failed flags.readFromStream(s) at 159
07-10 13:40:47.070   530   530 W skia    : AGTM parsing failed flags.readFromStream(s) at 159
07-10 13:40:47.086   530   530 W skia    : AGTM parsing failed flags.readFromStream(s) at 159
07-10 13:40:47.104   530   530 W skia    : AGTM parsing failed flags.readFromStream(s) at 159
07-10 13:40:47.121   530   530 W skia    : AGTM parsing failed flags.readFromStream(s) at 159
07-10 13:40:47.137   530   530 W skia    : AGTM parsing failed flags.readFromStream(s) at 159
07-10 13:40:47.145   530   579 W skia    : AGTM parsing failed flags.readFromStream(s) at 159
07-10 13:40:47.153   530   530 W skia    : AGTM parsing failed flags.readFromStream(s) at 159
07-10 13:40:47.170   530   530 W skia    : AGTM parsing failed flags.readFromStream(s) at 159
07-10 13:40:47.188   530   530 W skia    : AGTM parsing failed flags.readFromStream(s) at 159
07-10 13:40:47.203   530   530 W skia    : AGTM parsing failed flags.readFromStream(s) at 159
07-10 13:40:47.221   530   530 W skia    : AGTM parsing failed flags.readFromStream(s) at 159
07-10 13:40:47.236   530   530 W skia    : AGTM parsing failed flags.readFromStream(s) at 159
07-10 13:40:47.245   530   579 W skia    : AGTM parsing failed flags.readFromStream(s) at 159
07-10 13:40:47.253   530   530 W skia    : AGTM parsing failed flags.readFromStream(s) at 159
07-10 13:40:47.270   530   530 W skia    : AGTM parsing failed flags.readFromStream(s) at 159
07-10 13:40:47.288   530   530 W skia    : AGTM parsing failed flags.readFromStream(s) at 159
07-10 13:40:47.303   530   530 W skia    : AGTM parsing failed flags.readFromStream(s) at 159
07-10 13:40:47.320   530   530 W skia    : AGTM parsing failed flags.readFromStream(s) at 159
07-10 13:40:47.336   530   530 W skia    : AGTM parsing failed flags.readFromStream(s) at 159
07-10 13:40:47.347   530   579 W skia    : AGTM parsing failed flags.readFromStream(s) at 159
07-10 13:40:47.354   530   530 W skia    : AGTM parsing failed flags.readFromStream(s) at 159
07-10 13:40:47.370   530   530 W skia    : AGTM parsing failed flags.readFromStream(s) at 159
07-10 13:40:47.386   530   530 W skia    : AGTM parsing failed flags.readFromStream(s) at 159
07-10 13:40:47.404   530   530 W skia    : AGTM parsing failed flags.readFromStream(s) at 159
07-10 13:40:47.420   530   530 W skia    : AGTM parsing failed flags.readFromStream(s) at 159
07-10 13:40:47.437   530   530 W skia    : AGTM parsing failed flags.readFromStream(s) at 159
07-10 13:40:47.448   530   579 W skia    : AGTM parsing failed flags.readFromStream(s) at 159
07-10 13:40:47.453   530   530 W skia    : AGTM parsing failed flags.readFromStream(s) at 159
07-10 13:40:47.471   530   530 W skia    : AGTM parsing failed flags.readFromStream(s) at 159
07-10 13:40:47.486   530   530 W skia    : AGTM parsing failed flags.readFromStream(s) at 159
07-10 13:40:47.504   530   530 W skia    : AGTM parsing failed flags.readFromStream(s) at 159
07-10 13:40:47.520   530   530 W skia    : AGTM parsing failed flags.readFromStream(s) at 159
07-10 13:40:47.537   530   530 W skia    : AGTM parsing failed flags.readFromStream(s) at 159
07-10 13:40:47.550   530   579 W skia    : AGTM parsing failed flags.readFromStream(s) at 159
07-10 13:40:47.553   530   530 W skia    : AGTM parsing failed flags.readFromStream(s) at 159
07-10 13:40:47.570   530   530 W skia    : AGTM parsing failed flags.readFromStream(s) at 159
07-10 13:40:47.586   530   530 W skia    : AGTM parsing failed flags.readFromStream(s) at 159
07-10 13:40:47.604   530   530 W skia    : AGTM parsing failed flags.readFromStream(s) at 159
07-10 13:40:47.620   530   530 W skia    : AGTM parsing failed flags.readFromStream(s) at 159
07-10 13:40:47.638   530   530 W skia    : AGTM parsing failed flags.readFromStream(s) at 159
07-10 13:40:47.653   530   530 W skia    : AGTM parsing failed flags.readFromStream(s) at 159
07-10 13:40:47.658   530   579 W skia    : AGTM parsing failed flags.readFromStream(s) at 159
07-10 13:40:47.671   530   530 W skia    : AGTM parsing failed flags.readFromStream(s) at 159
07-10 13:40:47.687   530   530 W skia    : AGTM parsing failed flags.readFromStream(s) at 159
07-10 13:40:47.704   530   530 W skia    : AGTM parsing failed flags.readFromStream(s) at 159
07-10 13:40:47.720   530   530 W skia    : AGTM parsing failed flags.readFromStream(s) at 159
07-10 13:40:47.737   530   530 W skia    : AGTM parsing failed flags.readFromStream(s) at 159
07-10 13:40:47.754   530   530 W skia    : AGTM parsing failed flags.readFromStream(s) at 159
07-10 13:40:47.759   530   579 W skia    : AGTM parsing failed flags.readFromStream(s) at 159
07-10 13:40:47.770   530   530 W skia    : AGTM parsing failed flags.readFromStream(s) at 159
07-10 13:40:47.787   530   530 W skia    : AGTM parsing failed flags.readFromStream(s) at 159
07-10 13:40:47.804   530   530 W skia    : AGTM parsing failed flags.readFromStream(s) at 159
07-10 13:40:47.820   530   530 W skia    : AGTM parsing failed flags.readFromStream(s) at 159
07-10 13:40:47.837   530   530 W skia    : AGTM parsing failed flags.readFromStream(s) at 159
07-10 13:40:47.854   530   530 W skia    : AGTM parsing failed flags.readFromStream(s) at 159
07-10 13:40:47.859   530   579 W skia    : AGTM parsing failed flags.readFromStream(s) at 159
07-10 13:40:47.870   530   530 W skia    : AGTM parsing failed flags.readFromStream(s) at 159
07-10 13:40:47.887   530   530 W skia    : AGTM parsing failed flags.readFromStream(s) at 159
07-10 13:40:47.903   530   530 W skia    : AGTM parsing failed flags.readFromStream(s) at 159
07-10 13:40:47.919   530   530 W skia    : AGTM parsing failed flags.readFromStream(s) at 159
07-10 13:40:47.938   530   530 W skia    : AGTM parsing failed flags.readFromStream(s) at 159
07-10 13:40:47.954   530   530 W skia    : AGTM parsing failed flags.readFromStream(s) at 159
07-10 13:40:47.960   530   579 W skia    : AGTM parsing failed flags.readFromStream(s) at 159
07-10 13:40:47.970   530   530 W skia    : AGTM parsing failed flags.readFromStream(s) at 159
07-10 13:40:47.987   530   530 W skia    : AGTM parsing failed flags.readFromStream(s) at 159
07-10 13:40:48.004   530   530 W skia    : AGTM parsing failed flags.readFromStream(s) at 159
07-10 13:40:48.020   530   530 W skia    : AGTM parsing failed flags.readFromStream(s) at 159
07-10 13:40:48.037   530   530 W skia    : AGTM parsing failed flags.readFromStream(s) at 159
07-10 13:40:48.053   530   530 W skia    : AGTM parsing failed flags.readFromStream(s) at 159
07-10 13:40:48.061   530   579 W skia    : AGTM parsing failed flags.readFromStream(s) at 159
07-10 13:40:48.070   530   530 W skia    : AGTM parsing failed flags.readFromStream(s) at 159
07-10 13:40:48.087   530   530 W skia    : AGTM parsing failed flags.readFromStream(s) at 159
07-10 13:40:48.104   530   530 W skia    : AGTM parsing failed flags.readFromStream(s) at 159
07-10 13:40:48.120   530   530 W skia    : AGTM parsing failed flags.readFromStream(s) at 159
07-10 13:40:48.137   530   530 W skia    : AGTM parsing failed flags.readFromStream(s) at 159
07-10 13:40:48.153   530   530 W skia    : AGTM parsing failed flags.readFromStream(s) at 159
07-10 13:40:48.162   530   579 W skia    : AGTM parsing failed flags.readFromStream(s) at 159
07-10 13:40:48.170   530   530 W skia    : AGTM parsing failed flags.readFromStream(s) at 159
07-10 13:40:48.187   530   530 W skia    : AGTM parsing failed flags.readFromStream(s) at 159
07-10 13:40:48.203   530   530 W skia    : AGTM parsing failed flags.readFromStream(s) at 159
07-10 13:40:48.220   530   530 W skia    : AGTM parsing failed flags.readFromStream(s) at 159
07-10 13:40:48.237   530   530 W skia    : AGTM parsing failed flags.readFromStream(s) at 159
07-10 13:40:48.253   530   530 W skia    : AGTM parsing failed flags.readFromStream(s) at 159
07-10 13:40:48.263   530   579 W skia    : AGTM parsing failed flags.readFromStream(s) at 159
07-10 13:40:48.269   530   530 W skia    : AGTM parsing failed flags.readFromStream(s) at 159
07-10 13:40:48.287   530   530 W skia    : AGTM parsing failed flags.readFromStream(s) at 159
07-10 13:40:48.304   530   530 W skia    : AGTM parsing failed flags.readFromStream(s) at 159
07-10 13:40:48.320   530   530 W skia    : AGTM parsing failed flags.readFromStream(s) at 159
07-10 13:40:48.336   530   530 W skia    : AGTM parsing failed flags.readFromStream(s) at 159
07-10 13:40:48.354   530   530 W skia    : AGTM parsing failed flags.readFromStream(s) at 159
07-10 13:40:48.364   530   579 W skia    : AGTM parsing failed flags.readFromStream(s) at 159
07-10 13:40:48.370   530   530 W skia    : AGTM parsing failed flags.readFromStream(s) at 159
07-10 13:40:48.387   530   530 W skia    : AGTM parsing failed flags.readFromStream(s) at 159
07-10 13:40:48.403   530   530 W skia    : AGTM parsing failed flags.readFromStream(s) at 159
07-10 13:40:48.420   530   530 W skia    : AGTM parsing failed flags.readFromStream(s) at 159
07-10 13:40:48.436   530   530 W skia    : AGTM parsing failed flags.readFromStream(s) at 159
07-10 13:40:48.454   530   530 W skia    : AGTM parsing failed flags.readFromStream(s) at 159
07-10 13:40:48.465   530   579 W skia    : AGTM parsing failed flags.readFromStream(s) at 159
07-10 13:40:48.470   530   530 W skia    : AGTM parsing failed flags.readFromStream(s) at 159
07-10 13:40:48.486   530   530 W skia    : AGTM parsing failed flags.readFromStream(s) at 159
07-10 13:40:48.504   530   530 W skia    : AGTM parsing failed flags.readFromStream(s) at 159
07-10 13:40:48.520   530   530 W skia    : AGTM parsing failed flags.readFromStream(s) at 159
07-10 13:40:48.536   530   530 W skia    : AGTM parsing failed flags.readFromStream(s) at 159
07-10 13:40:48.554   530   530 W skia    : AGTM parsing failed flags.readFromStream(s) at 159
07-10 13:40:48.566   530   579 W skia    : AGTM parsing failed flags.readFromStream(s) at 159
07-10 13:40:48.570   530   530 W skia    : AGTM parsing failed flags.readFromStream(s) at 159
07-10 13:40:48.586   530   530 W skia    : AGTM parsing failed flags.readFromStream(s) at 159
07-10 13:40:48.604   530   530 W skia    : AGTM parsing failed flags.readFromStream(s) at 159
07-10 13:40:48.620   530   530 W skia    : AGTM parsing failed flags.readFromStream(s) at 159
07-10 13:40:48.636   530   530 W skia    : AGTM parsing failed flags.readFromStream(s) at 159
07-10 13:40:48.654   530   530 W skia    : AGTM parsing failed flags.readFromStream(s) at 159
07-10 13:40:48.670   530   530 W skia    : AGTM parsing failed flags.readFromStream(s) at 159
07-10 13:40:48.676   530   579 W skia    : AGTM parsing failed flags.readFromStream(s) at 159
07-10 13:40:48.687   530   530 W skia    : AGTM parsing failed flags.readFromStream(s) at 159
07-10 13:40:48.703   530   530 W skia    : AGTM parsing failed flags.readFromStream(s) at 159
07-10 13:40:48.721   530   530 W skia    : AGTM parsing failed flags.readFromStream(s) at 159
07-10 13:40:48.737   530   530 W skia    : AGTM parsing failed flags.readFromStream(s) at 159
07-10 13:40:48.753   530   530 W skia    : AGTM parsing failed flags.readFromStream(s) at 159
07-10 13:40:48.772   530   530 W skia    : AGTM parsing failed flags.readFromStream(s) at 159
07-10 13:40:48.775  1802  1802 I adbd    : adbd service requested 'shell,v2,raw:dumpsys package com.google.android.gms'
07-10 13:40:48.776   530   579 W skia    : AGTM parsing failed flags.readFromStream(s) at 159
07-10 13:40:48.786   530   530 W skia    : AGTM parsing failed flags.readFromStream(s) at 159
07-10 13:40:48.803   530   530 W skia    : AGTM parsing failed flags.readFromStream(s) at 159
07-10 13:40:48.820   530   530 W skia    : AGTM parsing failed flags.readFromStream(s) at 159
07-10 13:40:48.837   530   530 W skia    : AGTM parsing failed flags.readFromStream(s) at 159
07-10 13:40:48.853   530   530 W skia    : AGTM parsing failed flags.readFromStream(s) at 159
07-10 13:40:48.870   530   530 W skia    : AGTM parsing failed flags.readFromStream(s) at 159
07-10 13:40:48.878   530   579 W skia    : AGTM parsing failed flags.readFromStream(s) at 159
07-10 13:40:48.887   530   530 W skia    : AGTM parsing failed flags.readFromStream(s) at 159
07-10 13:40:48.904   530   530 W skia    : AGTM parsing failed flags.readFromStream(s) at 159
07-10 13:40:48.920   530   530 W skia    : AGTM parsing failed flags.readFromStream(s) at 159
07-10 13:40:48.933   814   814 I artd    : GetBestInfo: odex in dalvik-cache (/data/dalvik-cache/x86_64/apex@com.google.android.gmssystem@priv-app@PrebuiltGmsCoreVic@CP31.260618.005@PrebuiltGmsCoreVic.apk@classes.dex) is kOatUpToDate with filter 'verify' executable 'false'
07-10 13:40:48.933   814   814 I artd    : GetBestInfo: odex in dalvik-cache (/data/dalvik-cache/x86_64/apex@com.google.android.gmssystem@priv-app@PrebuiltGmsCoreVic@CP31.260618.005@PrebuiltGmsCoreVic.apk@classes.dex) is kOatUpToDate with filter 'verify' executable 'false'
07-10 13:40:48.934   814   814 I artd    : GetBestInfo: /data/user_de/0/com.google.android.gms/app_chimera/m/00000001/CronetDynamite.apk has no usable artifacts
07-10 13:40:48.934   814   814 I artd    : GetBestInfo: /data/user_de/0/com.google.android.gms/app_chimera/m/00000002/DynamiteLoader.apk has no usable artifacts
07-10 13:40:48.934   814   814 I artd    : GetBestInfo: /data/user_de/0/com.google.android.gms/app_chimera/m/00000005/GoogleCertificates.apk has no usable artifacts
07-10 13:40:48.935   814   814 I artd    : GetBestInfo: /data/user_de/0/com.google.android.gms/app_chimera/m/00000007/MeasurementDynamite.apk has no usable artifacts
07-10 13:40:48.936   530   530 W skia    : AGTM parsing failed flags.readFromStream(s) at 159
07-10 13:40:48.954   530   530 W skia    : AGTM parsing failed flags.readFromStream(s) at 159
07-10 13:40:48.971   530   530 W skia    : AGTM parsing failed flags.readFromStream(s) at 159
07-10 13:40:48.978   530   579 W skia    : AGTM parsing failed flags.readFromStream(s) at 159
07-10 13:40:48.987   530   530 W skia    : AGTM parsing failed flags.readFromStream(s) at 159
07-10 13:40:49.003   530   530 W skia    : AGTM parsing failed flags.readFromStream(s) at 159
07-10 13:40:49.019   530   530 W skia    : AGTM parsing failed flags.readFromStream(s) at 159
07-10 13:40:49.036   530   530 W skia    : AGTM parsing failed flags.readFromStream(s) at 159
07-10 13:40:49.054   530   530 W skia    : AGTM parsing failed flags.readFromStream(s) at 159
07-10 13:40:49.070   530   530 W skia    : AGTM parsing failed flags.readFromStream(s) at 159
07-10 13:40:49.079   530   579 W skia    : AGTM parsing failed flags.readFromStream(s) at 159
07-10 13:40:49.086   530   530 W skia    : AGTM parsing failed flags.readFromStream(s) at 159
07-10 13:40:49.103   530   530 W skia    : AGTM parsing failed flags.readFromStream(s) at 159
07-10 13:40:49.120   530   530 W skia    : AGTM parsing failed flags.readFromStream(s) at 159
07-10 13:40:49.137   530   530 W skia    : AGTM parsing failed flags.readFromStream(s) at 159
07-10 13:40:49.154   530   530 W skia    : AGTM parsing failed flags.readFromStream(s) at 159
07-10 13:40:49.170   530   530 W skia    : AGTM parsing failed flags.readFromStream(s) at 159
07-10 13:40:49.179   530   579 W skia    : AGTM parsing failed flags.readFromStream(s) at 159
07-10 13:40:49.187   530   530 W skia    : AGTM parsing failed flags.readFromStream(s) at 159
07-10 13:40:49.203   530   530 W skia    : AGTM parsing failed flags.readFromStream(s) at 159
07-10 13:40:49.220   530   530 W skia    : AGTM parsing failed flags.readFromStream(s) at 159
07-10 13:40:49.237   530   530 W skia    : AGTM parsing failed flags.readFromStream(s) at 159
07-10 13:40:49.254   530   530 W skia    : AGTM parsing failed flags.readFromStream(s) at 159
07-10 13:40:49.269   530   530 W skia    : AGTM parsing failed flags.readFromStream(s) at 159
07-10 13:40:49.281   530   579 W skia    : AGTM parsing failed flags.readFromStream(s) at 159
07-10 13:40:49.287   530   530 W skia    : AGTM parsing failed flags.readFromStream(s) at 159
07-10 13:40:49.304   530   530 W skia    : AGTM parsing failed flags.readFromStream(s) at 159
07-10 13:40:49.321   530   530 W skia    : AGTM parsing failed flags.readFromStream(s) at 159
07-10 13:40:49.337   530   530 W skia    : AGTM parsing failed flags.readFromStream(s) at 159
07-10 13:40:49.354   530   530 W skia    : AGTM parsing failed flags.readFromStream(s) at 159
07-10 13:40:49.371   530   530 W skia    : AGTM parsing failed flags.readFromStream(s) at 159
07-10 13:40:49.382   530   579 W skia    : AGTM parsing failed flags.readFromStream(s) at 159
07-10 13:40:49.388   530   530 W skia    : AGTM parsing failed flags.readFromStream(s) at 159
07-10 13:40:49.403   530   530 W skia    : AGTM parsing failed flags.readFromStream(s) at 159
07-10 13:40:49.420   530   530 W skia    : AGTM parsing failed flags.readFromStream(s) at 159
07-10 13:40:49.438   530   530 W skia    : AGTM parsing failed flags.readFromStream(s) at 159
07-10 13:40:49.454   530   530 W skia    : AGTM parsing failed flags.readFromStream(s) at 159
07-10 13:40:49.470   530   530 W skia    : AGTM parsing failed flags.readFromStream(s) at 159
07-10 13:40:49.487   530   530 W skia    : AGTM parsing failed flags.readFromStream(s) at 159
07-10 13:40:49.491   530   579 W skia    : AGTM parsing failed flags.readFromStream(s) at 159
07-10 13:40:49.504   530   530 W skia    : AGTM parsing failed flags.readFromStream(s) at 159
07-10 13:40:49.520   530   530 W skia    : AGTM parsing failed flags.readFromStream(s) at 159
07-10 13:40:49.537   530   530 W skia    : AGTM parsing failed flags.readFromStream(s) at 159
07-10 13:40:49.554   530   530 W skia    : AGTM parsing failed flags.readFromStream(s) at 159
07-10 13:40:49.570   530   530 W skia    : AGTM parsing failed flags.readFromStream(s) at 159
07-10 13:40:49.579   669  1034 E WifiDataStall: Ignore this poll. newStats: null txLinkSpeedMbps: 1 rxLinkSpeedMbps: 2 rssi: -50 connectionCapabilities: com.android.server.wifi.WifiNative$ConnectionCapabilities@8d12315
07-10 13:40:49.580   669  1063 I AdbWifiNetworkMonitor: Wi-Fi network available
07-10 13:40:49.580   669  1063 I AdbWifiNetworkMonitor: Received the same Wi-Fi SSID. Ignoring.
07-10 13:40:49.583   669  1040 W libbinder.IPCThreadState: Sending oneway calls to frozen process.
07-10 13:40:49.583   669  1040 W libbinder.IPCThreadState: Sending oneway calls to frozen process.
07-10 13:40:49.586   530   530 W skia    : AGTM parsing failed flags.readFromStream(s) at 159
07-10 13:40:49.589  1228  1411 D IpClient/wlan0: interfaceLinkStateChanged: ifindex 16 up
07-10 13:40:49.596  1228  1411 D IpClient/wlan0: interfaceLinkStateChanged: ifindex 16 up
07-10 13:40:49.596   530   579 W skia    : AGTM parsing failed flags.readFromStream(s) at 159
07-10 13:40:49.604   530   530 W skia    : AGTM parsing failed flags.readFromStream(s) at 159
07-10 13:40:49.612  1520  2649 I NullBinder: NullBinder for android.net.action.RECOMMEND_NETWORKS triggering remote TransactionTooLargeException due to Service without Chimera impl, calling uid: 1000, calling pid: 0
07-10 13:40:49.612  1520  2649 W libbinder.Binder: Large reply transaction of 1056768 bytes, interface descriptor , function: UNKNOWN_FUNCTION_NAME, code: 1, flags: 17
07-10 13:40:49.620   530   530 W skia    : AGTM parsing failed flags.readFromStream(s) at 159
07-10 13:40:49.637   530   530 W skia    : AGTM parsing failed flags.readFromStream(s) at 159
07-10 13:40:49.653   530   530 W skia    : AGTM parsing failed flags.readFromStream(s) at 159
07-10 13:40:49.671   530   530 W skia    : AGTM parsing failed flags.readFromStream(s) at 159
07-10 13:40:49.687   530   530 W skia    : AGTM parsing failed flags.readFromStream(s) at 159
07-10 13:40:49.694   530   579 W skia    : AGTM parsing failed flags.readFromStream(s) at 159
07-10 13:40:49.703   530   530 W skia    : AGTM parsing failed flags.readFromStream(s) at 159
07-10 13:40:49.721   530   530 W skia    : AGTM parsing failed flags.readFromStream(s) at 159
07-10 13:40:49.737   530   530 W skia    : AGTM parsing failed flags.readFromStream(s) at 159
07-10 13:40:49.754   530   530 W skia    : AGTM parsing failed flags.readFromStream(s) at 159
07-10 13:40:49.770   530   530 W skia    : AGTM parsing failed flags.readFromStream(s) at 159
07-10 13:40:49.787   530   530 W skia    : AGTM parsing failed flags.readFromStream(s) at 159
07-10 13:40:49.795   530   579 W skia    : AGTM parsing failed flags.readFromStream(s) at 159
07-10 13:40:49.803   530   530 W skia    : AGTM parsing failed flags.readFromStream(s) at 159
07-10 13:40:49.820   530   530 W skia    : AGTM parsing failed flags.readFromStream(s) at 159
07-10 13:40:49.836   530   530 W skia    : AGTM parsing failed flags.readFromStream(s) at 159
07-10 13:40:49.854   530   530 W skia    : AGTM parsing failed flags.readFromStream(s) at 159
07-10 13:40:49.870   530   530 W skia    : AGTM parsing failed flags.readFromStream(s) at 159
07-10 13:40:49.887   530   530 W skia    : AGTM parsing failed flags.readFromStream(s) at 159
07-10 13:40:49.896   530   579 W skia    : AGTM parsing failed flags.readFromStream(s) at 159
07-10 13:40:49.903   530   530 W skia    : AGTM parsing failed flags.readFromStream(s) at 159
07-10 13:40:49.920   530   530 W skia    : AGTM parsing failed flags.readFromStream(s) at 159
07-10 13:40:49.937   530   530 W skia    : AGTM parsing failed flags.readFromStream(s) at 159
07-10 13:40:49.954   530   530 W skia    : AGTM parsing failed flags.readFromStream(s) at 159
07-10 13:40:49.971   530   530 W skia    : AGTM parsing failed flags.readFromStream(s) at 159
07-10 13:40:49.987   530   530 W skia    : AGTM parsing failed flags.readFromStream(s) at 159
07-10 13:40:49.998   530   579 W skia    : AGTM parsing failed flags.readFromStream(s) at 159
07-10 13:40:50.004   530   530 W skia    : AGTM parsing failed flags.readFromStream(s) at 159
07-10 13:40:50.021   530   530 W skia    : AGTM parsing failed flags.readFromStream(s) at 159
07-10 13:40:50.036   530   530 W skia    : AGTM parsing failed flags.readFromStream(s) at 159
07-10 13:40:50.053   530   530 W skia    : AGTM parsing failed flags.readFromStream(s) at 159
07-10 13:40:50.070   530   530 W skia    : AGTM parsing failed flags.readFromStream(s) at 159
07-10 13:40:50.086   530   530 W skia    : AGTM parsing failed flags.readFromStream(s) at 159
07-10 13:40:50.098   530   579 W skia    : AGTM parsing failed flags.readFromStream(s) at 159
07-10 13:40:50.103   530   530 W skia    : AGTM parsing failed flags.readFromStream(s) at 159
07-10 13:40:50.120   530   530 W skia    : AGTM parsing failed flags.readFromStream(s) at 159
07-10 13:40:50.136   530   530 W skia    : AGTM parsing failed flags.readFromStream(s) at 159
07-10 13:40:50.154   530   530 W skia    : AGTM parsing failed flags.readFromStream(s) at 159
07-10 13:40:50.171   530   530 W skia    : AGTM parsing failed flags.readFromStream(s) at 159
07-10 13:40:50.187   530   530 W skia    : AGTM parsing failed flags.readFromStream(s) at 159
07-10 13:40:50.200   530   579 W skia    : AGTM parsing failed flags.readFromStream(s) at 159
07-10 13:40:50.203   530   530 W skia    : AGTM parsing failed flags.readFromStream(s) at 159
07-10 13:40:50.220   530   530 W skia    : AGTM parsing failed flags.readFromStream(s) at 159
07-10 13:40:50.238   530   530 W skia    : AGTM parsing failed flags.readFromStream(s) at 159
07-10 13:40:50.254   530   530 W skia    : AGTM parsing failed flags.readFromStream(s) at 159
07-10 13:40:50.271   530   530 W skia    : AGTM parsing failed flags.readFromStream(s) at 159
07-10 13:40:50.287   530   530 W skia    : AGTM parsing failed flags.readFromStream(s) at 159
07-10 13:40:50.304   530   530 W skia    : AGTM parsing failed flags.readFromStream(s) at 159
07-10 13:40:50.310   530   579 W skia    : AGTM parsing failed flags.readFromStream(s) at 159
07-10 13:40:50.320   530   530 W skia    : AGTM parsing failed flags.readFromStream(s) at 159
07-10 13:40:50.336   530   530 W skia    : AGTM parsing failed flags.readFromStream(s) at 159
07-10 13:40:50.354   530   530 W skia    : AGTM parsing failed flags.readFromStream(s) at 159
07-10 13:40:50.370   530   530 W skia    : AGTM parsing failed flags.readFromStream(s) at 159
07-10 13:40:50.387   530   530 W skia    : AGTM parsing failed flags.readFromStream(s) at 159
07-10 13:40:50.404   530   530 W skia    : AGTM parsing failed flags.readFromStream(s) at 159
07-10 13:40:50.411   530   579 W skia    : AGTM parsing failed flags.readFromStream(s) at 159
07-10 13:40:50.421   530   530 W skia    : AGTM parsing failed flags.readFromStream(s) at 159
07-10 13:40:50.437   530   530 W skia    : AGTM parsing failed flags.readFromStream(s) at 159
07-10 13:40:50.454   530   530 W skia    : AGTM parsing failed flags.readFromStream(s) at 159
07-10 13:40:50.470   530   530 W skia    : AGTM parsing failed flags.readFromStream(s) at 159
07-10 13:40:50.487   530   530 W skia    : AGTM parsing failed flags.readFromStream(s) at 159
07-10 13:40:50.503   530   530 W skia    : AGTM parsing failed flags.readFromStream(s) at 159
07-10 13:40:50.511   530   579 W skia    : AGTM parsing failed flags.readFromStream(s) at 159
07-10 13:40:50.522   530   530 W skia    : AGTM parsing failed flags.readFromStream(s) at 159
07-10 13:40:50.536   530   530 W skia    : AGTM parsing failed flags.readFromStream(s) at 159
07-10 13:40:50.554   530   530 W skia    : AGTM parsing failed flags.readFromStream(s) at 159
07-10 13:40:50.571   530   530 W skia    : AGTM parsing failed flags.readFromStream(s) at 159
07-10 13:40:50.587   530   530 W skia    : AGTM parsing failed flags.readFromStream(s) at 159
07-10 13:40:50.603   530   530 W skia    : AGTM parsing failed flags.readFromStream(s) at 159
07-10 13:40:50.612   530   579 W skia    : AGTM parsing failed flags.readFromStream(s) at 159
07-10 13:40:50.620   530   530 W skia    : AGTM parsing failed flags.readFromStream(s) at 159
07-10 13:40:50.636   530   530 W skia    : AGTM parsing failed flags.readFromStream(s) at 159
07-10 13:40:50.654   530   530 W skia    : AGTM parsing failed flags.readFromStream(s) at 159
07-10 13:40:50.670   530   530 W skia    : AGTM parsing failed flags.readFromStream(s) at 159
07-10 13:40:50.686   530   530 W skia    : AGTM parsing failed flags.readFromStream(s) at 159
07-10 13:40:50.704   530   530 W skia    : AGTM parsing failed flags.readFromStream(s) at 159
07-10 13:40:50.712   530   579 W skia    : AGTM parsing failed flags.readFromStream(s) at 159
07-10 13:40:50.721   530   530 W skia    : AGTM parsing failed flags.readFromStream(s) at 159
07-10 13:40:50.737   530   530 W skia    : AGTM parsing failed flags.readFromStream(s) at 159
07-10 13:40:50.753   530   530 W skia    : AGTM parsing failed flags.readFromStream(s) at 159
07-10 13:40:50.769   530   530 W skia    : AGTM parsing failed flags.readFromStream(s) at 159
07-10 13:40:50.787   530   530 W skia    : AGTM parsing failed flags.readFromStream(s) at 159
07-10 13:40:50.804   530   530 W skia    : AGTM parsing failed flags.readFromStream(s) at 159
07-10 13:40:50.814   530   579 W skia    : AGTM parsing failed flags.readFromStream(s) at 159
07-10 13:40:50.820   530   530 W skia    : AGTM parsing failed flags.readFromStream(s) at 159
07-10 13:40:50.836   530   530 W skia    : AGTM parsing failed flags.readFromStream(s) at 159
07-10 13:40:50.853   530   530 W skia    : AGTM parsing failed flags.readFromStream(s) at 159
07-10 13:40:50.870   530   530 W skia    : AGTM parsing failed flags.readFromStream(s) at 159
07-10 13:40:50.887   530   530 W skia    : AGTM parsing failed flags.readFromStream(s) at 159
07-10 13:40:50.904   530   530 W skia    : AGTM parsing failed flags.readFromStream(s) at 159
07-10 13:40:50.915   530   579 W skia    : AGTM parsing failed flags.readFromStream(s) at 159
07-10 13:40:50.920   530   530 W skia    : AGTM parsing failed flags.readFromStream(s) at 159
07-10 13:40:50.937   530   530 W skia    : AGTM parsing failed flags.readFromStream(s) at 159
07-10 13:40:50.953   530   530 W skia    : AGTM parsing failed flags.readFromStream(s) at 159
07-10 13:40:50.970   530   530 W skia    : AGTM parsing failed flags.readFromStream(s) at 159
07-10 13:40:50.987   530   530 W skia    : AGTM parsing failed flags.readFromStream(s) at 159
07-10 13:40:51.003   530   530 W skia    : AGTM parsing failed flags.readFromStream(s) at 159
07-10 13:40:51.016   530   579 W skia    : AGTM parsing failed flags.readFromStream(s) at 159
07-10 13:40:51.020   530   530 W skia    : AGTM parsing failed flags.readFromStream(s) at 159
07-10 13:40:51.036   530   530 W skia    : AGTM parsing failed flags.readFromStream(s) at 159
07-10 13:40:51.053   530   530 W skia    : AGTM parsing failed flags.readFromStream(s) at 159
07-10 13:40:51.070   530   530 W skia    : AGTM parsing failed flags.readFromStream(s) at 159
07-10 13:40:51.087   530   530 W skia    : AGTM parsing failed flags.readFromStream(s) at 159
07-10 13:40:51.103   530   530 W skia    : AGTM parsing failed flags.readFromStream(s) at 159
07-10 13:40:51.120   530   530 W skia    : AGTM parsing failed flags.readFromStream(s) at 159
07-10 13:40:51.124   530   579 W skia    : AGTM parsing failed flags.readFromStream(s) at 159
07-10 13:40:51.136   530   530 W skia    : AGTM parsing failed flags.readFromStream(s) at 159
07-10 13:40:51.153   530   530 W skia    : AGTM parsing failed flags.readFromStream(s) at 159
07-10 13:40:51.170   530   530 W skia    : AGTM parsing failed flags.readFromStream(s) at 159
07-10 13:40:51.186   530   530 W skia    : AGTM parsing failed flags.readFromStream(s) at 159
07-10 13:40:51.203   530   530 W skia    : AGTM parsing failed flags.readFromStream(s) at 159
07-10 13:40:51.220   530   530 W skia    : AGTM parsing failed flags.readFromStream(s) at 159
07-10 13:40:51.226   530   579 W skia    : AGTM parsing failed flags.readFromStream(s) at 159
07-10 13:40:51.237   530   530 W skia    : AGTM parsing failed flags.readFromStream(s) at 159
07-10 13:40:51.254   530   530 W skia    : AGTM parsing failed flags.readFromStream(s) at 159
07-10 13:40:51.270   530   530 W skia    : AGTM parsing failed flags.readFromStream(s) at 159
07-10 13:40:51.287   530   530 W skia    : AGTM parsing failed flags.readFromStream(s) at 159
07-10 13:40:51.303   530   530 W skia    : AGTM parsing failed flags.readFromStream(s) at 159
07-10 13:40:51.320   530   530 W skia    : AGTM parsing failed flags.readFromStream(s) at 159
07-10 13:40:51.327   530   579 W skia    : AGTM parsing failed flags.readFromStream(s) at 159
07-10 13:40:51.339   530   530 W skia    : AGTM parsing failed flags.readFromStream(s) at 159
07-10 13:40:51.353   530   530 W skia    : AGTM parsing failed flags.readFromStream(s) at 159
07-10 13:40:51.369   530   530 W skia    : AGTM parsing failed flags.readFromStream(s) at 159
07-10 13:40:51.375  1299  1471 E SatelliteController: isSatelliteEnabled: mIsSatelliteEnabled=null
07-10 13:40:51.375  1299  1471 D SatelliteController: isInCarrierRoamingNbIotNtn: satellite is disabled
07-10 13:40:51.375  1299  1471 D SatelliteController: getCarrierRoamingNtnConnectType: Checking connect type from PLMN config for subId: 1
07-10 13:40:51.375  1299  1471 D TelephonyConfigUpdateInstallReceiver: getConfigParser: domain=satellite
07-10 13:40:51.375  1299  1471 V SatelliteController: satelliteConfigParser is not ready
07-10 13:40:51.375  1299  1471 D SatelliteController: isSatelliteAttachSupportedViaConfigupdater: return null (satelliteConfig is null)
07-10 13:40:51.375  1299  1471 D SatelliteController: getConfigForSubId: subId= 1, config= PersistableBundle[{satellite_esos_supported_bool=false, satellite_connection_hysteresis_sec_int=180, satellite_supported_disaster_plmn_string_array=[], regional_satellite_earfcn_bundle=PersistableBundle[{}], satellite_entitlement_supported_bool=false, satellite_supported_emergency_plmn_string_array=[], satellite_configs_per_plmn_bundle=PersistableBundle[{}], satellite_sos_max_datagram_size_bytes_int=255, satellite_supported_msg_apps_string_array=[com.google.android.apps.messaging], satellite_connected_notification_throttle_millis_int=604800000, satellite_display_name_string=, satellite_roaming_p2p_sms_inactivity_timeout_sec_int=180, satellite_roaming_turn_off_session_for_emergency_call_bool=true, emergency_messaging_supported_bool=false, carrier_roaming_satellite_emergency_messaging_provider_per_country_bundle=PersistableBundle[{}], satellite_data_support_mode_int=0, carrier_roaming_ntn_connect_type_int=0, satellite_attach_supported_bool=false, carrier_roaming_satellite_emergency_messaging_redirection_destination_string=, satellite_nidd_apn_name_string=, carrier_supported_satellite_services_per_provider_bundle=PersistableBundle[{310830=[2, 3, 6]}], satellite_roaming_esos_inactivity_timeout_sec_int=300, carrier_supported_satellite_notification_hysteresis_sec_int=180, carrier_config_applied_bool=true, carrier_roaming_ntn_emergency_call_to_satellite_handover_type_int=2, carrier_roaming_satellite_default_services_int_array=[2, 3, 6], imsserviceentitlement.entitlement_server_url_string=, emergency_call_to_satellite_t911_handover_timeout_millis_int=30000, satellite_roaming_p2p_sms_supported_bool=false, carrier_config_version_string=, satellite_roaming_screen_off_inactivity_timeout_sec_int=30}]
07-10 13:40:51.375  1299  1471 D SatelliteController: isSatelliteSupportedViaCarrier: using CarrierConfig for subId=1, isAttachSupported=false
07-10 13:40:51.375  1299  1471 D SatelliteController: getSatellitePerPlmnConfiguration: invalid subId or not supported via carrier.
07-10 13:40:51.375  1299  1471 D SatelliteController: getCarrierRoamingNtnConnectType: config: null
07-10 13:40:51.375  1299  1471 D TelephonyConfigUpdateInstallReceiver: getConfigParser: domain=satellite
07-10 13:40:51.375  1299  1471 V SatelliteController: satelliteConfigParser is not ready
07-10 13:40:51.375  1299  1471 D SatelliteController: getCarrierRoamingNtnConnectTypeViaConfigUpdater: return null (satelliteConfig is null)
07-10 13:40:51.376  1299  1471 D SatelliteController: getConfigForSubId: subId= 1, config= PersistableBundle[{satellite_esos_supported_bool=false, satellite_connection_hysteresis_sec_int=180, satellite_supported_disaster_plmn_string_array=[], regional_satellite_earfcn_bundle=PersistableBundle[{}], satellite_entitlement_supported_bool=false, satellite_supported_emergency_plmn_string_array=[], satellite_configs_per_plmn_bundle=PersistableBundle[{}], satellite_sos_max_datagram_size_bytes_int=255, satellite_supported_msg_apps_string_array=[com.google.android.apps.messaging], satellite_connected_notification_throttle_millis_int=604800000, satellite_display_name_string=, satellite_roaming_p2p_sms_inactivity_timeout_sec_int=180, satellite_roaming_turn_off_session_for_emergency_call_bool=true, emergency_messaging_supported_bool=false, carrier_roaming_satellite_emergency_messaging_provider_per_country_bundle=PersistableBundle[{}], satellite_data_support_mode_int=0, carrier_roaming_ntn_connect_type_int=0, satellite_attach_supported_bool=false, carrier_roaming_satellite_emergency_messaging_redirection_destination_string=, satellite_nidd_apn_name_string=, carrier_supported_satellite_services_per_provider_bundle=PersistableBundle[{310830=[2, 3, 6]}], satellite_roaming_esos_inactivity_timeout_sec_int=300, carrier_supported_satellite_notification_hysteresis_sec_int=180, carrier_config_applied_bool=true, carrier_roaming_ntn_emergency_call_to_satellite_handover_type_int=2, carrier_roaming_satellite_default_services_int_array=[2, 3, 6], imsserviceentitlement.entitlement_server_url_string=, emergency_call_to_satellite_t911_handover_timeout_millis_int=30000, satellite_roaming_p2p_sms_supported_bool=false, carrier_config_version_string=, satellite_roaming_screen_off_inactivity_timeout_sec_int=30}]
07-10 13:40:51.376  1299  1471 D SatelliteController: getCarrierRoamingNtnConnectType: Falling back to global carrier config connect type: 0
07-10 13:40:51.376  1299  1471 D TelephonyConfigUpdateInstallReceiver: getConfigParser: domain=satellite
07-10 13:40:51.376  1299  1471 V SatelliteController: satelliteConfigParser is not ready
07-10 13:40:51.376  1299  1471 D SatelliteController: isSatelliteAttachSupportedViaConfigupdater: return null (satelliteConfig is null)
07-10 13:40:51.376  1299  1471 D SatelliteController: getConfigForSubId: subId= 1, config= PersistableBundle[{satellite_esos_supported_bool=false, satellite_connection_hysteresis_sec_int=180, satellite_supported_disaster_plmn_string_array=[], regional_satellite_earfcn_bundle=PersistableBundle[{}], satellite_entitlement_supported_bool=false, satellite_supported_emergency_plmn_string_array=[], satellite_configs_per_plmn_bundle=PersistableBundle[{}], satellite_sos_max_datagram_size_bytes_int=255, satellite_supported_msg_apps_string_array=[com.google.android.apps.messaging], satellite_connected_notification_throttle_millis_int=604800000, satellite_display_name_string=, satellite_roaming_p2p_sms_inactivity_timeout_sec_int=180, satellite_roaming_turn_off_session_for_emergency_call_bool=true, emergency_messaging_supported_bool=false, carrier_roaming_satellite_emergency_messaging_provider_per_country_bundle=PersistableBundle[{}], satellite_data_support_mode_int=0, carrier_roaming_ntn_connect_type_int=0, satellite_attach_supported_bool=false, carrier_roaming_satellite_emergency_messaging_redirection_destination_string=, satellite_nidd_apn_name_string=, carrier_supported_satellite_services_per_provider_bundle=PersistableBundle[{310830=[2, 3, 6]}], satellite_roaming_esos_inactivity_timeout_sec_int=300, carrier_supported_satellite_notification_hysteresis_sec_int=180, carrier_config_applied_bool=true, carrier_roaming_ntn_emergency_call_to_satellite_handover_type_int=2, carrier_roaming_satellite_default_services_int_array=[2, 3, 6], imsserviceentitlement.entitlement_server_url_string=, emergency_call_to_satellite_t911_handover_timeout_millis_int=30000, satellite_roaming_p2p_sms_supported_bool=false, carrier_config_version_string=, satellite_roaming_screen_off_inactivity_timeout_sec_int=30}]
07-10 13:40:51.376  1299  1471 D SatelliteController: isSatelliteSupportedViaCarrier: using CarrierConfig for subId=1, isAttachSupported=false
07-10 13:40:51.376  1299  1471 D SatelliteController: isInSatelliteModeForCarrierRoaming: subId=1, connectType=0, result=false
07-10 13:40:51.376  1299  1471 D SatelliteController: getCarrierRoamingNtnConnectType: Checking connect type from PLMN config for subId: 1
07-10 13:40:51.376  1299  1471 D TelephonyConfigUpdateInstallReceiver: getConfigParser: domain=satellite
07-10 13:40:51.376  1299  1471 V SatelliteController: satelliteConfigParser is not ready
07-10 13:40:51.376  1299  1471 D SatelliteController: isSatelliteAttachSupportedViaConfigupdater: return null (satelliteConfig is null)
07-10 13:40:51.376  1299  1471 D SatelliteController: getConfigForSubId: subId= 1, config= PersistableBundle[{satellite_esos_supported_bool=false, satellite_connection_hysteresis_sec_int=180, satellite_supported_disaster_plmn_string_array=[], regional_satellite_earfcn_bundle=PersistableBundle[{}], satellite_entitlement_supported_bool=false, satellite_supported_emergency_plmn_string_array=[], satellite_configs_per_plmn_bundle=PersistableBundle[{}], satellite_sos_max_datagram_size_bytes_int=255, satellite_supported_msg_apps_string_array=[com.google.android.apps.messaging], satellite_connected_notification_throttle_millis_int=604800000, satellite_display_name_string=, satellite_roaming_p2p_sms_inactivity_timeout_sec_int=180, satellite_roaming_turn_off_session_for_emergency_call_bool=true, emergency_messaging_supported_bool=false, carrier_roaming_satellite_emergency_messaging_provider_per_country_bundle=PersistableBundle[{}], satellite_data_support_mode_int=0, carrier_roaming_ntn_connect_type_int=0, satellite_attach_supported_bool=false, carrier_roaming_satellite_emergency_messaging_redirection_destination_string=, satellite_nidd_apn_name_string=, carrier_supported_satellite_services_per_provider_bundle=PersistableBundle[{310830=[2, 3, 6]}], satellite_roaming_esos_inactivity_timeout_sec_int=300, carrier_supported_satellite_notification_hysteresis_sec_int=180, carrier_config_applied_bool=true, carrier_roaming_ntn_emergency_call_to_satellite_handover_type_int=2, carrier_roaming_satellite_default_services_int_array=[2, 3, 6], imsserviceentitlement.entitlement_server_url_string=, emergency_call_to_satellite_t911_handover_timeout_millis_int=30000, satellite_roaming_p2p_sms_supported_bool=false, carrier_config_version_string=, satellite_roaming_screen_off_inactivity_timeout_sec_int=30}]
07-10 13:40:51.376  1299  1471 D SatelliteController: isSatelliteSupportedViaCarrier: using CarrierConfig for subId=1, isAttachSupported=false
07-10 13:40:51.376  1299  1471 D SatelliteController: getSatellitePerPlmnConfiguration: invalid subId or not supported via carrier.
07-10 13:40:51.376  1299  1471 D SatelliteController: getCarrierRoamingNtnConnectType: config: null
07-10 13:40:51.376  1299  1471 D TelephonyConfigUpdateInstallReceiver: getConfigParser: domain=satellite
07-10 13:40:51.376  1299  1471 V SatelliteController: satelliteConfigParser is not ready
07-10 13:40:51.376  1299  1471 D SatelliteController: getCarrierRoamingNtnConnectTypeViaConfigUpdater: return null (satelliteConfig is null)
07-10 13:40:51.376  1299  1471 D SatelliteController: getConfigForSubId: subId= 1, config= PersistableBundle[{satellite_esos_supported_bool=false, satellite_connection_hysteresis_sec_int=180, satellite_supported_disaster_plmn_string_array=[], regional_satellite_earfcn_bundle=PersistableBundle[{}], satellite_entitlement_supported_bool=false, satellite_supported_emergency_plmn_string_array=[], satellite_configs_per_plmn_bundle=PersistableBundle[{}], satellite_sos_max_datagram_size_bytes_int=255, satellite_supported_msg_apps_string_array=[com.google.android.apps.messaging], satellite_connected_notification_throttle_millis_int=604800000, satellite_display_name_string=, satellite_roaming_p2p_sms_inactivity_timeout_sec_int=180, satellite_roaming_turn_off_session_for_emergency_call_bool=true, emergency_messaging_supported_bool=false, carrier_roaming_satellite_emergency_messaging_provider_per_country_bundle=PersistableBundle[{}], satellite_data_support_mode_int=0, carrier_roaming_ntn_connect_type_int=0, satellite_attach_supported_bool=false, carrier_roaming_satellite_emergency_messaging_redirection_destination_string=, satellite_nidd_apn_name_string=, carrier_supported_satellite_services_per_provider_bundle=PersistableBundle[{310830=[2, 3, 6]}], satellite_roaming_esos_inactivity_timeout_sec_int=300, carrier_supported_satellite_notification_hysteresis_sec_int=180, carrier_config_applied_bool=true, carrier_roaming_ntn_emergency_call_to_satellite_handover_type_int=2, carrier_roaming_satellite_default_services_int_array=[2, 3, 6], imsserviceentitlement.entitlement_server_url_string=, emergency_call_to_satellite_t911_handover_timeout_millis_int=30000, satellite_roaming_p2p_sms_supported_bool=false, carrier_config_version_string=, satellite_roaming_screen_off_inactivity_timeout_sec_int=30}]
07-10 13:40:51.376  1299  1471 D SatelliteController: getCarrierRoamingNtnConnectType: Falling back to global carrier config connect type: 0
07-10 13:40:51.376  1299  1471 D TelephonyConfigUpdateInstallReceiver: getConfigParser: domain=satellite
07-10 13:40:51.376  1299  1471 V SatelliteController: satelliteConfigParser is not ready
07-10 13:40:51.376  1299  1471 D SatelliteController: isSatelliteAttachSupportedViaConfigupdater: return null (satelliteConfig is null)
07-10 13:40:51.376  1299  1471 D SatelliteController: getConfigForSubId: subId= 1, config= PersistableBundle[{satellite_esos_supported_bool=false, satellite_connection_hysteresis_sec_int=180, satellite_supported_disaster_plmn_string_array=[], regional_satellite_earfcn_bundle=PersistableBundle[{}], satellite_entitlement_supported_bool=false, satellite_supported_emergency_plmn_string_array=[], satellite_configs_per_plmn_bundle=PersistableBundle[{}], satellite_sos_max_datagram_size_bytes_int=255, satellite_supported_msg_apps_string_array=[com.google.android.apps.messaging], satellite_connected_notification_throttle_millis_int=604800000, satellite_display_name_string=, satellite_roaming_p2p_sms_inactivity_timeout_sec_int=180, satellite_roaming_turn_off_session_for_emergency_call_bool=true, emergency_messaging_supported_bool=false, carrier_roaming_satellite_emergency_messaging_provider_per_country_bundle=PersistableBundle[{}], satellite_data_support_mode_int=0, carrier_roaming_ntn_connect_type_int=0, satellite_attach_supported_bool=false, carrier_roaming_satellite_emergency_messaging_redirection_destination_string=, satellite_nidd_apn_name_string=, carrier_supported_satellite_services_per_provider_bundle=PersistableBundle[{310830=[2, 3, 6]}], satellite_roaming_esos_inactivity_timeout_sec_int=300, carrier_supported_satellite_notification_hysteresis_sec_int=180, carrier_config_applied_bool=true, carrier_roaming_ntn_emergency_call_to_satellite_handover_type_int=2, carrier_roaming_satellite_default_services_int_array=[2, 3, 6], imsserviceentitlement.entitlement_server_url_string=, emergency_call_to_satellite_t911_handover_timeout_millis_int=30000, satellite_roaming_p2p_sms_supported_bool=false, carrier_config_version_string=, satellite_roaming_screen_off_inactivity_timeout_sec_int=30}]
07-10 13:40:51.376  1299  1471 D SatelliteController: isSatelliteSupportedViaCarrier: using CarrierConfig for subId=1, isAttachSupported=false
07-10 13:40:51.377  1299  1471 D SatelliteController: isInSatelliteModeForCarrierRoaming: subId=1, connectType=0, result=false
07-10 13:40:51.386   530   530 W skia    : AGTM parsing failed flags.readFromStream(s) at 159
07-10 13:40:51.404   530   530 W skia    : AGTM parsing failed flags.readFromStream(s) at 159
07-10 13:40:51.404   530   530 W skia    : AGTM parsing failed flags.readFromStream(s) at 159
07-10 13:40:51.420   530   530 W skia    : AGTM parsing failed flags.readFromStream(s) at 159
07-10 13:40:51.428   530   579 W skia    : AGTM parsing failed flags.readFromStream(s) at 159
07-10 13:40:51.437   530   530 W skia    : AGTM parsing failed flags.readFromStream(s) at 159
07-10 13:40:51.453   530   530 W skia    : AGTM parsing failed flags.readFromStream(s) at 159
07-10 13:40:51.471   530   530 W skia    : AGTM parsing failed flags.readFromStream(s) at 159
07-10 13:40:51.487   530   530 W skia    : AGTM parsing failed flags.readFromStream(s) at 159
07-10 13:40:51.503   530   530 W skia    : AGTM parsing failed flags.readFromStream(s) at 159
07-10 13:40:51.520   530   530 W skia    : AGTM parsing failed flags.readFromStream(s) at 159
07-10 13:40:51.529   530   579 W skia    : AGTM parsing failed flags.readFromStream(s) at 159
07-10 13:40:51.537   530   530 W skia    : AGTM parsing failed flags.readFromStream(s) at 159
07-10 13:40:51.553   530   530 W skia    : AGTM parsing failed flags.readFromStream(s) at 159
07-10 13:40:51.570   530   530 W skia    : AGTM parsing failed flags.readFromStream(s) at 159
07-10 13:40:51.587   530   530 W skia    : AGTM parsing failed flags.readFromStream(s) at 159
07-10 13:40:51.604   530   530 W skia    : AGTM parsing failed flags.readFromStream(s) at 159
07-10 13:40:51.620   530   530 W skia    : AGTM parsing failed flags.readFromStream(s) at 159
07-10 13:40:51.632   530   579 W skia    : AGTM parsing failed flags.readFromStream(s) at 159
07-10 13:40:51.637   530   530 W skia    : AGTM parsing failed flags.readFromStream(s) at 159
07-10 13:40:51.653   530   530 W skia    : AGTM parsing failed flags.readFromStream(s) at 159
07-10 13:40:51.670   530   530 W skia    : AGTM parsing failed flags.readFromStream(s) at 159
07-10 13:40:51.687   530   530 W skia    : AGTM parsing failed flags.readFromStream(s) at 159
07-10 13:40:51.704   530   530 W skia    : AGTM parsing failed flags.readFromStream(s) at 159
07-10 13:40:51.720   530   530 W skia    : AGTM parsing failed flags.readFromStream(s) at 159
07-10 13:40:51.737   530   530 W skia    : AGTM parsing failed flags.readFromStream(s) at 159
07-10 13:40:51.741   530   579 W skia    : AGTM parsing failed flags.readFromStream(s) at 159
07-10 13:40:51.754   530   530 W skia    : AGTM parsing failed flags.readFromStream(s) at 159
07-10 13:40:51.770   530   530 W skia    : AGTM parsing failed flags.readFromStream(s) at 159
07-10 13:40:51.786   530   530 W skia    : AGTM parsing failed flags.readFromStream(s) at 159
07-10 13:40:51.803   530   530 W skia    : AGTM parsing failed flags.readFromStream(s) at 159
07-10 13:40:51.820   530   530 W skia    : AGTM parsing failed flags.readFromStream(s) at 159
07-10 13:40:51.836   530   530 W skia    : AGTM parsing failed flags.readFromStream(s) at 159
07-10 13:40:51.842   530   579 W skia    : AGTM parsing failed flags.readFromStream(s) at 159
07-10 13:40:51.854   530   530 W skia    : AGTM parsing failed flags.readFromStream(s) at 159
07-10 13:40:51.870   530   530 W skia    : AGTM parsing failed flags.readFromStream(s) at 159
07-10 13:40:51.886   530   530 W skia    : AGTM parsing failed flags.readFromStream(s) at 159
07-10 13:40:51.904   530   530 W skia    : AGTM parsing failed flags.readFromStream(s) at 159
07-10 13:40:51.920   530   530 W skia    : AGTM parsing failed flags.readFromStream(s) at 159
07-10 13:40:51.937   530   530 W skia    : AGTM parsing failed flags.readFromStream(s) at 159
07-10 13:40:51.943   530   579 W skia    : AGTM parsing failed flags.readFromStream(s) at 159
07-10 13:40:51.953   530   530 W skia    : AGTM parsing failed flags.readFromStream(s) at 159
07-10 13:40:51.971   530   530 W skia    : AGTM parsing failed flags.readFromStream(s) at 159
07-10 13:40:51.987   530   530 W skia    : AGTM parsing failed flags.readFromStream(s) at 159
07-10 13:40:52.004   530   530 W skia    : AGTM parsing failed flags.readFromStream(s) at 159
07-10 13:40:52.020   530   530 W skia    : AGTM parsing failed flags.readFromStream(s) at 159
07-10 13:40:52.036   530   530 W skia    : AGTM parsing failed flags.readFromStream(s) at 159
07-10 13:40:52.043   530   579 W skia    : AGTM parsing failed flags.readFromStream(s) at 159
07-10 13:40:52.054   530   530 W skia    : AGTM parsing failed flags.readFromStream(s) at 159
07-10 13:40:52.070   530   530 W skia    : AGTM parsing failed flags.readFromStream(s) at 159
07-10 13:40:52.087   530   530 W skia    : AGTM parsing failed flags.readFromStream(s) at 159
07-10 13:40:52.103   530   530 W skia    : AGTM parsing failed flags.readFromStream(s) at 159
07-10 13:40:52.120   530   530 W skia    : AGTM parsing failed flags.readFromStream(s) at 159
07-10 13:40:52.137   530   530 W skia    : AGTM parsing failed flags.readFromStream(s) at 159
07-10 13:40:52.144   530   579 W skia    : AGTM parsing failed flags.readFromStream(s) at 159
07-10 13:40:52.154   530   530 W skia    : AGTM parsing failed flags.readFromStream(s) at 159
07-10 13:40:52.171   530   530 W skia    : AGTM parsing failed flags.readFromStream(s) at 159
07-10 13:40:52.187   530   530 W skia    : AGTM parsing failed flags.readFromStream(s) at 159
07-10 13:40:52.204   530   530 W skia    : AGTM parsing failed flags.readFromStream(s) at 159
07-10 13:40:52.220   530   530 W skia    : AGTM parsing failed flags.readFromStream(s) at 159
07-10 13:40:52.237   530   530 W skia    : AGTM parsing failed flags.readFromStream(s) at 159
07-10 13:40:52.245   530   579 W skia    : AGTM parsing failed flags.readFromStream(s) at 159
07-10 13:40:52.253   530   530 W skia    : AGTM parsing failed flags.readFromStream(s) at 159
07-10 13:40:52.272   530   530 W skia    : AGTM parsing failed flags.readFromStream(s) at 159
07-10 13:40:52.286   530   530 W skia    : AGTM parsing failed flags.readFromStream(s) at 159
07-10 13:40:52.304   530   530 W skia    : AGTM parsing failed flags.readFromStream(s) at 159
07-10 13:40:52.320   530   530 W skia    : AGTM parsing failed flags.readFromStream(s) at 159
07-10 13:40:52.336   530   530 W skia    : AGTM parsing failed flags.readFromStream(s) at 159
07-10 13:40:52.347   530   579 W skia    : AGTM parsing failed flags.readFromStream(s) at 159
07-10 13:40:52.354   530   530 W skia    : AGTM parsing failed flags.readFromStream(s) at 159
07-10 13:40:52.371   530   530 W skia    : AGTM parsing failed flags.readFromStream(s) at 159
07-10 13:40:52.387   530   530 W skia    : AGTM parsing failed flags.readFromStream(s) at 159
07-10 13:40:52.403   530   530 W skia    : AGTM parsing failed flags.readFromStream(s) at 159
07-10 13:40:52.420   530   530 W skia    : AGTM parsing failed flags.readFromStream(s) at 159
07-10 13:40:52.437   530   530 W skia    : AGTM parsing failed flags.readFromStream(s) at 159
07-10 13:40:52.448   530   579 W skia    : AGTM parsing failed flags.readFromStream(s) at 159
07-10 13:40:52.453   530   530 W skia    : AGTM parsing failed flags.readFromStream(s) at 159
07-10 13:40:52.471   530   530 W skia    : AGTM parsing failed flags.readFromStream(s) at 159
07-10 13:40:52.487   530   530 W skia    : AGTM parsing failed flags.readFromStream(s) at 159
07-10 13:40:52.503   530   530 W skia    : AGTM parsing failed flags.readFromStream(s) at 159
07-10 13:40:52.521   530   530 W skia    : AGTM parsing failed flags.readFromStream(s) at 159
07-10 13:40:52.537   530   530 W skia    : AGTM parsing failed flags.readFromStream(s) at 159
07-10 13:40:52.549   530   579 W skia    : AGTM parsing failed flags.readFromStream(s) at 159
07-10 13:40:52.554   530   530 W skia    : AGTM parsing failed flags.readFromStream(s) at 159
07-10 13:40:52.571   530   530 W skia    : AGTM parsing failed flags.readFromStream(s) at 159
07-10 13:40:52.583   669  1034 E WifiDataStall: Ignore this poll. newStats: null txLinkSpeedMbps: 11 rxLinkSpeedMbps: 2 rssi: -50 connectionCapabilities: com.android.server.wifi.WifiNative$ConnectionCapabilities@8d12315
07-10 13:40:52.584   669  1063 I AdbWifiNetworkMonitor: Wi-Fi network available
07-10 13:40:52.584   669  1063 I AdbWifiNetworkMonitor: Received the same Wi-Fi SSID. Ignoring.
07-10 13:40:52.587   530   530 W skia    : AGTM parsing failed flags.readFromStream(s) at 159
07-10 13:40:52.588   669  1040 W libbinder.IPCThreadState: Sending oneway calls to frozen process.
07-10 13:40:52.588   669  1040 W libbinder.IPCThreadState: Sending oneway calls to frozen process.
07-10 13:40:52.599  1520  2649 I NullBinder: NullBinder for android.net.action.RECOMMEND_NETWORKS triggering remote TransactionTooLargeException due to Service without Chimera impl, calling uid: 1000, calling pid: 0
07-10 13:40:52.599  1520  2649 W libbinder.Binder: Large reply transaction of 1056768 bytes, interface descriptor , function: UNKNOWN_FUNCTION_NAME, code: 1, flags: 17
07-10 13:40:52.603   530   530 W skia    : AGTM parsing failed flags.readFromStream(s) at 159
07-10 13:40:52.620   530   530 W skia    : AGTM parsing failed flags.readFromStream(s) at 159
07-10 13:40:52.637   530   530 W skia    : AGTM parsing failed flags.readFromStream(s) at 159
07-10 13:40:52.654   530   530 W skia    : AGTM parsing failed flags.readFromStream(s) at 159
07-10 13:40:52.660   530   579 W skia    : AGTM parsing failed flags.readFromStream(s) at 159
07-10 13:40:52.671   530   530 W skia    : AGTM parsing failed flags.readFromStream(s) at 159
07-10 13:40:52.687   530   530 W skia    : AGTM parsing failed flags.readFromStream(s) at 159
07-10 13:40:52.703   530   530 W skia    : AGTM parsing failed flags.readFromStream(s) at 159
07-10 13:40:52.720   530   530 W skia    : AGTM parsing failed flags.readFromStream(s) at 159
07-10 13:40:52.737   530   530 W skia    : AGTM parsing failed flags.readFromStream(s) at 159
07-10 13:40:52.754   530   530 W skia    : AGTM parsing failed flags.readFromStream(s) at 159
07-10 13:40:52.761   530   579 W skia    : AGTM parsing failed flags.readFromStream(s) at 159
07-10 13:40:52.771   530   530 W skia    : AGTM parsing failed flags.readFromStream(s) at 159
07-10 13:40:52.787   530   530 W skia    : AGTM parsing failed flags.readFromStream(s) at 159
07-10 13:40:52.804   530   530 W skia    : AGTM parsing failed flags.readFromStream(s) at 159
07-10 13:40:52.820   530   530 W skia    : AGTM parsing failed flags.readFromStream(s) at 159
07-10 13:40:52.837   530   530 W skia    : AGTM parsing failed flags.readFromStream(s) at 159
07-10 13:40:52.853   530   530 W skia    : AGTM parsing failed flags.readFromStream(s) at 159
07-10 13:40:52.862   530   579 W skia    : AGTM parsing failed flags.readFromStream(s) at 159
07-10 13:40:52.870   530   530 W skia    : AGTM parsing failed flags.readFromStream(s) at 159
07-10 13:40:52.887   530   530 W skia    : AGTM parsing failed flags.readFromStream(s) at 159
07-10 13:40:52.903   530   530 W skia    : AGTM parsing failed flags.readFromStream(s) at 159
07-10 13:40:52.920   530   530 W skia    : AGTM parsing failed flags.readFromStream(s) at 159
07-10 13:40:52.936   530   530 W skia    : AGTM parsing failed flags.readFromStream(s) at 159
07-10 13:40:52.954   530   530 W skia    : AGTM parsing failed flags.readFromStream(s) at 159
07-10 13:40:52.963   530   579 W skia    : AGTM parsing failed flags.readFromStream(s) at 159
07-10 13:40:52.969   530   530 W skia    : AGTM parsing failed flags.readFromStream(s) at 159
07-10 13:40:52.987   530   530 W skia    : AGTM parsing failed flags.readFromStream(s) at 159
07-10 13:40:53.004   530   530 W skia    : AGTM parsing failed flags.readFromStream(s) at 159
07-10 13:40:53.020   530   530 W skia    : AGTM parsing failed flags.readFromStream(s) at 159
07-10 13:40:53.036   530   530 W skia    : AGTM parsing failed flags.readFromStream(s) at 159
07-10 13:40:53.054   530   530 W skia    : AGTM parsing failed flags.readFromStream(s) at 159
07-10 13:40:53.064   530   579 W skia    : AGTM parsing failed flags.readFromStream(s) at 159
07-10 13:40:53.070   530   530 W skia    : AGTM parsing failed flags.readFromStream(s) at 159
07-10 13:40:53.087   530   530 W skia    : AGTM parsing failed flags.readFromStream(s) at 159
07-10 13:40:53.103   530   530 W skia    : AGTM parsing failed flags.readFromStream(s) at 159
07-10 13:40:53.120   530   530 W skia    : AGTM parsing failed flags.readFromStream(s) at 159
07-10 13:40:53.136   530   530 W skia    : AGTM parsing failed flags.readFromStream(s) at 159
07-10 13:40:53.154   530   530 W skia    : AGTM parsing failed flags.readFromStream(s) at 159
07-10 13:40:53.165   530   579 W skia    : AGTM parsing failed flags.readFromStream(s) at 159
07-10 13:40:53.170   530   530 W skia    : AGTM parsing failed flags.readFromStream(s) at 159
07-10 13:40:53.187   530   530 W skia    : AGTM parsing failed flags.readFromStream(s) at 159
07-10 13:40:53.203   530   530 W skia    : AGTM parsing failed flags.readFromStream(s) at 159
07-10 13:40:53.220   530   530 W skia    : AGTM parsing failed flags.readFromStream(s) at 159
07-10 13:40:53.237   530   530 W skia    : AGTM parsing failed flags.readFromStream(s) at 159
07-10 13:40:53.253   530   530 W skia    : AGTM parsing failed flags.readFromStream(s) at 159
07-10 13:40:53.266   530   579 W skia    : AGTM parsing failed flags.readFromStream(s) at 159
07-10 13:40:53.270   530   530 W skia    : AGTM parsing failed flags.readFromStream(s) at 159
07-10 13:40:53.289   530   530 W skia    : AGTM parsing failed flags.readFromStream(s) at 159
07-10 13:40:53.304   530   530 W skia    : AGTM parsing failed flags.readFromStream(s) at 159
07-10 13:40:53.320   530   530 W skia    : AGTM parsing failed flags.readFromStream(s) at 159
07-10 13:40:53.337   530   530 W skia    : AGTM parsing failed flags.readFromStream(s) at 159
07-10 13:40:53.354   530   530 W skia    : AGTM parsing failed flags.readFromStream(s) at 159
07-10 13:40:53.371   530   530 W skia    : AGTM parsing failed flags.readFromStream(s) at 159
07-10 13:40:53.375   530   579 W skia    : AGTM parsing failed flags.readFromStream(s) at 159
07-10 13:40:53.387   530   530 W skia    : AGTM parsing failed flags.readFromStream(s) at 159
07-10 13:40:53.404   530   530 W skia    : AGTM parsing failed flags.readFromStream(s) at 159
07-10 13:40:53.421   530   530 W skia    : AGTM parsing failed flags.readFromStream(s) at 159
07-10 13:40:53.436   530   530 W skia    : AGTM parsing failed flags.readFromStream(s) at 159
07-10 13:40:53.454   530   530 W skia    : AGTM parsing failed flags.readFromStream(s) at 159
07-10 13:40:53.470   530   530 W skia    : AGTM parsing failed flags.readFromStream(s) at 159
07-10 13:40:53.476   530   579 W skia    : AGTM parsing failed flags.readFromStream(s) at 159
07-10 13:40:53.488   530   530 W skia    : AGTM parsing failed flags.readFromStream(s) at 159
07-10 13:40:53.503   530   530 W skia    : AGTM parsing failed flags.readFromStream(s) at 159
07-10 13:40:53.522   530   530 W skia    : AGTM parsing failed flags.readFromStream(s) at 159
07-10 13:40:53.537   530   530 W skia    : AGTM parsing failed flags.readFromStream(s) at 159
07-10 13:40:53.554   530   530 W skia    : AGTM parsing failed flags.readFromStream(s) at 159
07-10 13:40:53.570   530   530 W skia    : AGTM parsing failed flags.readFromStream(s) at 159
07-10 13:40:53.577   530   579 W skia    : AGTM parsing failed flags.readFromStream(s) at 159
07-10 13:40:53.588   530   530 W skia    : AGTM parsing failed flags.readFromStream(s) at 159
07-10 13:40:53.604   530   530 W skia    : AGTM parsing failed flags.readFromStream(s) at 159
07-10 13:40:53.620   530   530 W skia    : AGTM parsing failed flags.readFromStream(s) at 159
07-10 13:40:53.637   530   530 W skia    : AGTM parsing failed flags.readFromStream(s) at 159
07-10 13:40:53.653   530   530 W skia    : AGTM parsing failed flags.readFromStream(s) at 159
07-10 13:40:53.670   530   530 W skia    : AGTM parsing failed flags.readFromStream(s) at 159
07-10 13:40:53.678   530   579 W skia    : AGTM parsing failed flags.readFromStream(s) at 159
07-10 13:40:53.687   530   530 W skia    : AGTM parsing failed flags.readFromStream(s) at 159
07-10 13:40:53.703   530   530 W skia    : AGTM parsing failed flags.readFromStream(s) at 159
07-10 13:40:53.720   530   530 W skia    : AGTM parsing failed flags.readFromStream(s) at 159
07-10 13:40:53.737   530   530 W skia    : AGTM parsing failed flags.readFromStream(s) at 159
07-10 13:40:53.753   530   530 W skia    : AGTM parsing failed flags.readFromStream(s) at 159
07-10 13:40:53.771   530   530 W skia    : AGTM parsing failed flags.readFromStream(s) at 159
07-10 13:40:53.779   530   579 W skia    : AGTM parsing failed flags.readFromStream(s) at 159
07-10 13:40:53.787   530   530 W skia    : AGTM parsing failed flags.readFromStream(s) at 159
07-10 13:40:53.804   530   530 W skia    : AGTM parsing failed flags.readFromStream(s) at 159
07-10 13:40:53.820   530   530 W skia    : AGTM parsing failed flags.readFromStream(s) at 159
07-10 13:40:53.838   530   530 W skia    : AGTM parsing failed flags.readFromStream(s) at 159
07-10 13:40:53.854   530   530 W skia    : AGTM parsing failed flags.readFromStream(s) at 159
07-10 13:40:53.870   530   530 W skia    : AGTM parsing failed flags.readFromStream(s) at 159
07-10 13:40:53.880   530   579 W skia    : AGTM parsing failed flags.readFromStream(s) at 159
07-10 13:40:53.887   530   530 W skia    : AGTM parsing failed flags.readFromStream(s) at 159
07-10 13:40:53.904   530   530 W skia    : AGTM parsing failed flags.readFromStream(s) at 159
07-10 13:40:53.921   530   530 W skia    : AGTM parsing failed flags.readFromStream(s) at 159
07-10 13:40:53.937   530   530 W skia    : AGTM parsing failed flags.readFromStream(s) at 159
07-10 13:40:53.953   530   530 W skia    : AGTM parsing failed flags.readFromStream(s) at 159
07-10 13:40:53.971   530   530 W skia    : AGTM parsing failed flags.readFromStream(s) at 159
07-10 13:40:53.981   530   579 W skia    : AGTM parsing failed flags.readFromStream(s) at 159
07-10 13:40:53.987   530   530 W skia    : AGTM parsing failed flags.readFromStream(s) at 159
07-10 13:40:54.003   530   530 W skia    : AGTM parsing failed flags.readFromStream(s) at 159
07-10 13:40:54.020   530   530 W skia    : AGTM parsing failed flags.readFromStream(s) at 159
07-10 13:40:54.036   530   530 W skia    : AGTM parsing failed flags.readFromStream(s) at 159
07-10 13:40:54.054   530   530 W skia    : AGTM parsing failed flags.readFromStream(s) at 159
07-10 13:40:54.070   530   530 W skia    : AGTM parsing failed flags.readFromStream(s) at 159
07-10 13:40:54.081   530   579 W skia    : AGTM parsing failed flags.readFromStream(s) at 159
07-10 13:40:54.088   530   530 W skia    : AGTM parsing failed flags.readFromStream(s) at 159
07-10 13:40:54.105   530   530 W skia    : AGTM parsing failed flags.readFromStream(s) at 159
07-10 13:40:54.120   530   530 W skia    : AGTM parsing failed flags.readFromStream(s) at 159
07-10 13:40:54.136   530   530 W skia    : AGTM parsing failed flags.readFromStream(s) at 159
07-10 13:40:54.154   530   530 W skia    : AGTM parsing failed flags.readFromStream(s) at 159
07-10 13:40:54.170   530   530 W skia    : AGTM parsing failed flags.readFromStream(s) at 159
07-10 13:40:54.182   530   579 W skia    : AGTM parsing failed flags.readFromStream(s) at 159
07-10 13:40:54.187   530   530 W skia    : AGTM parsing failed flags.readFromStream(s) at 159
07-10 13:40:54.203   530   530 W skia    : AGTM parsing failed flags.readFromStream(s) at 159
07-10 13:40:54.220   530   530 W skia    : AGTM parsing failed flags.readFromStream(s) at 159
07-10 13:40:54.237   530   530 W skia    : AGTM parsing failed flags.readFromStream(s) at 159
07-10 13:40:54.254   530   530 W skia    : AGTM parsing failed flags.readFromStream(s) at 159
07-10 13:40:54.270   530   530 W skia    : AGTM parsing failed flags.readFromStream(s) at 159
07-10 13:40:54.288   530   530 W skia    : AGTM parsing failed flags.readFromStream(s) at 159
07-10 13:40:54.295   530   579 W skia    : AGTM parsing failed flags.readFromStream(s) at 159
07-10 13:40:54.303   530   530 W skia    : AGTM parsing failed flags.readFromStream(s) at 159
07-10 13:40:54.321   530   530 W skia    : AGTM parsing failed flags.readFromStream(s) at 159
07-10 13:40:54.336   530   530 W skia    : AGTM parsing failed flags.readFromStream(s) at 159
07-10 13:40:54.354   530   530 W skia    : AGTM parsing failed flags.readFromStream(s) at 159
07-10 13:40:54.370   530   530 W skia    : AGTM parsing failed flags.readFromStream(s) at 159
07-10 13:40:54.388   530   530 W skia    : AGTM parsing failed flags.readFromStream(s) at 159
07-10 13:40:54.396   530   579 W skia    : AGTM parsing failed flags.readFromStream(s) at 159
07-10 13:40:54.403   530   530 W skia    : AGTM parsing failed flags.readFromStream(s) at 159
07-10 13:40:54.420   530   530 W skia    : AGTM parsing failed flags.readFromStream(s) at 159
07-10 13:40:54.438   530   530 W skia    : AGTM parsing failed flags.readFromStream(s) at 159
07-10 13:40:54.453   530   530 W skia    : AGTM parsing failed flags.readFromStream(s) at 159
07-10 13:40:54.470   530   530 W skia    : AGTM parsing failed flags.readFromStream(s) at 159
07-10 13:40:54.487   530   530 W skia    : AGTM parsing failed flags.readFromStream(s) at 159
07-10 13:40:54.498   530   579 W skia    : AGTM parsing failed flags.readFromStream(s) at 159
07-10 13:40:54.504   530   530 W skia    : AGTM parsing failed flags.readFromStream(s) at 159
07-10 13:40:54.521   530   530 W skia    : AGTM parsing failed flags.readFromStream(s) at 159
07-10 13:40:54.538   530   530 W skia    : AGTM parsing failed flags.readFromStream(s) at 159
07-10 13:40:54.554   530   530 W skia    : AGTM parsing failed flags.readFromStream(s) at 159
07-10 13:40:54.570   530   530 W skia    : AGTM parsing failed flags.readFromStream(s) at 159
07-10 13:40:54.586   530   530 W skia    : AGTM parsing failed flags.readFromStream(s) at 159
07-10 13:40:54.599   530   579 W skia    : AGTM parsing failed flags.readFromStream(s) at 159
07-10 13:40:54.604   530   530 W skia    : AGTM parsing failed flags.readFromStream(s) at 159
07-10 13:40:54.621   530   530 W skia    : AGTM parsing failed flags.readFromStream(s) at 159
07-10 13:40:54.637   530   530 W skia    : AGTM parsing failed flags.readFromStream(s) at 159
07-10 13:40:54.654   530   530 W skia    : AGTM parsing failed flags.readFromStream(s) at 159
07-10 13:40:54.671   530   530 W skia    : AGTM parsing failed flags.readFromStream(s) at 159
07-10 13:40:54.688   530   530 W skia    : AGTM parsing failed flags.readFromStream(s) at 159
07-10 13:40:54.699   530   579 W skia    : AGTM parsing failed flags.readFromStream(s) at 159
07-10 13:40:54.703   530   530 W skia    : AGTM parsing failed flags.readFromStream(s) at 159
07-10 13:40:54.721   530   530 W skia    : AGTM parsing failed flags.readFromStream(s) at 159
07-10 13:40:54.737   530   530 W skia    : AGTM parsing failed flags.readFromStream(s) at 159
07-10 13:40:54.754   530   530 W skia    : AGTM parsing failed flags.readFromStream(s) at 159
07-10 13:40:54.770   530   530 W skia    : AGTM parsing failed flags.readFromStream(s) at 159
07-10 13:40:54.787   530   530 W skia    : AGTM parsing failed flags.readFromStream(s) at 159
07-10 13:40:54.803   530   530 W skia    : AGTM parsing failed flags.readFromStream(s) at 159
07-10 13:40:54.809   530   579 W skia    : AGTM parsing failed flags.readFromStream(s) at 159
07-10 13:40:54.820   530   530 W skia    : AGTM parsing failed flags.readFromStream(s) at 159
07-10 13:40:54.838   530   530 W skia    : AGTM parsing failed flags.readFromStream(s) at 159
07-10 13:40:54.854   530   530 W skia    : AGTM parsing failed flags.readFromStream(s) at 159
07-10 13:40:54.870   530   530 W skia    : AGTM parsing failed flags.readFromStream(s) at 159
07-10 13:40:54.887   530   530 W skia    : AGTM parsing failed flags.readFromStream(s) at 159
07-10 13:40:54.903   530   530 W skia    : AGTM parsing failed flags.readFromStream(s) at 159
07-10 13:40:54.911   530   579 W skia    : AGTM parsing failed flags.readFromStream(s) at 159
07-10 13:40:54.919   530   530 W skia    : AGTM parsing failed flags.readFromStream(s) at 159
07-10 13:40:54.936   530   530 W skia    : AGTM parsing failed flags.readFromStream(s) at 159
07-10 13:40:54.953   530   530 W skia    : AGTM parsing failed flags.readFromStream(s) at 159
07-10 13:40:54.972   530   530 W skia    : AGTM parsing failed flags.readFromStream(s) at 159
07-10 13:40:54.979  1357  1357 I wpa_supplicant: wlan0: CTRL-EVENT-BEACON-LOSS 
07-10 13:40:54.987   530   530 W skia    : AGTM parsing failed flags.readFromStream(s) at 159
07-10 13:40:55.003   530   530 W skia    : AGTM parsing failed flags.readFromStream(s) at 159
07-10 13:40:55.013   530   579 W skia    : AGTM parsing failed flags.readFromStream(s) at 159
07-10 13:40:55.021   530   530 W skia    : AGTM parsing failed flags.readFromStream(s) at 159
07-10 13:40:55.037   530   530 W skia    : AGTM parsing failed flags.readFromStream(s) at 159
07-10 13:40:55.053   530   530 W skia    : AGTM parsing failed flags.readFromStream(s) at 159
07-10 13:40:55.070   530   530 W skia    : AGTM parsing failed flags.readFromStream(s) at 159
07-10 13:40:55.087   530   530 W skia    : AGTM parsing failed flags.readFromStream(s) at 159
07-10 13:40:55.104   530   530 W skia    : AGTM parsing failed flags.readFromStream(s) at 159
07-10 13:40:55.114   530   579 W skia    : AGTM parsing failed flags.readFromStream(s) at 159
07-10 13:40:55.120   530   530 W skia    : AGTM parsing failed flags.readFromStream(s) at 159
07-10 13:40:55.138   530   530 W skia    : AGTM parsing failed flags.readFromStream(s) at 159
07-10 13:40:55.153   530   530 W skia    : AGTM parsing failed flags.readFromStream(s) at 159
07-10 13:40:55.170   530   530 W skia    : AGTM parsing failed flags.readFromStream(s) at 159
07-10 13:40:55.187   530   530 W skia    : AGTM parsing failed flags.readFromStream(s) at 159
07-10 13:40:55.203   530   530 W skia    : AGTM parsing failed flags.readFromStream(s) at 159
07-10 13:40:55.215   530   579 W skia    : AGTM parsing failed flags.readFromStream(s) at 159
07-10 13:40:55.220   530   530 W skia    : AGTM parsing failed flags.readFromStream(s) at 159
07-10 13:40:55.236   530   530 W skia    : AGTM parsing failed flags.readFromStream(s) at 159
07-10 13:40:55.254   530   530 W skia    : AGTM parsing failed flags.readFromStream(s) at 159
07-10 13:40:55.270   530   530 W skia    : AGTM parsing failed flags.readFromStream(s) at 159
07-10 13:40:55.286   530   530 W skia    : AGTM parsing failed flags.readFromStream(s) at 159
07-10 13:40:55.304   530   530 W skia    : AGTM parsing failed flags.readFromStream(s) at 159
07-10 13:40:55.315   530   579 W skia    : AGTM parsing failed flags.readFromStream(s) at 159
07-10 13:40:55.320   530   530 W skia    : AGTM parsing failed flags.readFromStream(s) at 159
07-10 13:40:55.338   530   530 W skia    : AGTM parsing failed flags.readFromStream(s) at 159
07-10 13:40:55.353   530   530 W skia    : AGTM parsing failed flags.readFromStream(s) at 159
07-10 13:40:55.370   530   530 W skia    : AGTM parsing failed flags.readFromStream(s) at 159
07-10 13:40:55.378  1228  8358 D NetworkMonitor/100: PROBE_HTTPS https://www.google.com/generate_204 Probe failed with exception java.net.ConnectException: Failed to connect to www.google.com/[2001::1]:443
07-10 13:40:55.387   530   530 W skia    : AGTM parsing failed flags.readFromStream(s) at 159
07-10 13:40:55.403   530   530 W skia    : AGTM parsing failed flags.readFromStream(s) at 159
07-10 13:40:55.420   530   530 W skia    : AGTM parsing failed flags.readFromStream(s) at 159
07-10 13:40:55.428   530   579 W skia    : AGTM parsing failed flags.readFromStream(s) at 159
07-10 13:40:55.436   530   530 W skia    : AGTM parsing failed flags.readFromStream(s) at 159
07-10 13:40:55.454   530   530 W skia    : AGTM parsing failed flags.readFromStream(s) at 159
07-10 13:40:55.471   530   530 W skia    : AGTM parsing failed flags.readFromStream(s) at 159
07-10 13:40:55.487   530   530 W skia    : AGTM parsing failed flags.readFromStream(s) at 159
07-10 13:40:55.503   530   530 W skia    : AGTM parsing failed flags.readFromStream(s) at 159
07-10 13:40:55.520   530   530 W skia    : AGTM parsing failed flags.readFromStream(s) at 159
07-10 13:40:55.529   530   579 W skia    : AGTM parsing failed flags.readFromStream(s) at 159
07-10 13:40:55.537   530   530 W skia    : AGTM parsing failed flags.readFromStream(s) at 159
07-10 13:40:55.554   530   530 W skia    : AGTM parsing failed flags.readFromStream(s) at 159
07-10 13:40:55.571   530   530 W skia    : AGTM parsing failed flags.readFromStream(s) at 159
07-10 13:40:55.586   669  1034 E WifiDataStall: Ignore this poll. newStats: null txLinkSpeedMbps: 2 rxLinkSpeedMbps: 2 rssi: -50 connectionCapabilities: com.android.server.wifi.WifiNative$ConnectionCapabilities@8d12315
07-10 13:40:55.587   669  1063 I AdbWifiNetworkMonitor: Wi-Fi network available
07-10 13:40:55.587   669  1063 I AdbWifiNetworkMonitor: Received the same Wi-Fi SSID. Ignoring.
07-10 13:40:55.587   530   530 W skia    : AGTM parsing failed flags.readFromStream(s) at 159
07-10 13:40:55.589   669  1040 W libbinder.IPCThreadState: Sending oneway calls to frozen process.
07-10 13:40:55.590   669  1040 W libbinder.IPCThreadState: Sending oneway calls to frozen process.
07-10 13:40:55.594  1228  1411 D IpClient/wlan0: interfaceLinkStateChanged: ifindex 16 up
07-10 13:40:55.603   530   530 W skia    : AGTM parsing failed flags.readFromStream(s) at 159
07-10 13:40:55.609  1520  1947 I NullBinder: NullBinder for android.net.action.RECOMMEND_NETWORKS triggering remote TransactionTooLargeException due to Service without Chimera impl, calling uid: 1000, calling pid: 0
07-10 13:40:55.609  1520  1947 W libbinder.Binder: Large reply transaction of 1056768 bytes, interface descriptor , function: UNKNOWN_FUNCTION_NAME, code: 1, flags: 17
07-10 13:40:55.614  1228  1411 D IpClient/wlan0: interfaceLinkStateChanged: ifindex 16 up
07-10 13:40:55.619   530   530 W skia    : AGTM parsing failed flags.readFromStream(s) at 159
07-10 13:40:55.630   530   579 W skia    : AGTM parsing failed flags.readFromStream(s) at 159
07-10 13:40:55.636   530   530 W skia    : AGTM parsing failed flags.readFromStream(s) at 159
07-10 13:40:55.653   530   530 W skia    : AGTM parsing failed flags.readFromStream(s) at 159
07-10 13:40:55.671   530   530 W skia    : AGTM parsing failed flags.readFromStream(s) at 159
07-10 13:40:55.687   530   530 W skia    : AGTM parsing failed flags.readFromStream(s) at 159
07-10 13:40:55.703   530   530 W skia    : AGTM parsing failed flags.readFromStream(s) at 159
07-10 13:40:55.720   530   530 W skia    : AGTM parsing failed flags.readFromStream(s) at 159
07-10 13:40:55.732   530   579 W skia    : AGTM parsing failed flags.readFromStream(s) at 159
07-10 13:40:55.737   530   530 W skia    : AGTM parsing failed flags.readFromStream(s) at 159
07-10 13:40:55.753   530   530 W skia    : AGTM parsing failed flags.readFromStream(s) at 159
07-10 13:40:55.771   530   530 W skia    : AGTM parsing failed flags.readFromStream(s) at 159
07-10 13:40:55.786   530   530 W skia    : AGTM parsing failed flags.readFromStream(s) at 159
07-10 13:40:55.804   530   530 W skia    : AGTM parsing failed flags.readFromStream(s) at 159
07-10 13:40:55.821   530   530 W skia    : AGTM parsing failed flags.readFromStream(s) at 159
07-10 13:40:55.833   530   579 W skia    : AGTM parsing failed flags.readFromStream(s) at 159
07-10 13:40:55.837   530   530 W skia    : AGTM parsing failed flags.readFromStream(s) at 159
07-10 13:40:55.854   530   530 W skia    : AGTM parsing failed flags.readFromStream(s) at 159
07-10 13:40:55.870   530   530 W skia    : AGTM parsing failed flags.readFromStream(s) at 159
07-10 13:40:55.886   530   530 W skia    : AGTM parsing failed flags.readFromStream(s) at 159
07-10 13:40:55.904   530   530 W skia    : AGTM parsing failed flags.readFromStream(s) at 159
07-10 13:40:55.920   530   530 W skia    : AGTM parsing failed flags.readFromStream(s) at 159
07-10 13:40:55.939   530   530 W skia    : AGTM parsing failed flags.readFromStream(s) at 159
07-10 13:40:55.944   530   579 W skia    : AGTM parsing failed flags.readFromStream(s) at 159
07-10 13:40:55.953   530   530 W skia    : AGTM parsing failed flags.readFromStream(s) at 159
07-10 13:40:55.971   530   530 W skia    : AGTM parsing failed flags.readFromStream(s) at 159
07-10 13:40:55.987   530   530 W skia    : AGTM parsing failed flags.readFromStream(s) at 159
07-10 13:40:56.004   530   530 W skia    : AGTM parsing failed flags.readFromStream(s) at 159
07-10 13:40:56.021   530   530 W skia    : AGTM parsing failed flags.readFromStream(s) at 159
07-10 13:40:56.037   530   530 W skia    : AGTM parsing failed flags.readFromStream(s) at 159
07-10 13:40:56.044   530   579 W skia    : AGTM parsing failed flags.readFromStream(s) at 159
07-10 13:40:56.054   530   530 W skia    : AGTM parsing failed flags.readFromStream(s) at 159
07-10 13:40:56.071   530   530 W skia    : AGTM parsing failed flags.readFromStream(s) at 159
07-10 13:40:56.087   530   530 W skia    : AGTM parsing failed flags.readFromStream(s) at 159
07-10 13:40:56.103   530   530 W skia    : AGTM parsing failed flags.readFromStream(s) at 159
07-10 13:40:56.120   530   530 W skia    : AGTM parsing failed flags.readFromStream(s) at 159
07-10 13:40:56.137   530   530 W skia    : AGTM parsing failed flags.readFromStream(s) at 159
07-10 13:40:56.146   530   579 W skia    : AGTM parsing failed flags.readFromStream(s) at 159
07-10 13:40:56.153   530   530 W skia    : AGTM parsing failed flags.readFromStream(s) at 159
07-10 13:40:56.170   530   530 W skia    : AGTM parsing failed flags.readFromStream(s) at 159
07-10 13:40:56.187   530   530 W skia    : AGTM parsing failed flags.readFromStream(s) at 159
07-10 13:40:56.204   530   530 W skia    : AGTM parsing failed flags.readFromStream(s) at 159
07-10 13:40:56.220   530   530 W skia    : AGTM parsing failed flags.readFromStream(s) at 159
07-10 13:40:56.237   530   530 W skia    : AGTM parsing failed flags.readFromStream(s) at 159
07-10 13:40:56.247   530   579 W skia    : AGTM parsing failed flags.readFromStream(s) at 159
07-10 13:40:56.254   530   530 W skia    : AGTM parsing failed flags.readFromStream(s) at 159
07-10 13:40:56.271   530   530 W skia    : AGTM parsing failed flags.readFromStream(s) at 159
07-10 13:40:56.287   530   530 W skia    : AGTM parsing failed flags.readFromStream(s) at 159
07-10 13:40:56.304   530   530 W skia    : AGTM parsing failed flags.readFromStream(s) at 159
07-10 13:40:56.320   530   530 W skia    : AGTM parsing failed flags.readFromStream(s) at 159
07-10 13:40:56.338   530   530 W skia    : AGTM parsing failed flags.readFromStream(s) at 159
07-10 13:40:56.348   530   579 W skia    : AGTM parsing failed flags.readFromStream(s) at 159
07-10 13:40:56.353   530   530 W skia    : AGTM parsing failed flags.readFromStream(s) at 159
07-10 13:40:56.370   530   530 W skia    : AGTM parsing failed flags.readFromStream(s) at 159
07-10 13:40:56.387   530   530 W skia    : AGTM parsing failed flags.readFromStream(s) at 159
07-10 13:40:56.403   530   530 W skia    : AGTM parsing failed flags.readFromStream(s) at 159
07-10 13:40:56.420   530   530 W skia    : AGTM parsing failed flags.readFromStream(s) at 159
07-10 13:40:56.436   530   530 W skia    : AGTM parsing failed flags.readFromStream(s) at 159
07-10 13:40:56.449   530   579 W skia    : AGTM parsing failed flags.readFromStream(s) at 159
07-10 13:40:56.454   530   530 W skia    : AGTM parsing failed flags.readFromStream(s) at 159
07-10 13:40:56.470   530   530 W skia    : AGTM parsing failed flags.readFromStream(s) at 159
07-10 13:40:56.487   530   530 W skia    : AGTM parsing failed flags.readFromStream(s) at 159
07-10 13:40:56.504   530   530 W skia    : AGTM parsing failed flags.readFromStream(s) at 159
07-10 13:40:56.519   530   530 W skia    : AGTM parsing failed flags.readFromStream(s) at 159
07-10 13:40:56.538   530   530 W skia    : AGTM parsing failed flags.readFromStream(s) at 159
07-10 13:40:56.554   530   530 W skia    : AGTM parsing failed flags.readFromStream(s) at 159
07-10 13:40:56.559   530   579 W skia    : AGTM parsing failed flags.readFromStream(s) at 159
07-10 13:40:56.571   530   530 W skia    : AGTM parsing failed flags.readFromStream(s) at 159
07-10 13:40:56.587   530   530 W skia    : AGTM parsing failed flags.readFromStream(s) at 159
07-10 13:40:56.603   530   530 W skia    : AGTM parsing failed flags.readFromStream(s) at 159
07-10 13:40:56.620   530   530 W skia    : AGTM parsing failed flags.readFromStream(s) at 159
07-10 13:40:56.637   530   530 W skia    : AGTM parsing failed flags.readFromStream(s) at 159
07-10 13:40:56.654   530   530 W skia    : AGTM parsing failed flags.readFromStream(s) at 159
07-10 13:40:56.659   530   579 W skia    : AGTM parsing failed flags.readFromStream(s) at 159
07-10 13:40:56.670   530   530 W skia    : AGTM parsing failed flags.readFromStream(s) at 159
07-10 13:40:56.687   530   530 W skia    : AGTM parsing failed flags.readFromStream(s) at 159
07-10 13:40:56.704   530   530 W skia    : AGTM parsing failed flags.readFromStream(s) at 159
07-10 13:40:56.720   530   530 W skia    : AGTM parsing failed flags.readFromStream(s) at 159
07-10 13:40:56.737   530   530 W skia    : AGTM parsing failed flags.readFromStream(s) at 159
07-10 13:40:56.754   530   530 W skia    : AGTM parsing failed flags.readFromStream(s) at 159
07-10 13:40:56.760   530   579 W skia    : AGTM parsing failed flags.readFromStream(s) at 159
07-10 13:40:56.771   530   530 W skia    : AGTM parsing failed flags.readFromStream(s) at 159
07-10 13:40:56.787   530   530 W skia    : AGTM parsing failed flags.readFromStream(s) at 159
07-10 13:40:56.804   530   530 W skia    : AGTM parsing failed flags.readFromStream(s) at 159
07-10 13:40:56.820   530   530 W skia    : AGTM parsing failed flags.readFromStream(s) at 159
07-10 13:40:56.837   530   530 W skia    : AGTM parsing failed flags.readFromStream(s) at 159
07-10 13:40:56.854   530   530 W skia    : AGTM parsing failed flags.readFromStream(s) at 159
07-10 13:40:56.861   530   579 W skia    : AGTM parsing failed flags.readFromStream(s) at 159
07-10 13:40:56.871   530   530 W skia    : AGTM parsing failed flags.readFromStream(s) at 159
07-10 13:40:56.886   530   530 W skia    : AGTM parsing failed flags.readFromStream(s) at 159
07-10 13:40:56.904   530   530 W skia    : AGTM parsing failed flags.readFromStream(s) at 159
07-10 13:40:56.920   530   530 W skia    : AGTM parsing failed flags.readFromStream(s) at 159
07-10 13:40:56.938   530   530 W skia    : AGTM parsing failed flags.readFromStream(s) at 159
07-10 13:40:56.954   530   530 W skia    : AGTM parsing failed flags.readFromStream(s) at 159
07-10 13:40:56.962   530   579 W skia    : AGTM parsing failed flags.readFromStream(s) at 159
07-10 13:40:56.971   530   530 W skia    : AGTM parsing failed flags.readFromStream(s) at 159
07-10 13:40:56.987   530   530 W skia    : AGTM parsing failed flags.readFromStream(s) at 159
07-10 13:40:57.004   530   530 W skia    : AGTM parsing failed flags.readFromStream(s) at 159
07-10 13:40:57.021   530   530 W skia    : AGTM parsing failed flags.readFromStream(s) at 159
07-10 13:40:57.036   530   530 W skia    : AGTM parsing failed flags.readFromStream(s) at 159
07-10 13:40:57.054   530   530 W skia    : AGTM parsing failed flags.readFromStream(s) at 159
07-10 13:40:57.063   530   579 W skia    : AGTM parsing failed flags.readFromStream(s) at 159
07-10 13:40:57.071   530   530 W skia    : AGTM parsing failed flags.readFromStream(s) at 159
07-10 13:40:57.087   530   530 W skia    : AGTM parsing failed flags.readFromStream(s) at 159
07-10 13:40:57.103   530   530 W skia    : AGTM parsing failed flags.readFromStream(s) at 159
07-10 13:40:57.120   530   530 W skia    : AGTM parsing failed flags.readFromStream(s) at 159
07-10 13:40:57.137   530   530 W skia    : AGTM parsing failed flags.readFromStream(s) at 159
07-10 13:40:57.154   530   530 W skia    : AGTM parsing failed flags.readFromStream(s) at 159
07-10 13:40:57.164   530   579 W skia    : AGTM parsing failed flags.readFromStream(s) at 159
07-10 13:40:57.170   530   530 W skia    : AGTM parsing failed flags.readFromStream(s) at 159
07-10 13:40:57.187   530   530 W skia    : AGTM parsing failed flags.readFromStream(s) at 159
07-10 13:40:57.204   530   530 W skia    : AGTM parsing failed flags.readFromStream(s) at 159
07-10 13:40:57.219   530   530 W skia    : AGTM parsing failed flags.readFromStream(s) at 159
07-10 13:40:57.237   530   530 W skia    : AGTM parsing failed flags.readFromStream(s) at 159
07-10 13:40:57.254   530   530 W skia    : AGTM parsing failed flags.readFromStream(s) at 159
07-10 13:40:57.264   530   579 W skia    : AGTM parsing failed flags.readFromStream(s) at 159
07-10 13:40:57.271   530   530 W skia    : AGTM parsing failed flags.readFromStream(s) at 159
07-10 13:40:57.288   530   530 W skia    : AGTM parsing failed flags.readFromStream(s) at 159
07-10 13:40:57.304   530   530 W skia    : AGTM parsing failed flags.readFromStream(s) at 159
07-10 13:40:57.320   530   530 W skia    : AGTM parsing failed flags.readFromStream(s) at 159
07-10 13:40:57.337   530   530 W skia    : AGTM parsing failed flags.readFromStream(s) at 159
07-10 13:40:57.354   530   530 W skia    : AGTM parsing failed flags.readFromStream(s) at 159
07-10 13:40:57.365   530   579 W skia    : AGTM parsing failed flags.readFromStream(s) at 159
07-10 13:40:57.371   530   530 W skia    : AGTM parsing failed flags.readFromStream(s) at 159
07-10 13:40:57.386   530   530 W skia    : AGTM parsing failed flags.readFromStream(s) at 159
07-10 13:40:57.403   530   530 W skia    : AGTM parsing failed flags.readFromStream(s) at 159
07-10 13:40:57.420   530   530 W skia    : AGTM parsing failed flags.readFromStream(s) at 159
07-10 13:40:57.437   530   530 W skia    : AGTM parsing failed flags.readFromStream(s) at 159
07-10 13:40:57.454   530   530 W skia    : AGTM parsing failed flags.readFromStream(s) at 159
07-10 13:40:57.471   530   530 W skia    : AGTM parsing failed flags.readFromStream(s) at 159
07-10 13:40:57.478   530   579 W skia    : AGTM parsing failed flags.readFromStream(s) at 159
07-10 13:40:57.487   530   530 W skia    : AGTM parsing failed flags.readFromStream(s) at 159
07-10 13:40:57.503   530   530 W skia    : AGTM parsing failed flags.readFromStream(s) at 159
07-10 13:40:57.520   530   530 W skia    : AGTM parsing failed flags.readFromStream(s) at 159
07-10 13:40:57.536   530   530 W skia    : AGTM parsing failed flags.readFromStream(s) at 159
07-10 13:40:57.554   530   530 W skia    : AGTM parsing failed flags.readFromStream(s) at 159
07-10 13:40:57.571   530   530 W skia    : AGTM parsing failed flags.readFromStream(s) at 159
07-10 13:40:57.578   530   579 W skia    : AGTM parsing failed flags.readFromStream(s) at 159
07-10 13:40:57.587   530   530 W skia    : AGTM parsing failed flags.readFromStream(s) at 159
07-10 13:40:57.603   530   530 W skia    : AGTM parsing failed flags.readFromStream(s) at 159
07-10 13:40:57.620   530   530 W skia    : AGTM parsing failed flags.readFromStream(s) at 159
07-10 13:40:57.636   530   530 W skia    : AGTM parsing failed flags.readFromStream(s) at 159
07-10 13:40:57.654   530   530 W skia    : AGTM parsing failed flags.readFromStream(s) at 159
07-10 13:40:57.670   530   530 W skia    : AGTM parsing failed flags.readFromStream(s) at 159
07-10 13:40:57.681   530   579 W skia    : AGTM parsing failed flags.readFromStream(s) at 159
07-10 13:40:57.687   530   530 W skia    : AGTM parsing failed flags.readFromStream(s) at 159
07-10 13:40:57.704   530   530 W skia    : AGTM parsing failed flags.readFromStream(s) at 159
07-10 13:40:57.720   530   530 W skia    : AGTM parsing failed flags.readFromStream(s) at 159
07-10 13:40:57.737   530   530 W skia    : AGTM parsing failed flags.readFromStream(s) at 159
07-10 13:40:57.754   530   530 W skia    : AGTM parsing failed flags.readFromStream(s) at 159
07-10 13:40:57.771   530   530 W skia    : AGTM parsing failed flags.readFromStream(s) at 159
07-10 13:40:57.782   530   579 W skia    : AGTM parsing failed flags.readFromStream(s) at 159
07-10 13:40:57.787   530   530 W skia    : AGTM parsing failed flags.readFromStream(s) at 159
07-10 13:40:57.804   530   530 W skia    : AGTM parsing failed flags.readFromStream(s) at 159
07-10 13:40:57.821   530   530 W skia    : AGTM parsing failed flags.readFromStream(s) at 159
07-10 13:40:57.837   530   530 W skia    : AGTM parsing failed flags.readFromStream(s) at 159
07-10 13:40:57.854   530   530 W skia    : AGTM parsing failed flags.readFromStream(s) at 159
07-10 13:40:57.871   530   530 W skia    : AGTM parsing failed flags.readFromStream(s) at 159
07-10 13:40:57.882   530   579 W skia    : AGTM parsing failed flags.readFromStream(s) at 159
07-10 13:40:57.887   530   530 W skia    : AGTM parsing failed flags.readFromStream(s) at 159
07-10 13:40:57.904   530   530 W skia    : AGTM parsing failed flags.readFromStream(s) at 159
07-10 13:40:57.920   530   530 W skia    : AGTM parsing failed flags.readFromStream(s) at 159
07-10 13:40:57.936   530   530 W skia    : AGTM parsing failed flags.readFromStream(s) at 159
07-10 13:40:57.953   530   530 W skia    : AGTM parsing failed flags.readFromStream(s) at 159
07-10 13:40:57.971   530   530 W skia    : AGTM parsing failed flags.readFromStream(s) at 159
07-10 13:40:57.987   530   530 W skia    : AGTM parsing failed flags.readFromStream(s) at 159
07-10 13:40:57.991   530   579 W skia    : AGTM parsing failed flags.readFromStream(s) at 159
07-10 13:40:58.004   530   530 W skia    : AGTM parsing failed flags.readFromStream(s) at 159
07-10 13:40:58.020   530   530 W skia    : AGTM parsing failed flags.readFromStream(s) at 159
07-10 13:40:58.036   530   530 W skia    : AGTM parsing failed flags.readFromStream(s) at 159
07-10 13:40:58.054   530   530 W skia    : AGTM parsing failed flags.readFromStream(s) at 159
07-10 13:40:58.071   530   530 W skia    : AGTM parsing failed flags.readFromStream(s) at 159
07-10 13:40:58.087   530   530 W skia    : AGTM parsing failed flags.readFromStream(s) at 159
07-10 13:40:58.091   530   579 W skia    : AGTM parsing failed flags.readFromStream(s) at 159
07-10 13:40:58.104   530   530 W skia    : AGTM parsing failed flags.readFromStream(s) at 159
07-10 13:40:58.120   530   530 W skia    : AGTM parsing failed flags.readFromStream(s) at 159
07-10 13:40:58.136   530   530 W skia    : AGTM parsing failed flags.readFromStream(s) at 159
07-10 13:40:58.153   530   530 W skia    : AGTM parsing failed flags.readFromStream(s) at 159
07-10 13:40:58.170   530   530 W skia    : AGTM parsing failed flags.readFromStream(s) at 159
07-10 13:40:58.188   530   530 W skia    : AGTM parsing failed flags.readFromStream(s) at 159
07-10 13:40:58.193   530   579 W skia    : AGTM parsing failed flags.readFromStream(s) at 159
07-10 13:40:58.203   530   530 W skia    : AGTM parsing failed flags.readFromStream(s) at 159
07-10 13:40:58.221   530   530 W skia    : AGTM parsing failed flags.readFromStream(s) at 159
07-10 13:40:58.237   530   530 W skia    : AGTM parsing failed flags.readFromStream(s) at 159
07-10 13:40:58.253   530   530 W skia    : AGTM parsing failed flags.readFromStream(s) at 159
07-10 13:40:58.270   530   530 W skia    : AGTM parsing failed flags.readFromStream(s) at 159
07-10 13:40:58.287   530   530 W skia    : AGTM parsing failed flags.readFromStream(s) at 159
07-10 13:40:58.294   530   579 W skia    : AGTM parsing failed flags.readFromStream(s) at 159
07-10 13:40:58.303   530   530 W skia    : AGTM parsing failed flags.readFromStream(s) at 159
07-10 13:40:58.321   530   530 W skia    : AGTM parsing failed flags.readFromStream(s) at 159
07-10 13:40:58.337   530   530 W skia    : AGTM parsing failed flags.readFromStream(s) at 159
07-10 13:40:58.353   530   530 W skia    : AGTM parsing failed flags.readFromStream(s) at 159
07-10 13:40:58.359  1228  8357 D NetworkMonitor/100: PROBE_FALLBACK http://www.google.com/gen_204 Probe failed with exception java.net.ConnectException: Failed to connect to www.google.com/[2001::1]:80
07-10 13:40:58.360  1228  8357 D NetworkMonitor/100: isCaptivePortal: isSuccessful()=false isPortal()=false RedirectUrl=null isPartialConnectivity()=true Time=13254ms
07-10 13:40:58.360   669  1040 D ConnectivityService: [100 WIFI] validation failed
07-10 13:40:58.361   669  1034 I WifiClientModeImpl: WifiConnectivityDiagnosticsCallback onConnectivityReportAvailable
07-10 13:40:58.371   530   530 W skia    : AGTM parsing failed flags.readFromStream(s) at 159
07-10 13:40:58.387   530   530 W skia    : AGTM parsing failed flags.readFromStream(s) at 159
07-10 13:40:58.396   530   579 W skia    : AGTM parsing failed flags.readFromStream(s) at 159
07-10 13:40:58.403   530   530 W skia    : AGTM parsing failed flags.readFromStream(s) at 159
07-10 13:40:58.420   530   530 W skia    : AGTM parsing failed flags.readFromStream(s) at 159
07-10 13:40:58.454   530   530 W skia    : AGTM parsing failed flags.readFromStream(s) at 159
07-10 13:40:58.471   530   530 W skia    : AGTM parsing failed flags.readFromStream(s) at 159
07-10 13:40:58.487   530   530 W skia    : AGTM parsing failed flags.readFromStream(s) at 159
07-10 13:40:58.497   530   579 W skia    : AGTM parsing failed flags.readFromStream(s) at 159
07-10 13:40:58.504   530   530 W skia    : AGTM parsing failed flags.readFromStream(s) at 159
07-10 13:40:58.521   530   530 W skia    : AGTM parsing failed flags.readFromStream(s) at 159
07-10 13:40:58.537   530   530 W skia    : AGTM parsing failed flags.readFromStream(s) at 159
07-10 13:40:58.554   530   530 W skia    : AGTM parsing failed flags.readFromStream(s) at 159
07-10 13:40:58.570   530   530 W skia    : AGTM parsing failed flags.readFromStream(s) at 159
07-10 13:40:58.587   530   530 W skia    : AGTM parsing failed flags.readFromStream(s) at 159
07-10 13:40:58.595   669  1034 E WifiDataStall: Ignore this poll. newStats: null txLinkSpeedMbps: 5 rxLinkSpeedMbps: 2 rssi: -50 connectionCapabilities: com.android.server.wifi.WifiNative$ConnectionCapabilities@8d12315
07-10 13:40:58.595   669  1063 I AdbWifiNetworkMonitor: Wi-Fi network available
07-10 13:40:58.596   669  1063 I AdbWifiNetworkMonitor: Received the same Wi-Fi SSID. Ignoring.
07-10 13:40:58.598   530   579 W skia    : AGTM parsing failed flags.readFromStream(s) at 159
07-10 13:40:58.600   669  1040 W libbinder.IPCThreadState: Sending oneway calls to frozen process.
07-10 13:40:58.600   669  1040 W libbinder.IPCThreadState: Sending oneway calls to frozen process.
07-10 13:40:58.604   530   530 W skia    : AGTM parsing failed flags.readFromStream(s) at 159
07-10 13:40:58.606  1520  1947 I NullBinder: NullBinder for android.net.action.RECOMMEND_NETWORKS triggering remote TransactionTooLargeException due to Service without Chimera impl, calling uid: 1000, calling pid: 0
07-10 13:40:58.606  1520  1947 W libbinder.Binder: Large reply transaction of 1056768 bytes, interface descriptor , function: UNKNOWN_FUNCTION_NAME, code: 1, flags: 17
07-10 13:40:58.621   530   530 W skia    : AGTM parsing failed flags.readFromStream(s) at 159
07-10 13:40:58.637   530   530 W skia    : AGTM parsing failed flags.readFromStream(s) at 159
07-10 13:40:58.654   530   530 W skia    : AGTM parsing failed flags.readFromStream(s) at 159
07-10 13:40:58.670   530   530 W skia    : AGTM parsing failed flags.readFromStream(s) at 159
07-10 13:40:58.686   530   530 W skia    : AGTM parsing failed flags.readFromStream(s) at 159
07-10 13:40:58.699   530   579 W skia    : AGTM parsing failed flags.readFromStream(s) at 159
07-10 13:40:58.704   530   530 W skia    : AGTM parsing failed flags.readFromStream(s) at 159
07-10 13:40:58.720   530   530 W skia    : AGTM parsing failed flags.readFromStream(s) at 159
07-10 13:40:58.736   530   530 W skia    : AGTM parsing failed flags.readFromStream(s) at 159
07-10 13:40:58.754   530   530 W skia    : AGTM parsing failed flags.readFromStream(s) at 159
07-10 13:40:58.770   530   530 W skia    : AGTM parsing failed flags.readFromStream(s) at 159
07-10 13:40:58.783  1802  1802 I adbd    : adbd service requested 'shell,v2,raw:dumpsys package com.google.android.gms'
07-10 13:40:58.787   530   530 W skia    : AGTM parsing failed flags.readFromStream(s) at 159
07-10 13:40:58.803   530   530 W skia    : AGTM parsing failed flags.readFromStream(s) at 159
07-10 13:40:58.811   530   579 W skia    : AGTM parsing failed flags.readFromStream(s) at 159
07-10 13:40:58.820   530   530 W skia    : AGTM parsing failed flags.readFromStream(s) at 159
07-10 13:40:58.836   530   530 W skia    : AGTM parsing failed flags.readFromStream(s) at 159
07-10 13:40:58.853   530   530 W skia    : AGTM parsing failed flags.readFromStream(s) at 159
07-10 13:40:58.870   530   530 W skia    : AGTM parsing failed flags.readFromStream(s) at 159
07-10 13:40:58.887   530   530 W skia    : AGTM parsing failed flags.readFromStream(s) at 159
07-10 13:40:58.904   530   530 W skia    : AGTM parsing failed flags.readFromStream(s) at 159
07-10 13:40:58.913   530   579 W skia    : AGTM parsing failed flags.readFromStream(s) at 159
07-10 13:40:58.937   530   530 W skia    : AGTM parsing failed flags.readFromStream(s) at 159
07-10 13:40:58.954   530   530 W skia    : AGTM parsing failed flags.readFromStream(s) at 159
07-10 13:40:58.965   814   814 I artd    : GetBestInfo: odex in dalvik-cache (/data/dalvik-cache/x86_64/apex@com.google.android.gmssystem@priv-app@PrebuiltGmsCoreVic@CP31.260618.005@PrebuiltGmsCoreVic.apk@classes.dex) is kOatUpToDate with filter 'verify' executable 'false'
07-10 13:40:58.965   814   814 I artd    : GetBestInfo: odex in dalvik-cache (/data/dalvik-cache/x86_64/apex@com.google.android.gmssystem@priv-app@PrebuiltGmsCoreVic@CP31.260618.005@PrebuiltGmsCoreVic.apk@classes.dex) is kOatUpToDate with filter 'verify' executable 'false'
07-10 13:40:58.965   814   814 I artd    : GetBestInfo: /data/user_de/0/com.google.android.gms/app_chimera/m/00000001/CronetDynamite.apk has no usable artifacts
07-10 13:40:58.966   814   814 I artd    : GetBestInfo: /data/user_de/0/com.google.android.gms/app_chimera/m/00000002/DynamiteLoader.apk has no usable artifacts
07-10 13:40:58.966   814   814 I artd    : GetBestInfo: /data/user_de/0/com.google.android.gms/app_chimera/m/00000005/GoogleCertificates.apk has no usable artifacts
07-10 13:40:58.967   814   814 I artd    : GetBestInfo: /data/user_de/0/com.google.android.gms/app_chimera/m/00000007/MeasurementDynamite.apk has no usable artifacts
07-10 13:40:58.970   530   530 W skia    : AGTM parsing failed flags.readFromStream(s) at 159
07-10 13:40:58.987   530   530 W skia    : AGTM parsing failed flags.readFromStream(s) at 159
07-10 13:40:59.004   530   530 W skia    : AGTM parsing failed flags.readFromStream(s) at 159
07-10 13:40:59.013   530   579 W skia    : AGTM parsing failed flags.readFromStream(s) at 159
07-10 13:40:59.020   530   530 W skia    : AGTM parsing failed flags.readFromStream(s) at 159
07-10 13:40:59.036   530   530 W skia    : AGTM parsing failed flags.readFromStream(s) at 159
07-10 13:40:59.053   530   530 W skia    : AGTM parsing failed flags.readFromStream(s) at 159
07-10 13:40:59.070   530   530 W skia    : AGTM parsing failed flags.readFromStream(s) at 159
07-10 13:40:59.087   530   530 W skia    : AGTM parsing failed flags.readFromStream(s) at 159
07-10 13:40:59.103   530   530 W skia    : AGTM parsing failed flags.readFromStream(s) at 159
07-10 13:40:59.114   530   579 W skia    : AGTM parsing failed flags.readFromStream(s) at 159
07-10 13:40:59.121   530   530 W skia    : AGTM parsing failed flags.readFromStream(s) at 159
07-10 13:40:59.138   530   530 W skia    : AGTM parsing failed flags.readFromStream(s) at 159
07-10 13:40:59.153   530   530 W skia    : AGTM parsing failed flags.readFromStream(s) at 159
07-10 13:40:59.171   530   530 W skia    : AGTM parsing failed flags.readFromStream(s) at 159
07-10 13:40:59.186   530   530 W skia    : AGTM parsing failed flags.readFromStream(s) at 159
07-10 13:40:59.204   530   530 W skia    : AGTM parsing failed flags.readFromStream(s) at 159
07-10 13:40:59.215   530   579 W skia    : AGTM parsing failed flags.readFromStream(s) at 159
07-10 13:40:59.221   530   530 W skia    : AGTM parsing failed flags.readFromStream(s) at 159
07-10 13:40:59.237   530   530 W skia    : AGTM parsing failed flags.readFromStream(s) at 159
07-10 13:40:59.253   530   530 W skia    : AGTM parsing failed flags.readFromStream(s) at 159
07-10 13:40:59.271   530   530 W skia    : AGTM parsing failed flags.readFromStream(s) at 159
07-10 13:40:59.287   530   530 W skia    : AGTM parsing failed flags.readFromStream(s) at 159
07-10 13:40:59.304   530   530 W skia    : AGTM parsing failed flags.readFromStream(s) at 159
07-10 13:40:59.320   530   530 W skia    : AGTM parsing failed flags.readFromStream(s) at 159
07-10 13:40:59.325   530   579 W skia    : AGTM parsing failed flags.readFromStream(s) at 159
07-10 13:40:59.337   530   530 W skia    : AGTM parsing failed flags.readFromStream(s) at 159
07-10 13:40:59.355   530   530 W skia    : AGTM parsing failed flags.readFromStream(s) at 159
07-10 13:40:59.370   530   530 W skia    : AGTM parsing failed flags.readFromStream(s) at 159
07-10 13:40:59.387   530   530 W skia    : AGTM parsing failed flags.readFromStream(s) at 159
07-10 13:40:59.404   530   530 W skia    : AGTM parsing failed flags.readFromStream(s) at 159
07-10 13:40:59.421   530   530 W skia    : AGTM parsing failed flags.readFromStream(s) at 159
07-10 13:40:59.425   530   579 W skia    : AGTM parsing failed flags.readFromStream(s) at 159
07-10 13:40:59.437   530   530 W skia    : AGTM parsing failed flags.readFromStream(s) at 159
07-10 13:40:59.454   530   530 W skia    : AGTM parsing failed flags.readFromStream(s) at 159
07-10 13:40:59.470   530   530 W skia    : AGTM parsing failed flags.readFromStream(s) at 159
07-10 13:40:59.487   530   530 W skia    : AGTM parsing failed flags.readFromStream(s) at 159
07-10 13:40:59.504   530   530 W skia    : AGTM parsing failed flags.readFromStream(s) at 159
07-10 13:40:59.521   530   530 W skia    : AGTM parsing failed flags.readFromStream(s) at 159
07-10 13:40:59.526   530   579 W skia    : AGTM parsing failed flags.readFromStream(s) at 159
07-10 13:40:59.538   530   530 W skia    : AGTM parsing failed flags.readFromStream(s) at 159
07-10 13:40:59.554   530   530 W skia    : AGTM parsing failed flags.readFromStream(s) at 159
07-10 13:40:59.571   530   530 W skia    : AGTM parsing failed flags.readFromStream(s) at 159
07-10 13:40:59.586   530   530 W skia    : AGTM parsing failed flags.readFromStream(s) at 159
07-10 13:40:59.604   530   530 W skia    : AGTM parsing failed flags.readFromStream(s) at 159
07-10 13:40:59.620   530   530 W skia    : AGTM parsing failed flags.readFromStream(s) at 159
07-10 13:40:59.632   530   579 W skia    : AGTM parsing failed flags.readFromStream(s) at 159
07-10 13:40:59.636   530   530 W skia    : AGTM parsing failed flags.readFromStream(s) at 159
07-10 13:40:59.654   530   530 W skia    : AGTM parsing failed flags.readFromStream(s) at 159
07-10 13:40:59.670   530   530 W skia    : AGTM parsing failed flags.readFromStream(s) at 159
07-10 13:40:59.686   530   530 W skia    : AGTM parsing failed flags.readFromStream(s) at 159
07-10 13:40:59.704   530   530 W skia    : AGTM parsing failed flags.readFromStream(s) at 159
07-10 13:40:59.721   530   530 W skia    : AGTM parsing failed flags.readFromStream(s) at 159
07-10 13:40:59.737   530   530 W skia    : AGTM parsing failed flags.readFromStream(s) at 159
07-10 13:40:59.742   530   579 W skia    : AGTM parsing failed flags.readFromStream(s) at 159
07-10 13:40:59.754   530   530 W skia    : AGTM parsing failed flags.readFromStream(s) at 159
07-10 13:40:59.770   530   530 W skia    : AGTM parsing failed flags.readFromStream(s) at 159
07-10 13:40:59.786   530   530 W skia    : AGTM parsing failed flags.readFromStream(s) at 159
07-10 13:40:59.803   530   530 W skia    : AGTM parsing failed flags.readFromStream(s) at 159
07-10 13:40:59.820   530   530 W skia    : AGTM parsing failed flags.readFromStream(s) at 159
07-10 13:40:59.836   530   530 W skia    : AGTM parsing failed flags.readFromStream(s) at 159
07-10 13:40:59.843   530   579 W skia    : AGTM parsing failed flags.readFromStream(s) at 159
07-10 13:40:59.854   530   530 W skia    : AGTM parsing failed flags.readFromStream(s) at 159
07-10 13:40:59.871   530   530 W skia    : AGTM parsing failed flags.readFromStream(s) at 159
07-10 13:40:59.886   530   530 W skia    : AGTM parsing failed flags.readFromStream(s) at 159
07-10 13:40:59.903   530   530 W skia    : AGTM parsing failed flags.readFromStream(s) at 159
07-10 13:40:59.921   530   530 W skia    : AGTM parsing failed flags.readFromStream(s) at 159
07-10 13:40:59.937   530   530 W skia    : AGTM parsing failed flags.readFromStream(s) at 159
07-10 13:40:59.943   530   579 W skia    : AGTM parsing failed flags.readFromStream(s) at 159
07-10 13:40:59.953   530   530 W skia    : AGTM parsing failed flags.readFromStream(s) at 159
07-10 13:40:59.971   530   530 W skia    : AGTM parsing failed flags.readFromStream(s) at 159
07-10 13:40:59.987   530   530 W skia    : AGTM parsing failed flags.readFromStream(s) at 159
07-10 13:41:00.004   530   530 W skia    : AGTM parsing failed flags.readFromStream(s) at 159
07-10 13:41:00.020   530   530 W skia    : AGTM parsing failed flags.readFromStream(s) at 159
07-10 13:41:00.037   530   530 W skia    : AGTM parsing failed flags.readFromStream(s) at 159
07-10 13:41:00.037   530   530 W skia    : AGTM parsing failed flags.readFromStream(s) at 159
07-10 13:41:00.045   530   579 W skia    : AGTM parsing failed flags.readFromStream(s) at 159
07-10 13:41:00.053   530   530 W skia    : AGTM parsing failed flags.readFromStream(s) at 159
07-10 13:41:00.071   530   530 W skia    : AGTM parsing failed flags.readFromStream(s) at 159
07-10 13:41:00.087   530   530 W skia    : AGTM parsing failed flags.readFromStream(s) at 159
07-10 13:41:00.103   530   530 W skia    : AGTM parsing failed flags.readFromStream(s) at 159
07-10 13:41:00.120   530   530 W skia    : AGTM parsing failed flags.readFromStream(s) at 159
07-10 13:41:00.137   530   530 W skia    : AGTM parsing failed flags.readFromStream(s) at 159
07-10 13:41:00.145   530   579 W skia    : AGTM parsing failed flags.readFromStream(s) at 159
07-10 13:41:00.154   530   530 W skia    : AGTM parsing failed flags.readFromStream(s) at 159
07-10 13:41:00.171   530   530 W skia    : AGTM parsing failed flags.readFromStream(s) at 159
07-10 13:41:00.187   530   530 W skia    : AGTM parsing failed flags.readFromStream(s) at 159
07-10 13:41:00.203   530   530 W skia    : AGTM parsing failed flags.readFromStream(s) at 159
07-10 13:41:00.220   530   530 W skia    : AGTM parsing failed flags.readFromStream(s) at 159
07-10 13:41:00.237   530   530 W skia    : AGTM parsing failed flags.readFromStream(s) at 159
07-10 13:41:00.246   530   579 W skia    : AGTM parsing failed flags.readFromStream(s) at 159
07-10 13:41:00.254   530   530 W skia    : AGTM parsing failed flags.readFromStream(s) at 159
07-10 13:41:00.269   530   530 W skia    : AGTM parsing failed flags.readFromStream(s) at 159
07-10 13:41:00.286   530   530 W skia    : AGTM parsing failed flags.readFromStream(s) at 159
07-10 13:41:00.304   530   530 W skia    : AGTM parsing failed flags.readFromStream(s) at 159
07-10 13:41:00.320   530   530 W skia    : AGTM parsing failed flags.readFromStream(s) at 159
07-10 13:41:00.336   530   530 W skia    : AGTM parsing failed flags.readFromStream(s) at 159
07-10 13:41:00.347   530   579 W skia    : AGTM parsing failed flags.readFromStream(s) at 159
07-10 13:41:00.354   530   530 W skia    : AGTM parsing failed flags.readFromStream(s) at 159
07-10 13:41:00.370   530   530 W skia    : AGTM parsing failed flags.readFromStream(s) at 159
07-10 13:41:00.386   530   530 W skia    : AGTM parsing failed flags.readFromStream(s) at 159
07-10 13:41:00.403   530   530 W skia    : AGTM parsing failed flags.readFromStream(s) at 159
07-10 13:41:00.421   530   530 W skia    : AGTM parsing failed flags.readFromStream(s) at 159
07-10 13:41:00.436   530   530 W skia    : AGTM parsing failed flags.readFromStream(s) at 159
07-10 13:41:00.447   530   579 W skia    : AGTM parsing failed flags.readFromStream(s) at 159
07-10 13:41:00.454   530   530 W skia    : AGTM parsing failed flags.readFromStream(s) at 159
07-10 13:41:00.471   530   530 W skia    : AGTM parsing failed flags.readFromStream(s) at 159
07-10 13:41:00.487   530   530 W skia    : AGTM parsing failed flags.readFromStream(s) at 159
07-10 13:41:00.503   530   530 W skia    : AGTM parsing failed flags.readFromStream(s) at 159
07-10 13:41:00.521   530   530 W skia    : AGTM parsing failed flags.readFromStream(s) at 159
07-10 13:41:00.538   530   530 W skia    : AGTM parsing failed flags.readFromStream(s) at 159
07-10 13:41:00.549   530   579 W skia    : AGTM parsing failed flags.readFromStream(s) at 159
07-10 13:41:00.554   530   530 W skia    : AGTM parsing failed flags.readFromStream(s) at 159
07-10 13:41:00.571   530   530 W skia    : AGTM parsing failed flags.readFromStream(s) at 159
07-10 13:41:00.588   530   530 W skia    : AGTM parsing failed flags.readFromStream(s) at 159
07-10 13:41:00.603   530   530 W skia    : AGTM parsing failed flags.readFromStream(s) at 159
07-10 13:41:00.620   530   530 W skia    : AGTM parsing failed flags.readFromStream(s) at 159
07-10 13:41:00.637   530   530 W skia    : AGTM parsing failed flags.readFromStream(s) at 159
07-10 13:41:00.654   530   530 W skia    : AGTM parsing failed flags.readFromStream(s) at 159
07-10 13:41:00.659   530   579 W skia    : AGTM parsing failed flags.readFromStream(s) at 159
07-10 13:41:00.671   530   530 W skia    : AGTM parsing failed flags.readFromStream(s) at 159
07-10 13:41:00.687   530   530 W skia    : AGTM parsing failed flags.readFromStream(s) at 159
07-10 13:41:00.704   530   530 W skia    : AGTM parsing failed flags.readFromStream(s) at 159
07-10 13:41:00.720   530   530 W skia    : AGTM parsing failed flags.readFromStream(s) at 159
07-10 13:41:00.736   530   530 W skia    : AGTM parsing failed flags.readFromStream(s) at 159
07-10 13:41:00.753   530   530 W skia    : AGTM parsing failed flags.readFromStream(s) at 159
07-10 13:41:00.759   530   579 W skia    : AGTM parsing failed flags.readFromStream(s) at 159
07-10 13:41:00.769   530   530 W skia    : AGTM parsing failed flags.readFromStream(s) at 159
07-10 13:41:00.786   530   530 W skia    : AGTM parsing failed flags.readFromStream(s) at 159
07-10 13:41:00.804   530   530 W skia    : AGTM parsing failed flags.readFromStream(s) at 159
07-10 13:41:00.820   530   530 W skia    : AGTM parsing failed flags.readFromStream(s) at 159
07-10 13:41:00.837   530   530 W skia    : AGTM parsing failed flags.readFromStream(s) at 159
07-10 13:41:00.854   530   530 W skia    : AGTM parsing failed flags.readFromStream(s) at 159
07-10 13:41:00.859   530   579 W skia    : AGTM parsing failed flags.readFromStream(s) at 159
07-10 13:41:00.871   530   530 W skia    : AGTM parsing failed flags.readFromStream(s) at 159
07-10 13:41:00.886   530   530 W skia    : AGTM parsing failed flags.readFromStream(s) at 159
07-10 13:41:00.903   530   530 W skia    : AGTM parsing failed flags.readFromStream(s) at 159
07-10 13:41:00.921   530   530 W skia    : AGTM parsing failed flags.readFromStream(s) at 159
07-10 13:41:00.936   530   530 W skia    : AGTM parsing failed flags.readFromStream(s) at 159
07-10 13:41:00.954   530   530 W skia    : AGTM parsing failed flags.readFromStream(s) at 159
07-10 13:41:00.961   530   579 W skia    : AGTM parsing failed flags.readFromStream(s) at 159
07-10 13:41:00.971   530   530 W skia    : AGTM parsing failed flags.readFromStream(s) at 159
07-10 13:41:00.987   530   530 W skia    : AGTM parsing failed flags.readFromStream(s) at 159
07-10 13:41:01.004   530   530 W skia    : AGTM parsing failed flags.readFromStream(s) at 159
07-10 13:41:01.021   530   530 W skia    : AGTM parsing failed flags.readFromStream(s) at 159
07-10 13:41:01.036   530   530 W skia    : AGTM parsing failed flags.readFromStream(s) at 159
07-10 13:41:01.054   530   530 W skia    : AGTM parsing failed flags.readFromStream(s) at 159
07-10 13:41:01.061   530   579 W skia    : AGTM parsing failed flags.readFromStream(s) at 159
07-10 13:41:01.070   530   530 W skia    : AGTM parsing failed flags.readFromStream(s) at 159
07-10 13:41:01.086   530   530 W skia    : AGTM parsing failed flags.readFromStream(s) at 159
07-10 13:41:01.104   530   530 W skia    : AGTM parsing failed flags.readFromStream(s) at 159
07-10 13:41:01.120   530   530 W skia    : AGTM parsing failed flags.readFromStream(s) at 159
07-10 13:41:01.136   530   530 W skia    : AGTM parsing failed flags.readFromStream(s) at 159
07-10 13:41:01.154   530   530 W skia    : AGTM parsing failed flags.readFromStream(s) at 159
07-10 13:41:01.162   530   579 W skia    : AGTM parsing failed flags.readFromStream(s) at 159
07-10 13:41:01.170   530   530 W skia    : AGTM parsing failed flags.readFromStream(s) at 159
07-10 13:41:01.187   530   530 W skia    : AGTM parsing failed flags.readFromStream(s) at 159
07-10 13:41:01.204   530   530 W skia    : AGTM parsing failed flags.readFromStream(s) at 159
07-10 13:41:01.221   530   530 W skia    : AGTM parsing failed flags.readFromStream(s) at 159
07-10 13:41:01.236   530   530 W skia    : AGTM parsing failed flags.readFromStream(s) at 159
07-10 13:41:01.254   530   530 W skia    : AGTM parsing failed flags.readFromStream(s) at 159
07-10 13:41:01.262   530   579 W skia    : AGTM parsing failed flags.readFromStream(s) at 159
07-10 13:41:01.271   530   530 W skia    : AGTM parsing failed flags.readFromStream(s) at 159
07-10 13:41:01.286   530   530 W skia    : AGTM parsing failed flags.readFromStream(s) at 159
07-10 13:41:01.304   530   530 W skia    : AGTM parsing failed flags.readFromStream(s) at 159
07-10 13:41:01.320   530   530 W skia    : AGTM parsing failed flags.readFromStream(s) at 159
07-10 13:41:01.336   530   530 W skia    : AGTM parsing failed flags.readFromStream(s) at 159
07-10 13:41:01.353   530   530 W skia    : AGTM parsing failed flags.readFromStream(s) at 159
07-10 13:41:01.363   530   579 W skia    : AGTM parsing failed flags.readFromStream(s) at 159
07-10 13:41:01.371   530   530 W skia    : AGTM parsing failed flags.readFromStream(s) at 159
07-10 13:41:01.376  1299  1471 E SatelliteController: isSatelliteEnabled: mIsSatelliteEnabled=null
07-10 13:41:01.376  1299  1471 D SatelliteController: isInCarrierRoamingNbIotNtn: satellite is disabled
07-10 13:41:01.376  1299  1471 D SatelliteController: getCarrierRoamingNtnConnectType: Checking connect type from PLMN config for subId: 1
07-10 13:41:01.376  1299  1471 D TelephonyConfigUpdateInstallReceiver: getConfigParser: domain=satellite
07-10 13:41:01.376  1299  1471 V SatelliteController: satelliteConfigParser is not ready
07-10 13:41:01.376  1299  1471 D SatelliteController: isSatelliteAttachSupportedViaConfigupdater: return null (satelliteConfig is null)
07-10 13:41:01.376  1299  1471 D SatelliteController: getConfigForSubId: subId= 1, config= PersistableBundle[{satellite_esos_supported_bool=false, satellite_connection_hysteresis_sec_int=180, satellite_supported_disaster_plmn_string_array=[], regional_satellite_earfcn_bundle=PersistableBundle[{}], satellite_entitlement_supported_bool=false, satellite_supported_emergency_plmn_string_array=[], satellite_configs_per_plmn_bundle=PersistableBundle[{}], satellite_sos_max_datagram_size_bytes_int=255, satellite_supported_msg_apps_string_array=[com.google.android.apps.messaging], satellite_connected_notification_throttle_millis_int=604800000, satellite_display_name_string=, satellite_roaming_p2p_sms_inactivity_timeout_sec_int=180, satellite_roaming_turn_off_session_for_emergency_call_bool=true, emergency_messaging_supported_bool=false, carrier_roaming_satellite_emergency_messaging_provider_per_country_bundle=PersistableBundle[{}], satellite_data_support_mode_int=0, carrier_roaming_ntn_connect_type_int=0, satellite_attach_supported_bool=false, carrier_roaming_satellite_emergency_messaging_redirection_destination_string=, satellite_nidd_apn_name_string=, carrier_supported_satellite_services_per_provider_bundle=PersistableBundle[{310830=[2, 3, 6]}], satellite_roaming_esos_inactivity_timeout_sec_int=300, carrier_supported_satellite_notification_hysteresis_sec_int=180, carrier_config_applied_bool=true, carrier_roaming_ntn_emergency_call_to_satellite_handover_type_int=2, carrier_roaming_satellite_default_services_int_array=[2, 3, 6], imsserviceentitlement.entitlement_server_url_string=, emergency_call_to_satellite_t911_handover_timeout_millis_int=30000, satellite_roaming_p2p_sms_supported_bool=false, carrier_config_version_string=, satellite_roaming_screen_off_inactivity_timeout_sec_int=30}]
07-10 13:41:01.376  1299  1471 D SatelliteController: isSatelliteSupportedViaCarrier: using CarrierConfig for subId=1, isAttachSupported=false
07-10 13:41:01.376  1299  1471 D SatelliteController: getSatellitePerPlmnConfiguration: invalid subId or not supported via carrier.
07-10 13:41:01.376  1299  1471 D SatelliteController: getCarrierRoamingNtnConnectType: config: null
07-10 13:41:01.376  1299  1471 D TelephonyConfigUpdateInstallReceiver: getConfigParser: domain=satellite
07-10 13:41:01.376  1299  1471 V SatelliteController: satelliteConfigParser is not ready
07-10 13:41:01.376  1299  1471 D SatelliteController: getCarrierRoamingNtnConnectTypeViaConfigUpdater: return null (satelliteConfig is null)
07-10 13:41:01.377  1299  1471 D SatelliteController: getConfigForSubId: subId= 1, config= PersistableBundle[{satellite_esos_supported_bool=false, satellite_connection_hysteresis_sec_int=180, satellite_supported_disaster_plmn_string_array=[], regional_satellite_earfcn_bundle=PersistableBundle[{}], satellite_entitlement_supported_bool=false, satellite_supported_emergency_plmn_string_array=[], satellite_configs_per_plmn_bundle=PersistableBundle[{}], satellite_sos_max_datagram_size_bytes_int=255, satellite_supported_msg_apps_string_array=[com.google.android.apps.messaging], satellite_connected_notification_throttle_millis_int=604800000, satellite_display_name_string=, satellite_roaming_p2p_sms_inactivity_timeout_sec_int=180, satellite_roaming_turn_off_session_for_emergency_call_bool=true, emergency_messaging_supported_bool=false, carrier_roaming_satellite_emergency_messaging_provider_per_country_bundle=PersistableBundle[{}], satellite_data_support_mode_int=0, carrier_roaming_ntn_connect_type_int=0, satellite_attach_supported_bool=false, carrier_roaming_satellite_emergency_messaging_redirection_destination_string=, satellite_nidd_apn_name_string=, carrier_supported_satellite_services_per_provider_bundle=PersistableBundle[{310830=[2, 3, 6]}], satellite_roaming_esos_inactivity_timeout_sec_int=300, carrier_supported_satellite_notification_hysteresis_sec_int=180, carrier_config_applied_bool=true, carrier_roaming_ntn_emergency_call_to_satellite_handover_type_int=2, carrier_roaming_satellite_default_services_int_array=[2, 3, 6], imsserviceentitlement.entitlement_server_url_string=, emergency_call_to_satellite_t911_handover_timeout_millis_int=30000, satellite_roaming_p2p_sms_supported_bool=false, carrier_config_version_string=, satellite_roaming_screen_off_inactivity_timeout_sec_int=30}]
07-10 13:41:01.377  1299  1471 D SatelliteController: getCarrierRoamingNtnConnectType: Falling back to global carrier config connect type: 0
07-10 13:41:01.377  1299  1471 D TelephonyConfigUpdateInstallReceiver: getConfigParser: domain=satellite
07-10 13:41:01.377  1299  1471 V SatelliteController: satelliteConfigParser is not ready
07-10 13:41:01.377  1299  1471 D SatelliteController: isSatelliteAttachSupportedViaConfigupdater: return null (satelliteConfig is null)
07-10 13:41:01.377  1299  1471 D SatelliteController: getConfigForSubId: subId= 1, config= PersistableBundle[{satellite_esos_supported_bool=false, satellite_connection_hysteresis_sec_int=180, satellite_supported_disaster_plmn_string_array=[], regional_satellite_earfcn_bundle=PersistableBundle[{}], satellite_entitlement_supported_bool=false, satellite_supported_emergency_plmn_string_array=[], satellite_configs_per_plmn_bundle=PersistableBundle[{}], satellite_sos_max_datagram_size_bytes_int=255, satellite_supported_msg_apps_string_array=[com.google.android.apps.messaging], satellite_connected_notification_throttle_millis_int=604800000, satellite_display_name_string=, satellite_roaming_p2p_sms_inactivity_timeout_sec_int=180, satellite_roaming_turn_off_session_for_emergency_call_bool=true, emergency_messaging_supported_bool=false, carrier_roaming_satellite_emergency_messaging_provider_per_country_bundle=PersistableBundle[{}], satellite_data_support_mode_int=0, carrier_roaming_ntn_connect_type_int=0, satellite_attach_supported_bool=false, carrier_roaming_satellite_emergency_messaging_redirection_destination_string=, satellite_nidd_apn_name_string=, carrier_supported_satellite_services_per_provider_bundle=PersistableBundle[{310830=[2, 3, 6]}], satellite_roaming_esos_inactivity_timeout_sec_int=300, carrier_supported_satellite_notification_hysteresis_sec_int=180, carrier_config_applied_bool=true, carrier_roaming_ntn_emergency_call_to_satellite_handover_type_int=2, carrier_roaming_satellite_default_services_int_array=[2, 3, 6], imsserviceentitlement.entitlement_server_url_string=, emergency_call_to_satellite_t911_handover_timeout_millis_int=30000, satellite_roaming_p2p_sms_supported_bool=false, carrier_config_version_string=, satellite_roaming_screen_off_inactivity_timeout_sec_int=30}]
07-10 13:41:01.377  1299  1471 D SatelliteController: isSatelliteSupportedViaCarrier: using CarrierConfig for subId=1, isAttachSupported=false
07-10 13:41:01.377  1299  1471 D SatelliteController: isInSatelliteModeForCarrierRoaming: subId=1, connectType=0, result=false
07-10 13:41:01.377  1299  1471 D SatelliteController: getCarrierRoamingNtnConnectType: Checking connect type from PLMN config for subId: 1
07-10 13:41:01.377  1299  1471 D TelephonyConfigUpdateInstallReceiver: getConfigParser: domain=satellite
07-10 13:41:01.377  1299  1471 V SatelliteController: satelliteConfigParser is not ready
07-10 13:41:01.377  1299  1471 D SatelliteController: isSatelliteAttachSupportedViaConfigupdater: return null (satelliteConfig is null)
07-10 13:41:01.378  1299  1471 D SatelliteController: getConfigForSubId: subId= 1, config= PersistableBundle[{satellite_esos_supported_bool=false, satellite_connection_hysteresis_sec_int=180, satellite_supported_disaster_plmn_string_array=[], regional_satellite_earfcn_bundle=PersistableBundle[{}], satellite_entitlement_supported_bool=false, satellite_supported_emergency_plmn_string_array=[], satellite_configs_per_plmn_bundle=PersistableBundle[{}], satellite_sos_max_datagram_size_bytes_int=255, satellite_supported_msg_apps_string_array=[com.google.android.apps.messaging], satellite_connected_notification_throttle_millis_int=604800000, satellite_display_name_string=, satellite_roaming_p2p_sms_inactivity_timeout_sec_int=180, satellite_roaming_turn_off_session_for_emergency_call_bool=true, emergency_messaging_supported_bool=false, carrier_roaming_satellite_emergency_messaging_provider_per_country_bundle=PersistableBundle[{}], satellite_data_support_mode_int=0, carrier_roaming_ntn_connect_type_int=0, satellite_attach_supported_bool=false, carrier_roaming_satellite_emergency_messaging_redirection_destination_string=, satellite_nidd_apn_name_string=, carrier_supported_satellite_services_per_provider_bundle=PersistableBundle[{310830=[2, 3, 6]}], satellite_roaming_esos_inactivity_timeout_sec_int=300, carrier_supported_satellite_notification_hysteresis_sec_int=180, carrier_config_applied_bool=true, carrier_roaming_ntn_emergency_call_to_satellite_handover_type_int=2, carrier_roaming_satellite_default_services_int_array=[2, 3, 6], imsserviceentitlement.entitlement_server_url_string=, emergency_call_to_satellite_t911_handover_timeout_millis_int=30000, satellite_roaming_p2p_sms_supported_bool=false, carrier_config_version_string=, satellite_roaming_screen_off_inactivity_timeout_sec_int=30}]
07-10 13:41:01.378  1299  1471 D SatelliteController: isSatelliteSupportedViaCarrier: using CarrierConfig for subId=1, isAttachSupported=false
07-10 13:41:01.378  1299  1471 D SatelliteController: getSatellitePerPlmnConfiguration: invalid subId or not supported via carrier.
07-10 13:41:01.378  1299  1471 D SatelliteController: getCarrierRoamingNtnConnectType: config: null
07-10 13:41:01.378  1299  1471 D TelephonyConfigUpdateInstallReceiver: getConfigParser: domain=satellite
07-10 13:41:01.378  1299  1471 V SatelliteController: satelliteConfigParser is not ready
07-10 13:41:01.378  1299  1471 D SatelliteController: getCarrierRoamingNtnConnectTypeViaConfigUpdater: return null (satelliteConfig is null)
07-10 13:41:01.378  1299  1471 D SatelliteController: getConfigForSubId: subId= 1, config= PersistableBundle[{satellite_esos_supported_bool=false, satellite_connection_hysteresis_sec_int=180, satellite_supported_disaster_plmn_string_array=[], regional_satellite_earfcn_bundle=PersistableBundle[{}], satellite_entitlement_supported_bool=false, satellite_supported_emergency_plmn_string_array=[], satellite_configs_per_plmn_bundle=PersistableBundle[{}], satellite_sos_max_datagram_size_bytes_int=255, satellite_supported_msg_apps_string_array=[com.google.android.apps.messaging], satellite_connected_notification_throttle_millis_int=604800000, satellite_display_name_string=, satellite_roaming_p2p_sms_inactivity_timeout_sec_int=180, satellite_roaming_turn_off_session_for_emergency_call_bool=true, emergency_messaging_supported_bool=false, carrier_roaming_satellite_emergency_messaging_provider_per_country_bundle=PersistableBundle[{}], satellite_data_support_mode_int=0, carrier_roaming_ntn_connect_type_int=0, satellite_attach_supported_bool=false, carrier_roaming_satellite_emergency_messaging_redirection_destination_string=, satellite_nidd_apn_name_string=, carrier_supported_satellite_services_per_provider_bundle=PersistableBundle[{310830=[2, 3, 6]}], satellite_roaming_esos_inactivity_timeout_sec_int=300, carrier_supported_satellite_notification_hysteresis_sec_int=180, carrier_config_applied_bool=true, carrier_roaming_ntn_emergency_call_to_satellite_handover_type_int=2, carrier_roaming_satellite_default_services_int_array=[2, 3, 6], imsserviceentitlement.entitlement_server_url_string=, emergency_call_to_satellite_t911_handover_timeout_millis_int=30000, satellite_roaming_p2p_sms_supported_bool=false, carrier_config_version_string=, satellite_roaming_screen_off_inactivity_timeout_sec_int=30}]
07-10 13:41:01.378  1299  1471 D SatelliteController: getCarrierRoamingNtnConnectType: Falling back to global carrier config connect type: 0
07-10 13:41:01.378  1299  1471 D TelephonyConfigUpdateInstallReceiver: getConfigParser: domain=satellite
07-10 13:41:01.378  1299  1471 V SatelliteController: satelliteConfigParser is not ready
07-10 13:41:01.378  1299  1471 D SatelliteController: isSatelliteAttachSupportedViaConfigupdater: return null (satelliteConfig is null)
07-10 13:41:01.378  1299  1471 D SatelliteController: getConfigForSubId: subId= 1, config= PersistableBundle[{satellite_esos_supported_bool=false, satellite_connection_hysteresis_sec_int=180, satellite_supported_disaster_plmn_string_array=[], regional_satellite_earfcn_bundle=PersistableBundle[{}], satellite_entitlement_supported_bool=false, satellite_supported_emergency_plmn_string_array=[], satellite_configs_per_plmn_bundle=PersistableBundle[{}], satellite_sos_max_datagram_size_bytes_int=255, satellite_supported_msg_apps_string_array=[com.google.android.apps.messaging], satellite_connected_notification_throttle_millis_int=604800000, satellite_display_name_string=, satellite_roaming_p2p_sms_inactivity_timeout_sec_int=180, satellite_roaming_turn_off_session_for_emergency_call_bool=true, emergency_messaging_supported_bool=false, carrier_roaming_satellite_emergency_messaging_provider_per_country_bundle=PersistableBundle[{}], satellite_data_support_mode_int=0, carrier_roaming_ntn_connect_type_int=0, satellite_attach_supported_bool=false, carrier_roaming_satellite_emergency_messaging_redirection_destination_string=, satellite_nidd_apn_name_string=, carrier_supported_satellite_services_per_provider_bundle=PersistableBundle[{310830=[2, 3, 6]}], satellite_roaming_esos_inactivity_timeout_sec_int=300, carrier_supported_satellite_notification_hysteresis_sec_int=180, carrier_config_applied_bool=true, carrier_roaming_ntn_emergency_call_to_satellite_handover_type_int=2, carrier_roaming_satellite_default_services_int_array=[2, 3, 6], imsserviceentitlement.entitlement_server_url_string=, emergency_call_to_satellite_t911_handover_timeout_millis_int=30000, satellite_roaming_p2p_sms_supported_bool=false, carrier_config_version_string=, satellite_roaming_screen_off_inactivity_timeout_sec_int=30}]
07-10 13:41:01.378  1299  1471 D SatelliteController: isSatelliteSupportedViaCarrier: using CarrierConfig for subId=1, isAttachSupported=false
07-10 13:41:01.378  1299  1471 D SatelliteController: isInSatelliteModeForCarrierRoaming: subId=1, connectType=0, result=false
07-10 13:41:01.387   530   530 W skia    : AGTM parsing failed flags.readFromStream(s) at 159
07-10 13:41:01.403   530   530 W skia    : AGTM parsing failed flags.readFromStream(s) at 159
07-10 13:41:01.419   530   530 W skia    : AGTM parsing failed flags.readFromStream(s) at 159
07-10 13:41:01.437   530   530 W skia    : AGTM parsing failed flags.readFromStream(s) at 159
07-10 13:41:01.453   530   530 W skia    : AGTM parsing failed flags.readFromStream(s) at 159
07-10 13:41:01.464   530   579 W skia    : AGTM parsing failed flags.readFromStream(s) at 159
07-10 13:41:01.469   530   530 W skia    : AGTM parsing failed flags.readFromStream(s) at 159
07-10 13:41:01.487   530   530 W skia    : AGTM parsing failed flags.readFromStream(s) at 159
07-10 13:41:01.503   530   530 W skia    : AGTM parsing failed flags.readFromStream(s) at 159
07-10 13:41:01.520   530   530 W skia    : AGTM parsing failed flags.readFromStream(s) at 159
07-10 13:41:01.537   530   530 W skia    : AGTM parsing failed flags.readFromStream(s) at 159
07-10 13:41:01.554   530   530 W skia    : AGTM parsing failed flags.readFromStream(s) at 159
07-10 13:41:01.566   530   579 W skia    : AGTM parsing failed flags.readFromStream(s) at 159
07-10 13:41:01.571   530   530 W skia    : AGTM parsing failed flags.readFromStream(s) at 159
07-10 13:41:01.587   530   530 W skia    : AGTM parsing failed flags.readFromStream(s) at 159
07-10 13:41:01.600   669  1034 E WifiDataStall: Ignore this poll. newStats: null txLinkSpeedMbps: 1 rxLinkSpeedMbps: 2 rssi: -50 connectionCapabilities: com.android.server.wifi.WifiNative$ConnectionCapabilities@8d12315
07-10 13:41:01.600   669  1063 I AdbWifiNetworkMonitor: Wi-Fi network available
07-10 13:41:01.600   669  1063 I AdbWifiNetworkMonitor: Received the same Wi-Fi SSID. Ignoring.
07-10 13:41:01.603   669  1040 W libbinder.IPCThreadState: Sending oneway calls to frozen process.
07-10 13:41:01.603   669  1040 W libbinder.IPCThreadState: Sending oneway calls to frozen process.
07-10 13:41:01.604   530   530 W skia    : AGTM parsing failed flags.readFromStream(s) at 159
07-10 13:41:01.606  1228  1411 D IpClient/wlan0: interfaceLinkStateChanged: ifindex 16 up
07-10 13:41:01.608  1228  1411 D IpClient/wlan0: interfaceLinkStateChanged: ifindex 16 up
07-10 13:41:01.620  1520  1947 I NullBinder: NullBinder for android.net.action.RECOMMEND_NETWORKS triggering remote TransactionTooLargeException due to Service without Chimera impl, calling uid: 1000, calling pid: 0
07-10 13:41:01.620  1520  1947 W libbinder.Binder: Large reply transaction of 1056768 bytes, interface descriptor , function: UNKNOWN_FUNCTION_NAME, code: 1, flags: 17
07-10 13:41:01.620   530   530 W skia    : AGTM parsing failed flags.readFromStream(s) at 159
07-10 13:41:01.637   530   530 W skia    : AGTM parsing failed flags.readFromStream(s) at 159
07-10 13:41:01.654   530   530 W skia    : AGTM parsing failed flags.readFromStream(s) at 159
07-10 13:41:01.671   530   530 W skia    : AGTM parsing failed flags.readFromStream(s) at 159
07-10 13:41:01.677   530   579 W skia    : AGTM parsing failed flags.readFromStream(s) at 159
07-10 13:41:01.686   530   530 W skia    : AGTM parsing failed flags.readFromStream(s) at 159
07-10 13:41:01.703   530   530 W skia    : AGTM parsing failed flags.readFromStream(s) at 159
07-10 13:41:01.720   530   530 W skia    : AGTM parsing failed flags.readFromStream(s) at 159
07-10 13:41:01.737   530   530 W skia    : AGTM parsing failed flags.readFromStream(s) at 159
07-10 13:41:01.754   530   530 W skia    : AGTM parsing failed flags.readFromStream(s) at 159
07-10 13:41:01.771   530   530 W skia    : AGTM parsing failed flags.readFromStream(s) at 159
07-10 13:41:01.778   530   579 W skia    : AGTM parsing failed flags.readFromStream(s) at 159
07-10 13:41:01.787   530   530 W skia    : AGTM parsing failed flags.readFromStream(s) at 159
07-10 13:41:01.803   530   530 W skia    : AGTM parsing failed flags.readFromStream(s) at 159
07-10 13:41:01.820   530   530 W skia    : AGTM parsing failed flags.readFromStream(s) at 159
07-10 13:41:01.836   530   530 W skia    : AGTM parsing failed flags.readFromStream(s) at 159
07-10 13:41:01.855   530   530 W skia    : AGTM parsing failed flags.readFromStream(s) at 159
07-10 13:41:01.870   530   530 W skia    : AGTM parsing failed flags.readFromStream(s) at 159
07-10 13:41:01.879   530   579 W skia    : AGTM parsing failed flags.readFromStream(s) at 159
07-10 13:41:01.888   530   530 W skia    : AGTM parsing failed flags.readFromStream(s) at 159
07-10 13:41:01.903   530   530 W skia    : AGTM parsing failed flags.readFromStream(s) at 159
07-10 13:41:01.920   530   530 W skia    : AGTM parsing failed flags.readFromStream(s) at 159
07-10 13:41:01.937   530   530 W skia    : AGTM parsing failed flags.readFromStream(s) at 159
07-10 13:41:01.953   530   530 W skia    : AGTM parsing failed flags.readFromStream(s) at 159
07-10 13:41:01.970   530   530 W skia    : AGTM parsing failed flags.readFromStream(s) at 159
07-10 13:41:01.980   530   579 W skia    : AGTM parsing failed flags.readFromStream(s) at 159
07-10 13:41:01.987   530   530 W skia    : AGTM parsing failed flags.readFromStream(s) at 159
07-10 13:41:02.004   530   530 W skia    : AGTM parsing failed flags.readFromStream(s) at 159
07-10 13:41:02.021   530   530 W skia    : AGTM parsing failed flags.readFromStream(s) at 159
07-10 13:41:02.037   530   530 W skia    : AGTM parsing failed flags.readFromStream(s) at 159
07-10 13:41:02.054   530   530 W skia    : AGTM parsing failed flags.readFromStream(s) at 159
07-10 13:41:02.071   530   530 W skia    : AGTM parsing failed flags.readFromStream(s) at 159
07-10 13:41:02.081   530   579 W skia    : AGTM parsing failed flags.readFromStream(s) at 159
07-10 13:41:02.087   530   530 W skia    : AGTM parsing failed flags.readFromStream(s) at 159
07-10 13:41:02.103   530   530 W skia    : AGTM parsing failed flags.readFromStream(s) at 159
07-10 13:41:02.121   530   530 W skia    : AGTM parsing failed flags.readFromStream(s) at 159
07-10 13:41:02.138   530   530 W skia    : AGTM parsing failed flags.readFromStream(s) at 159
07-10 13:41:02.154   530   530 W skia    : AGTM parsing failed flags.readFromStream(s) at 159
07-10 13:41:02.171   530   530 W skia    : AGTM parsing failed flags.readFromStream(s) at 159
07-10 13:41:02.182   530   579 W skia    : AGTM parsing failed flags.readFromStream(s) at 159
07-10 13:41:02.186   530   530 W skia    : AGTM parsing failed flags.readFromStream(s) at 159
07-10 13:41:02.203   530   530 W skia    : AGTM parsing failed flags.readFromStream(s) at 159
07-10 13:41:02.221   530   530 W skia    : AGTM parsing failed flags.readFromStream(s) at 159
07-10 13:41:02.239   530   530 W skia    : AGTM parsing failed flags.readFromStream(s) at 159
07-10 13:41:02.253   530   530 W skia    : AGTM parsing failed flags.readFromStream(s) at 159
07-10 13:41:02.270   530   530 W skia    : AGTM parsing failed flags.readFromStream(s) at 159
07-10 13:41:02.283   530   579 W skia    : AGTM parsing failed flags.readFromStream(s) at 159
07-10 13:41:02.287   530   530 W skia    : AGTM parsing failed flags.readFromStream(s) at 159
07-10 13:41:02.304   530   530 W skia    : AGTM parsing failed flags.readFromStream(s) at 159
07-10 13:41:02.321   530   530 W skia    : AGTM parsing failed flags.readFromStream(s) at 159
07-10 13:41:02.338   530   530 W skia    : AGTM parsing failed flags.readFromStream(s) at 159
07-10 13:41:02.353   530   530 W skia    : AGTM parsing failed flags.readFromStream(s) at 159
07-10 13:41:02.371   530   530 W skia    : AGTM parsing failed flags.readFromStream(s) at 159
07-10 13:41:02.386   530   530 W skia    : AGTM parsing failed flags.readFromStream(s) at 159
07-10 13:41:02.392   530   579 W skia    : AGTM parsing failed flags.readFromStream(s) at 159
07-10 13:41:02.404   530   530 W skia    : AGTM parsing failed flags.readFromStream(s) at 159
07-10 13:41:02.421   530   530 W skia    : AGTM parsing failed flags.readFromStream(s) at 159
07-10 13:41:02.436   530   530 W skia    : AGTM parsing failed flags.readFromStream(s) at 159
07-10 13:41:02.454   530   530 W skia    : AGTM parsing failed flags.readFromStream(s) at 159
07-10 13:41:02.471   530   530 W skia    : AGTM parsing failed flags.readFromStream(s) at 159
07-10 13:41:02.487   530   530 W skia    : AGTM parsing failed flags.readFromStream(s) at 159
07-10 13:41:02.493   530   579 W skia    : AGTM parsing failed flags.readFromStream(s) at 159
07-10 13:41:02.504   530   530 W skia    : AGTM parsing failed flags.readFromStream(s) at 159
07-10 13:41:02.520   530   530 W skia    : AGTM parsing failed flags.readFromStream(s) at 159
07-10 13:41:02.538   530   530 W skia    : AGTM parsing failed flags.readFromStream(s) at 159
07-10 13:41:02.554   530   530 W skia    : AGTM parsing failed flags.readFromStream(s) at 159
07-10 13:41:02.570   530   530 W skia    : AGTM parsing failed flags.readFromStream(s) at 159
07-10 13:41:02.586   530   530 W skia    : AGTM parsing failed flags.readFromStream(s) at 159
07-10 13:41:02.594   530   579 W skia    : AGTM parsing failed flags.readFromStream(s) at 159
07-10 13:41:02.603   530   530 W skia    : AGTM parsing failed flags.readFromStream(s) at 159
07-10 13:41:02.621   530   530 W skia    : AGTM parsing failed flags.readFromStream(s) at 159
07-10 13:41:02.637   530   530 W skia    : AGTM parsing failed flags.readFromStream(s) at 159
07-10 13:41:02.654   530   530 W skia    : AGTM parsing failed flags.readFromStream(s) at 159
07-10 13:41:02.671   530   530 W skia    : AGTM parsing failed flags.readFromStream(s) at 159
07-10 13:41:02.688   530   530 W skia    : AGTM parsing failed flags.readFromStream(s) at 159
07-10 13:41:02.694   530   579 W skia    : AGTM parsing failed flags.readFromStream(s) at 159
07-10 13:41:02.703   530   530 W skia    : AGTM parsing failed flags.readFromStream(s) at 159
07-10 13:41:02.720   530   530 W skia    : AGTM parsing failed flags.readFromStream(s) at 159
07-10 13:41:02.737   530   530 W skia    : AGTM parsing failed flags.readFromStream(s) at 159
07-10 13:41:02.753   530   530 W skia    : AGTM parsing failed flags.readFromStream(s) at 159
07-10 13:41:02.770   530   530 W skia    : AGTM parsing failed flags.readFromStream(s) at 159
07-10 13:41:02.787   530   530 W skia    : AGTM parsing failed flags.readFromStream(s) at 159
07-10 13:41:02.795   530   579 W skia    : AGTM parsing failed flags.readFromStream(s) at 159
07-10 13:41:02.803   530   530 W skia    : AGTM parsing failed flags.readFromStream(s) at 159
07-10 13:41:02.821   530   530 W skia    : AGTM parsing failed flags.readFromStream(s) at 159
07-10 13:41:02.839   530   530 W skia    : AGTM parsing failed flags.readFromStream(s) at 159
07-10 13:41:02.852  1669  2104 I PhenotypeProcessReaper: Memory state is: 200
07-10 13:41:02.854   530   530 W skia    : AGTM parsing failed flags.readFromStream(s) at 159
07-10 13:41:02.870   530   530 W skia    : AGTM parsing failed flags.readFromStream(s) at 159
07-10 13:41:02.886   530   530 W skia    : AGTM parsing failed flags.readFromStream(s) at 159
07-10 13:41:02.897   530   579 W skia    : AGTM parsing failed flags.readFromStream(s) at 159
07-10 13:41:02.904   530   530 W skia    : AGTM parsing failed flags.readFromStream(s) at 159
07-10 13:41:02.920   530   530 W skia    : AGTM parsing failed flags.readFromStream(s) at 159
07-10 13:41:02.937   530   530 W skia    : AGTM parsing failed flags.readFromStream(s) at 159
07-10 13:41:02.954   530   530 W skia    : AGTM parsing failed flags.readFromStream(s) at 159
07-10 13:41:02.971   530   530 W skia    : AGTM parsing failed flags.readFromStream(s) at 159
07-10 13:41:02.986   530   530 W skia    : AGTM parsing failed flags.readFromStream(s) at 159
07-10 13:41:02.998   530   579 W skia    : AGTM parsing failed flags.readFromStream(s) at 159
07-10 13:41:03.004   530   530 W skia    : AGTM parsing failed flags.readFromStream(s) at 159
07-10 13:41:03.020   530   530 W skia    : AGTM parsing failed flags.readFromStream(s) at 159
07-10 13:41:03.037   530   530 W skia    : AGTM parsing failed flags.readFromStream(s) at 159
07-10 13:41:03.054   530   530 W skia    : AGTM parsing failed flags.readFromStream(s) at 159
07-10 13:41:03.071   530   530 W skia    : AGTM parsing failed flags.readFromStream(s) at 159
07-10 13:41:03.087   530   530 W skia    : AGTM parsing failed flags.readFromStream(s) at 159
07-10 13:41:03.099   530   579 W skia    : AGTM parsing failed flags.readFromStream(s) at 159
07-10 13:41:03.105   530   530 W skia    : AGTM parsing failed flags.readFromStream(s) at 159
07-10 13:41:03.120   530   530 W skia    : AGTM parsing failed flags.readFromStream(s) at 159
07-10 13:41:03.136   530   530 W skia    : AGTM parsing failed flags.readFromStream(s) at 159
07-10 13:41:03.153   530   530 W skia    : AGTM parsing failed flags.readFromStream(s) at 159
07-10 13:41:03.171   530   530 W skia    : AGTM parsing failed flags.readFromStream(s) at 159
07-10 13:41:03.171  1357  1357 I wpa_supplicant: wlan0: CTRL-EVENT-BEACON-LOSS 
07-10 13:41:03.186   530   530 W skia    : AGTM parsing failed flags.readFromStream(s) at 159
07-10 13:41:03.203   530   530 W skia    : AGTM parsing failed flags.readFromStream(s) at 159
07-10 13:41:03.208   530   579 W skia    : AGTM parsing failed flags.readFromStream(s) at 159
07-10 13:41:03.220   530   530 W skia    : AGTM parsing failed flags.readFromStream(s) at 159
07-10 13:41:03.236   530   530 W skia    : AGTM parsing failed flags.readFromStream(s) at 159
07-10 13:41:03.254   530   530 W skia    : AGTM parsing failed flags.readFromStream(s) at 159
07-10 13:41:03.271   530   530 W skia    : AGTM parsing failed flags.readFromStream(s) at 159
07-10 13:41:03.287   530   530 W skia    : AGTM parsing failed flags.readFromStream(s) at 159
07-10 13:41:03.304   530   530 W skia    : AGTM parsing failed flags.readFromStream(s) at 159
07-10 13:41:03.310   530   579 W skia    : AGTM parsing failed flags.readFromStream(s) at 159
07-10 13:41:03.320   530   530 W skia    : AGTM parsing failed flags.readFromStream(s) at 159
07-10 13:41:03.337   530   530 W skia    : AGTM parsing failed flags.readFromStream(s) at 159
07-10 13:41:03.354   530   530 W skia    : AGTM parsing failed flags.readFromStream(s) at 159
07-10 13:41:03.370   530   530 W skia    : AGTM parsing failed flags.readFromStream(s) at 159
07-10 13:41:03.387   530   530 W skia    : AGTM parsing failed flags.readFromStream(s) at 159
07-10 13:41:03.404   530   530 W skia    : AGTM parsing failed flags.readFromStream(s) at 159
07-10 13:41:03.411   530   579 W skia    : AGTM parsing failed flags.readFromStream(s) at 159
07-10 13:41:03.420   530   530 W skia    : AGTM parsing failed flags.readFromStream(s) at 159
07-10 13:41:03.437   530   530 W skia    : AGTM parsing failed flags.readFromStream(s) at 159
07-10 13:41:03.453   530   530 W skia    : AGTM parsing failed flags.readFromStream(s) at 159
07-10 13:41:03.470   530   530 W skia    : AGTM parsing failed flags.readFromStream(s) at 159
07-10 13:41:03.488   530   530 W skia    : AGTM parsing failed flags.readFromStream(s) at 159
07-10 13:41:03.503   530   530 W skia    : AGTM parsing failed flags.readFromStream(s) at 159
07-10 13:41:03.512   530   579 W skia    : AGTM parsing failed flags.readFromStream(s) at 159
07-10 13:41:03.520   530   530 W skia    : AGTM parsing failed flags.readFromStream(s) at 159
07-10 13:41:03.536   530   530 W skia    : AGTM parsing failed flags.readFromStream(s) at 159
07-10 13:41:03.555   530   530 W skia    : AGTM parsing failed flags.readFromStream(s) at 159
07-10 13:41:03.570   530   530 W skia    : AGTM parsing failed flags.readFromStream(s) at 159
07-10 13:41:03.586   530   530 W skia    : AGTM parsing failed flags.readFromStream(s) at 159
07-10 13:41:03.604   530   530 W skia    : AGTM parsing failed flags.readFromStream(s) at 159
07-10 13:41:03.613   530   579 W skia    : AGTM parsing failed flags.readFromStream(s) at 159
07-10 13:41:03.620   530   530 W skia    : AGTM parsing failed flags.readFromStream(s) at 159
07-10 13:41:03.637   530   530 W skia    : AGTM parsing failed flags.readFromStream(s) at 159
07-10 13:41:03.654   530   530 W skia    : AGTM parsing failed flags.readFromStream(s) at 159
07-10 13:41:03.670   530   530 W skia    : AGTM parsing failed flags.readFromStream(s) at 159
07-10 13:41:03.687   530   530 W skia    : AGTM parsing failed flags.readFromStream(s) at 159
07-10 13:41:03.703   530   530 W skia    : AGTM parsing failed flags.readFromStream(s) at 159
07-10 13:41:03.714   530   579 W skia    : AGTM parsing failed flags.readFromStream(s) at 159
07-10 13:41:03.720   530   530 W skia    : AGTM parsing failed flags.readFromStream(s) at 159
07-10 13:41:03.737   530   530 W skia    : AGTM parsing failed flags.readFromStream(s) at 159
07-10 13:41:03.753   530   530 W skia    : AGTM parsing failed flags.readFromStream(s) at 159
07-10 13:41:03.771   530   530 W skia    : AGTM parsing failed flags.readFromStream(s) at 159
07-10 13:41:03.787   530   530 W skia    : AGTM parsing failed flags.readFromStream(s) at 159
07-10 13:41:03.803   530   530 W skia    : AGTM parsing failed flags.readFromStream(s) at 159
07-10 13:41:03.815   530   579 W skia    : AGTM parsing failed flags.readFromStream(s) at 159
07-10 13:41:03.820   530   530 W skia    : AGTM parsing failed flags.readFromStream(s) at 159
07-10 13:41:03.836   530   530 W skia    : AGTM parsing failed flags.readFromStream(s) at 159
07-10 13:41:03.854   530   530 W skia    : AGTM parsing failed flags.readFromStream(s) at 159
07-10 13:41:03.869   530   530 W skia    : AGTM parsing failed flags.readFromStream(s) at 159
07-10 13:41:03.886   530   530 W skia    : AGTM parsing failed flags.readFromStream(s) at 159
07-10 13:41:03.903   530   530 W skia    : AGTM parsing failed flags.readFromStream(s) at 159
07-10 13:41:03.915   530   579 W skia    : AGTM parsing failed flags.readFromStream(s) at 159
07-10 13:41:03.920   530   530 W skia    : AGTM parsing failed flags.readFromStream(s) at 159
07-10 13:41:03.936   530   530 W skia    : AGTM parsing failed flags.readFromStream(s) at 159
07-10 13:41:03.954   530   530 W skia    : AGTM parsing failed flags.readFromStream(s) at 159
07-10 13:41:03.971   530   530 W skia    : AGTM parsing failed flags.readFromStream(s) at 159
07-10 13:41:03.987   530   530 W skia    : AGTM parsing failed flags.readFromStream(s) at 159
07-10 13:41:04.004   530   530 W skia    : AGTM parsing failed flags.readFromStream(s) at 159
07-10 13:41:04.020   530   530 W skia    : AGTM parsing failed flags.readFromStream(s) at 159
07-10 13:41:04.027   530   579 W skia    : AGTM parsing failed flags.readFromStream(s) at 159
07-10 13:41:04.037   530   530 W skia    : AGTM parsing failed flags.readFromStream(s) at 159
07-10 13:41:04.054   530   530 W skia    : AGTM parsing failed flags.readFromStream(s) at 159
07-10 13:41:04.071   530   530 W skia    : AGTM parsing failed flags.readFromStream(s) at 159
07-10 13:41:04.087   530   530 W skia    : AGTM parsing failed flags.readFromStream(s) at 159
07-10 13:41:04.103   530   530 W skia    : AGTM parsing failed flags.readFromStream(s) at 159
07-10 13:41:04.120   530   530 W skia    : AGTM parsing failed flags.readFromStream(s) at 159
07-10 13:41:04.128   530   579 W skia    : AGTM parsing failed flags.readFromStream(s) at 159
07-10 13:41:04.137   530   530 W skia    : AGTM parsing failed flags.readFromStream(s) at 159
07-10 13:41:04.153   530   530 W skia    : AGTM parsing failed flags.readFromStream(s) at 159
07-10 13:41:04.170   530   530 W skia    : AGTM parsing failed flags.readFromStream(s) at 159
07-10 13:41:04.187   530   530 W skia    : AGTM parsing failed flags.readFromStream(s) at 159
07-10 13:41:04.203   530   530 W skia    : AGTM parsing failed flags.readFromStream(s) at 159
07-10 13:41:04.220   530   530 W skia    : AGTM parsing failed flags.readFromStream(s) at 159
07-10 13:41:04.229   530   579 W skia    : AGTM parsing failed flags.readFromStream(s) at 159
07-10 13:41:04.237   530   530 W skia    : AGTM parsing failed flags.readFromStream(s) at 159
07-10 13:41:04.253   530   530 W skia    : AGTM parsing failed flags.readFromStream(s) at 159
07-10 13:41:04.270   530   530 W skia    : AGTM parsing failed flags.readFromStream(s) at 159
07-10 13:41:04.287   530   530 W skia    : AGTM parsing failed flags.readFromStream(s) at 159
07-10 13:41:04.304   530   530 W skia    : AGTM parsing failed flags.readFromStream(s) at 159
07-10 13:41:04.320   530   530 W skia    : AGTM parsing failed flags.readFromStream(s) at 159
07-10 13:41:04.331   530   579 W skia    : AGTM parsing failed flags.readFromStream(s) at 159
07-10 13:41:04.337   530   530 W skia    : AGTM parsing failed flags.readFromStream(s) at 159
07-10 13:41:04.354   530   530 W skia    : AGTM parsing failed flags.readFromStream(s) at 159
07-10 13:41:04.370   530   530 W skia    : AGTM parsing failed flags.readFromStream(s) at 159
07-10 13:41:04.386   530   530 W skia    : AGTM parsing failed flags.readFromStream(s) at 159
07-10 13:41:04.404   530   530 W skia    : AGTM parsing failed flags.readFromStream(s) at 159
07-10 13:41:04.420   530   530 W skia    : AGTM parsing failed flags.readFromStream(s) at 159
07-10 13:41:04.433   530   579 W skia    : AGTM parsing failed flags.readFromStream(s) at 159
07-10 13:41:04.437   530   530 W skia    : AGTM parsing failed flags.readFromStream(s) at 159
07-10 13:41:04.453   530   530 W skia    : AGTM parsing failed flags.readFromStream(s) at 159
07-10 13:41:04.471   530   530 W skia    : AGTM parsing failed flags.readFromStream(s) at 159
07-10 13:41:04.486   530   530 W skia    : AGTM parsing failed flags.readFromStream(s) at 159
07-10 13:41:04.503   530   530 W skia    : AGTM parsing failed flags.readFromStream(s) at 159
07-10 13:41:04.520   530   530 W skia    : AGTM parsing failed flags.readFromStream(s) at 159
07-10 13:41:04.538   530   530 W skia    : AGTM parsing failed flags.readFromStream(s) at 159
07-10 13:41:04.543   530   579 W skia    : AGTM parsing failed flags.readFromStream(s) at 159
07-10 13:41:04.554   530   530 W skia    : AGTM parsing failed flags.readFromStream(s) at 159
07-10 13:41:04.569   530   530 W skia    : AGTM parsing failed flags.readFromStream(s) at 159
07-10 13:41:04.586   530   530 W skia    : AGTM parsing failed flags.readFromStream(s) at 159
07-10 13:41:04.603   669  1034 E WifiDataStall: Ignore this poll. newStats: null txLinkSpeedMbps: 1 rxLinkSpeedMbps: 2 rssi: -50 connectionCapabilities: com.android.server.wifi.WifiNative$ConnectionCapabilities@8d12315
07-10 13:41:04.603   530   530 W skia    : AGTM parsing failed flags.readFromStream(s) at 159
07-10 13:41:04.620   530   530 W skia    : AGTM parsing failed flags.readFromStream(s) at 159
07-10 13:41:04.638   530   530 W skia    : AGTM parsing failed flags.readFromStream(s) at 159
07-10 13:41:04.644   530   579 W skia    : AGTM parsing failed flags.readFromStream(s) at 159
07-10 13:41:04.654   530   530 W skia    : AGTM parsing failed flags.readFromStream(s) at 159
07-10 13:41:04.670   530   530 W skia    : AGTM parsing failed flags.readFromStream(s) at 159
07-10 13:41:04.687   530   530 W skia    : AGTM parsing failed flags.readFromStream(s) at 159
07-10 13:41:04.704   530   530 W skia    : AGTM parsing failed flags.readFromStream(s) at 159
07-10 13:41:04.720   530   530 W skia    : AGTM parsing failed flags.readFromStream(s) at 159
07-10 13:41:04.736   530   530 W skia    : AGTM parsing failed flags.readFromStream(s) at 159
07-10 13:41:04.744   530   579 W skia    : AGTM parsing failed flags.readFromStream(s) at 159
07-10 13:41:04.754   530   530 W skia    : AGTM parsing failed flags.readFromStream(s) at 159
07-10 13:41:04.770   530   530 W skia    : AGTM parsing failed flags.readFromStream(s) at 159
07-10 13:41:04.789   530   530 W skia    : AGTM parsing failed flags.readFromStream(s) at 159
07-10 13:41:04.803   530   530 W skia    : AGTM parsing failed flags.readFromStream(s) at 159
07-10 13:41:04.820   530   530 W skia    : AGTM parsing failed flags.readFromStream(s) at 159
07-10 13:41:04.837   530   530 W skia    : AGTM parsing failed flags.readFromStream(s) at 159
07-10 13:41:04.845   530   579 W skia    : AGTM parsing failed flags.readFromStream(s) at 159
07-10 13:41:04.855   530   530 W skia    : AGTM parsing failed flags.readFromStream(s) at 159
07-10 13:41:04.870   530   530 W skia    : AGTM parsing failed flags.readFromStream(s) at 159
07-10 13:41:04.887   530   530 W skia    : AGTM parsing failed flags.readFromStream(s) at 159
07-10 13:41:04.904   530   530 W skia    : AGTM parsing failed flags.readFromStream(s) at 159
07-10 13:41:04.921   530   530 W skia    : AGTM parsing failed flags.readFromStream(s) at 159
07-10 13:41:04.938   530   530 W skia    : AGTM parsing failed flags.readFromStream(s) at 159
07-10 13:41:04.945   530   579 W skia    : AGTM parsing failed flags.readFromStream(s) at 159
07-10 13:41:04.953   530   530 W skia    : AGTM parsing failed flags.readFromStream(s) at 159
07-10 13:41:04.971   530   530 W skia    : AGTM parsing failed flags.readFromStream(s) at 159
07-10 13:41:04.987   530   530 W skia    : AGTM parsing failed flags.readFromStream(s) at 159
07-10 13:41:05.004   530   530 W skia    : AGTM parsing failed flags.readFromStream(s) at 159
07-10 13:41:05.021   530   530 W skia    : AGTM parsing failed flags.readFromStream(s) at 159
07-10 13:41:05.036   530   530 W skia    : AGTM parsing failed flags.readFromStream(s) at 159
07-10 13:41:05.047   530   579 W skia    : AGTM parsing failed flags.readFromStream(s) at 159
07-10 13:41:05.054   530   530 W skia    : AGTM parsing failed flags.readFromStream(s) at 159
07-10 13:41:05.071   530   530 W skia    : AGTM parsing failed flags.readFromStream(s) at 159
07-10 13:41:05.086   530   530 W skia    : AGTM parsing failed flags.readFromStream(s) at 159
07-10 13:41:05.104   530   530 W skia    : AGTM parsing failed flags.readFromStream(s) at 159
07-10 13:41:05.121   530   530 W skia    : AGTM parsing failed flags.readFromStream(s) at 159
07-10 13:41:05.138   530   530 W skia    : AGTM parsing failed flags.readFromStream(s) at 159
07-10 13:41:05.147   530   579 W skia    : AGTM parsing failed flags.readFromStream(s) at 159
07-10 13:41:05.153   530   530 W skia    : AGTM parsing failed flags.readFromStream(s) at 159
07-10 13:41:05.170   530   530 W skia    : AGTM parsing failed flags.readFromStream(s) at 159
07-10 13:41:05.187   530   530 W skia    : AGTM parsing failed flags.readFromStream(s) at 159
07-10 13:41:05.203   530   530 W skia    : AGTM parsing failed flags.readFromStream(s) at 159
07-10 13:41:05.220   530   530 W skia    : AGTM parsing failed flags.readFromStream(s) at 159
07-10 13:41:05.236   530   530 W skia    : AGTM parsing failed flags.readFromStream(s) at 159
07-10 13:41:05.249   530   579 W skia    : AGTM parsing failed flags.readFromStream(s) at 159
07-10 13:41:05.254   530   530 W skia    : AGTM parsing failed flags.readFromStream(s) at 159
07-10 13:41:05.270   530   530 W skia    : AGTM parsing failed flags.readFromStream(s) at 159
07-10 13:41:05.286   530   530 W skia    : AGTM parsing failed flags.readFromStream(s) at 159
07-10 13:41:05.303   530   530 W skia    : AGTM parsing failed flags.readFromStream(s) at 159
07-10 13:41:05.320   530   530 W skia    : AGTM parsing failed flags.readFromStream(s) at 159
07-10 13:41:05.336   530   530 W skia    : AGTM parsing failed flags.readFromStream(s) at 159
07-10 13:41:05.349   530   579 W skia    : AGTM parsing failed flags.readFromStream(s) at 159
07-10 13:41:05.353   530   530 W skia    : AGTM parsing failed flags.readFromStream(s) at 159
07-10 13:41:05.370   530   530 W skia    : AGTM parsing failed flags.readFromStream(s) at 159
07-10 13:41:05.386   530   530 W skia    : AGTM parsing failed flags.readFromStream(s) at 159
07-10 13:41:05.404   530   530 W skia    : AGTM parsing failed flags.readFromStream(s) at 159
07-10 13:41:05.420   530   530 W skia    : AGTM parsing failed flags.readFromStream(s) at 159
07-10 13:41:05.438   530   530 W skia    : AGTM parsing failed flags.readFromStream(s) at 159
07-10 13:41:05.453   530   530 W skia    : AGTM parsing failed flags.readFromStream(s) at 159
07-10 13:41:05.458   530   579 W skia    : AGTM parsing failed flags.readFromStream(s) at 159
07-10 13:41:05.471   530   530 W skia    : AGTM parsing failed flags.readFromStream(s) at 159
07-10 13:41:05.487   530   530 W skia    : AGTM parsing failed flags.readFromStream(s) at 159
07-10 13:41:05.503   530   530 W skia    : AGTM parsing failed flags.readFromStream(s) at 159
07-10 13:41:05.521   530   530 W skia    : AGTM parsing failed flags.readFromStream(s) at 159
07-10 13:41:05.537   530   530 W skia    : AGTM parsing failed flags.readFromStream(s) at 159
07-10 13:41:05.553   530   530 W skia    : AGTM parsing failed flags.readFromStream(s) at 159
07-10 13:41:05.560   530   579 W skia    : AGTM parsing failed flags.readFromStream(s) at 159
07-10 13:41:05.570   530   530 W skia    : AGTM parsing failed flags.readFromStream(s) at 159
07-10 13:41:05.587   530   530 W skia    : AGTM parsing failed flags.readFromStream(s) at 159
07-10 13:41:05.604   530   530 W skia    : AGTM parsing failed flags.readFromStream(s) at 159
07-10 13:41:05.620   530   530 W skia    : AGTM parsing failed flags.readFromStream(s) at 159
07-10 13:41:05.636   530   530 W skia    : AGTM parsing failed flags.readFromStream(s) at 159
07-10 13:41:05.654   530   530 W skia    : AGTM parsing failed flags.readFromStream(s) at 159
07-10 13:41:05.661   530   579 W skia    : AGTM parsing failed flags.readFromStream(s) at 159
07-10 13:41:05.671   530   530 W skia    : AGTM parsing failed flags.readFromStream(s) at 159
07-10 13:41:05.687   530   530 W skia    : AGTM parsing failed flags.readFromStream(s) at 159
07-10 13:41:05.703   530   530 W skia    : AGTM parsing failed flags.readFromStream(s) at 159
07-10 13:41:05.720   530   530 W skia    : AGTM parsing failed flags.readFromStream(s) at 159
07-10 13:41:05.738   530   530 W skia    : AGTM parsing failed flags.readFromStream(s) at 159
07-10 13:41:05.754   530   530 W skia    : AGTM parsing failed flags.readFromStream(s) at 159
07-10 13:41:05.762   530   579 W skia    : AGTM parsing failed flags.readFromStream(s) at 159
07-10 13:41:05.771   530   530 W skia    : AGTM parsing failed flags.readFromStream(s) at 159
07-10 13:41:05.786   530   530 W skia    : AGTM parsing failed flags.readFromStream(s) at 159
07-10 13:41:05.804   530   530 W skia    : AGTM parsing failed flags.readFromStream(s) at 159
07-10 13:41:05.820   530   530 W skia    : AGTM parsing failed flags.readFromStream(s) at 159
07-10 13:41:05.837   530   530 W skia    : AGTM parsing failed flags.readFromStream(s) at 159
07-10 13:41:05.853   530   530 W skia    : AGTM parsing failed flags.readFromStream(s) at 159
07-10 13:41:05.863   530   579 W skia    : AGTM parsing failed flags.readFromStream(s) at 159
07-10 13:41:05.871   530   530 W skia    : AGTM parsing failed flags.readFromStream(s) at 159
07-10 13:41:05.887   530   530 W skia    : AGTM parsing failed flags.readFromStream(s) at 159
07-10 13:41:05.904   530   530 W skia    : AGTM parsing failed flags.readFromStream(s) at 159
07-10 13:41:05.920   530   530 W skia    : AGTM parsing failed flags.readFromStream(s) at 159
07-10 13:41:05.938   530   530 W skia    : AGTM parsing failed flags.readFromStream(s) at 159
07-10 13:41:05.954   530   530 W skia    : AGTM parsing failed flags.readFromStream(s) at 159
07-10 13:41:05.964   530   579 W skia    : AGTM parsing failed flags.readFromStream(s) at 159
07-10 13:41:05.970   530   530 W skia    : AGTM parsing failed flags.readFromStream(s) at 159
07-10 13:41:05.986   530   530 W skia    : AGTM parsing failed flags.readFromStream(s) at 159
07-10 13:41:06.004   530   530 W skia    : AGTM parsing failed flags.readFromStream(s) at 159
07-10 13:41:06.020   530   530 W skia    : AGTM parsing failed flags.readFromStream(s) at 159
07-10 13:41:06.037   530   530 W skia    : AGTM parsing failed flags.readFromStream(s) at 159
07-10 13:41:06.053   530   530 W skia    : AGTM parsing failed flags.readFromStream(s) at 159
07-10 13:41:06.065   530   579 W skia    : AGTM parsing failed flags.readFromStream(s) at 159
07-10 13:41:06.071   530   530 W skia    : AGTM parsing failed flags.readFromStream(s) at 159
07-10 13:41:06.086   530   530 W skia    : AGTM parsing failed flags.readFromStream(s) at 159
07-10 13:41:06.103   530   530 W skia    : AGTM parsing failed flags.readFromStream(s) at 159
07-10 13:41:06.120   530   530 W skia    : AGTM parsing failed flags.readFromStream(s) at 159
07-10 13:41:06.136   530   530 W skia    : AGTM parsing failed flags.readFromStream(s) at 159
07-10 13:41:06.154   530   530 W skia    : AGTM parsing failed flags.readFromStream(s) at 159
07-10 13:41:06.170   530   530 W skia    : AGTM parsing failed flags.readFromStream(s) at 159
07-10 13:41:06.175   530   579 W skia    : AGTM parsing failed flags.readFromStream(s) at 159
07-10 13:41:06.187   530   530 W skia    : AGTM parsing failed flags.readFromStream(s) at 159
07-10 13:41:06.204   530   530 W skia    : AGTM parsing failed flags.readFromStream(s) at 159
07-10 13:41:06.220   530   530 W skia    : AGTM parsing failed flags.readFromStream(s) at 159
07-10 13:41:06.237   530   530 W skia    : AGTM parsing failed flags.readFromStream(s) at 159
07-10 13:41:06.254   530   530 W skia    : AGTM parsing failed flags.readFromStream(s) at 159
07-10 13:41:06.270   530   530 W skia    : AGTM parsing failed flags.readFromStream(s) at 159
07-10 13:41:06.276   530   579 W skia    : AGTM parsing failed flags.readFromStream(s) at 159
07-10 13:41:06.287   530   530 W skia    : AGTM parsing failed flags.readFromStream(s) at 159
07-10 13:41:06.295  1134  1273 I QuickAccessWalletTile: QAW service is unavailable, recreating the wallet client.
07-10 13:41:06.304   530   530 W skia    : AGTM parsing failed flags.readFromStream(s) at 159
07-10 13:41:06.321   530   530 W skia    : AGTM parsing failed flags.readFromStream(s) at 159
07-10 13:41:06.337   530   530 W skia    : AGTM parsing failed flags.readFromStream(s) at 159
07-10 13:41:06.354   530   530 W skia    : AGTM parsing failed flags.readFromStream(s) at 159
07-10 13:41:06.371   530   530 W skia    : AGTM parsing failed flags.readFromStream(s) at 159
07-10 13:41:06.377   530   579 W skia    : AGTM parsing failed flags.readFromStream(s) at 159
07-10 13:41:06.388   530   530 W skia    : AGTM parsing failed flags.readFromStream(s) at 159
07-10 13:41:06.404   530   530 W skia    : AGTM parsing failed flags.readFromStream(s) at 159
07-10 13:41:06.420   530   530 W skia    : AGTM parsing failed flags.readFromStream(s) at 159
07-10 13:41:06.436   530   530 W skia    : AGTM parsing failed flags.readFromStream(s) at 159
07-10 13:41:06.453   530   530 W skia    : AGTM parsing failed flags.readFromStream(s) at 159
07-10 13:41:06.470   530   530 W skia    : AGTM parsing failed flags.readFromStream(s) at 159
07-10 13:41:06.477   530   579 W skia    : AGTM parsing failed flags.readFromStream(s) at 159
07-10 13:41:06.487   530   530 W skia    : AGTM parsing failed flags.readFromStream(s) at 159
07-10 13:41:06.504   530   530 W skia    : AGTM parsing failed flags.readFromStream(s) at 159
07-10 13:41:06.520   530   530 W skia    : AGTM parsing failed flags.readFromStream(s) at 159
07-10 13:41:06.537   530   530 W skia    : AGTM parsing failed flags.readFromStream(s) at 159
07-10 13:41:06.554   530   530 W skia    : AGTM parsing failed flags.readFromStream(s) at 159
07-10 13:41:06.571   530   530 W skia    : AGTM parsing failed flags.readFromStream(s) at 159
07-10 13:41:06.578   530   579 W skia    : AGTM parsing failed flags.readFromStream(s) at 159
07-10 13:41:06.587   530   530 W skia    : AGTM parsing failed flags.readFromStream(s) at 159
07-10 13:41:06.603   530   530 W skia    : AGTM parsing failed flags.readFromStream(s) at 159
07-10 13:41:06.620   530   530 W skia    : AGTM parsing failed flags.readFromStream(s) at 159
07-10 13:41:06.637   530   530 W skia    : AGTM parsing failed flags.readFromStream(s) at 159
07-10 13:41:06.654   530   530 W skia    : AGTM parsing failed flags.readFromStream(s) at 159
07-10 13:41:06.670   530   530 W skia    : AGTM parsing failed flags.readFromStream(s) at 159
07-10 13:41:06.679   530   579 W skia    : AGTM parsing failed flags.readFromStream(s) at 159
07-10 13:41:06.688   530   530 W skia    : AGTM parsing failed flags.readFromStream(s) at 159
07-10 13:41:06.704   530   530 W skia    : AGTM parsing failed flags.readFromStream(s) at 159
07-10 13:41:06.720   530   530 W skia    : AGTM parsing failed flags.readFromStream(s) at 159
07-10 13:41:06.737   530   530 W skia    : AGTM parsing failed flags.readFromStream(s) at 159
07-10 13:41:06.753   530   530 W skia    : AGTM parsing failed flags.readFromStream(s) at 159
07-10 13:41:06.771   530   530 W skia    : AGTM parsing failed flags.readFromStream(s) at 159
07-10 13:41:06.781   530   579 W skia    : AGTM parsing failed flags.readFromStream(s) at 159
07-10 13:41:06.787   530   530 W skia    : AGTM parsing failed flags.readFromStream(s) at 159
07-10 13:41:06.804   530   530 W skia    : AGTM parsing failed flags.readFromStream(s) at 159
07-10 13:41:06.821   530   530 W skia    : AGTM parsing failed flags.readFromStream(s) at 159
07-10 13:41:06.837   530   530 W skia    : AGTM parsing failed flags.readFromStream(s) at 159
07-10 13:41:06.853   530   530 W skia    : AGTM parsing failed flags.readFromStream(s) at 159
07-10 13:41:06.871   530   530 W skia    : AGTM parsing failed flags.readFromStream(s) at 159
07-10 13:41:06.882   530   579 W skia    : AGTM parsing failed flags.readFromStream(s) at 159
07-10 13:41:06.886   530   530 W skia    : AGTM parsing failed flags.readFromStream(s) at 159
07-10 13:41:06.903   530   530 W skia    : AGTM parsing failed flags.readFromStream(s) at 159
07-10 13:41:06.920   530   530 W skia    : AGTM parsing failed flags.readFromStream(s) at 159
07-10 13:41:06.938   530   530 W skia    : AGTM parsing failed flags.readFromStream(s) at 159
07-10 13:41:06.953   530   530 W skia    : AGTM parsing failed flags.readFromStream(s) at 159
07-10 13:41:06.971   530   530 W skia    : AGTM parsing failed flags.readFromStream(s) at 159
07-10 13:41:06.987   530   530 W skia    : AGTM parsing failed flags.readFromStream(s) at 159
07-10 13:41:06.992   530   579 W skia    : AGTM parsing failed flags.readFromStream(s) at 159
07-10 13:41:07.004   530   530 W skia    : AGTM parsing failed flags.readFromStream(s) at 159
07-10 13:41:07.021   530   530 W skia    : AGTM parsing failed flags.readFromStream(s) at 159
07-10 13:41:07.037   530   530 W skia    : AGTM parsing failed flags.readFromStream(s) at 159
07-10 13:41:07.054   530   530 W skia    : AGTM parsing failed flags.readFromStream(s) at 159
07-10 13:41:07.071   530   530 W skia    : AGTM parsing failed flags.readFromStream(s) at 159
07-10 13:41:07.086   530   530 W skia    : AGTM parsing failed flags.readFromStream(s) at 159
07-10 13:41:07.093   530   579 W skia    : AGTM parsing failed flags.readFromStream(s) at 159
07-10 13:41:07.103   530   530 W skia    : AGTM parsing failed flags.readFromStream(s) at 159
07-10 13:41:07.120   530   530 W skia    : AGTM parsing failed flags.readFromStream(s) at 159
07-10 13:41:07.137   530   530 W skia    : AGTM parsing failed flags.readFromStream(s) at 159
07-10 13:41:07.154   530   530 W skia    : AGTM parsing failed flags.readFromStream(s) at 159
07-10 13:41:07.170   530   530 W skia    : AGTM parsing failed flags.readFromStream(s) at 159
07-10 13:41:07.187   530   530 W skia    : AGTM parsing failed flags.readFromStream(s) at 159
07-10 13:41:07.195   530   579 W skia    : AGTM parsing failed flags.readFromStream(s) at 159
07-10 13:41:07.204   530   530 W skia    : AGTM parsing failed flags.readFromStream(s) at 159
07-10 13:41:07.220   530   530 W skia    : AGTM parsing failed flags.readFromStream(s) at 159
07-10 13:41:07.237   530   530 W skia    : AGTM parsing failed flags.readFromStream(s) at 159
07-10 13:41:07.253   530   530 W skia    : AGTM parsing failed flags.readFromStream(s) at 159
07-10 13:41:07.271   530   530 W skia    : AGTM parsing failed flags.readFromStream(s) at 159
07-10 13:41:07.287   530   530 W skia    : AGTM parsing failed flags.readFromStream(s) at 159
07-10 13:41:07.295   530   579 W skia    : AGTM parsing failed flags.readFromStream(s) at 159
07-10 13:41:07.303   530   530 W skia    : AGTM parsing failed flags.readFromStream(s) at 159
07-10 13:41:07.321   530   530 W skia    : AGTM parsing failed flags.readFromStream(s) at 159
07-10 13:41:07.337   530   530 W skia    : AGTM parsing failed flags.readFromStream(s) at 159
07-10 13:41:07.354   530   530 W skia    : AGTM parsing failed flags.readFromStream(s) at 159
07-10 13:41:07.370   530   530 W skia    : AGTM parsing failed flags.readFromStream(s) at 159
07-10 13:41:07.388   530   530 W skia    : AGTM parsing failed flags.readFromStream(s) at 159
07-10 13:41:07.397   530   579 W skia    : AGTM parsing failed flags.readFromStream(s) at 159
07-10 13:41:07.404   530   530 W skia    : AGTM parsing failed flags.readFromStream(s) at 159
07-10 13:41:07.421   530   530 W skia    : AGTM parsing failed flags.readFromStream(s) at 159
07-10 13:41:07.438   530   530 W skia    : AGTM parsing failed flags.readFromStream(s) at 159
07-10 13:41:07.455   530   530 W skia    : AGTM parsing failed flags.readFromStream(s) at 159
07-10 13:41:07.471   530   530 W skia    : AGTM parsing failed flags.readFromStream(s) at 159
07-10 13:41:07.487   530   530 W skia    : AGTM parsing failed flags.readFromStream(s) at 159
07-10 13:41:07.497   530   579 W skia    : AGTM parsing failed flags.readFromStream(s) at 159
07-10 13:41:07.503   530   530 W skia    : AGTM parsing failed flags.readFromStream(s) at 159
07-10 13:41:07.520   530   530 W skia    : AGTM parsing failed flags.readFromStream(s) at 159
07-10 13:41:07.536   530   530 W skia    : AGTM parsing failed flags.readFromStream(s) at 159
07-10 13:41:07.553   530   530 W skia    : AGTM parsing failed flags.readFromStream(s) at 159
07-10 13:41:07.571   530   530 W skia    : AGTM parsing failed flags.readFromStream(s) at 159
07-10 13:41:07.588   530   530 W skia    : AGTM parsing failed flags.readFromStream(s) at 159
07-10 13:41:07.598   530   579 W skia    : AGTM parsing failed flags.readFromStream(s) at 159
07-10 13:41:07.604   530   530 W skia    : AGTM parsing failed flags.readFromStream(s) at 159
07-10 13:41:07.608   669  1034 E WifiDataStall: Ignore this poll. newStats: null txLinkSpeedMbps: 1 rxLinkSpeedMbps: 2 rssi: -50 connectionCapabilities: com.android.server.wifi.WifiNative$ConnectionCapabilities@8d12315
07-10 13:41:07.612  1228  1411 D IpClient/wlan0: interfaceLinkStateChanged: ifindex 16 up
07-10 13:41:07.619  1228  1411 D IpClient/wlan0: interfaceLinkStateChanged: ifindex 16 up
07-10 13:41:07.620   530   530 W skia    : AGTM parsing failed flags.readFromStream(s) at 159
07-10 13:41:07.639   530   530 W skia    : AGTM parsing failed flags.readFromStream(s) at 159
07-10 13:41:07.654   530   530 W skia    : AGTM parsing failed flags.readFromStream(s) at 159
07-10 13:41:07.671   530   530 W skia    : AGTM parsing failed flags.readFromStream(s) at 159
07-10 13:41:07.687   530   530 W skia    : AGTM parsing failed flags.readFromStream(s) at 159
07-10 13:41:07.699   530   579 W skia    : AGTM parsing failed flags.readFromStream(s) at 159
07-10 13:41:07.704   530   530 W skia    : AGTM parsing failed flags.readFromStream(s) at 159
07-10 13:41:07.721   530   530 W skia    : AGTM parsing failed flags.readFromStream(s) at 159
07-10 13:41:07.737   530   530 W skia    : AGTM parsing failed flags.readFromStream(s) at 159
07-10 13:41:07.753   530   530 W skia    : AGTM parsing failed flags.readFromStream(s) at 159
07-10 13:41:07.770   530   530 W skia    : AGTM parsing failed flags.readFromStream(s) at 159
07-10 13:41:07.787   530   530 W skia    : AGTM parsing failed flags.readFromStream(s) at 159
07-10 13:41:07.800   530   579 W skia    : AGTM parsing failed flags.readFromStream(s) at 159
07-10 13:41:07.803   530   530 W skia    : AGTM parsing failed flags.readFromStream(s) at 159
07-10 13:41:07.820   530   530 W skia    : AGTM parsing failed flags.readFromStream(s) at 159
07-10 13:41:07.837   530   530 W skia    : AGTM parsing failed flags.readFromStream(s) at 159
07-10 13:41:07.855   530   530 W skia    : AGTM parsing failed flags.readFromStream(s) at 159
07-10 13:41:07.871   530   530 W skia    : AGTM parsing failed flags.readFromStream(s) at 159
07-10 13:41:07.887   530   530 W skia    : AGTM parsing failed flags.readFromStream(s) at 159
07-10 13:41:07.904   530   530 W skia    : AGTM parsing failed flags.readFromStream(s) at 159
07-10 13:41:07.908   530   579 W skia    : AGTM parsing failed flags.readFromStream(s) at 159
07-10 13:41:07.921   530   530 W skia    : AGTM parsing failed flags.readFromStream(s) at 159
07-10 13:41:07.937   530   530 W skia    : AGTM parsing failed flags.readFromStream(s) at 159
07-10 13:41:07.954   530   530 W skia    : AGTM parsing failed flags.readFromStream(s) at 159
07-10 13:41:07.971   530   530 W skia    : AGTM parsing failed flags.readFromStream(s) at 159
07-10 13:41:07.986   530   530 W skia    : AGTM parsing failed flags.readFromStream(s) at 159
07-10 13:41:08.004   530   530 W skia    : AGTM parsing failed flags.readFromStream(s) at 159
07-10 13:41:08.009   530   579 W skia    : AGTM parsing failed flags.readFromStream(s) at 159
07-10 13:41:08.020   530   530 W skia    : AGTM parsing failed flags.readFromStream(s) at 159
07-10 13:41:08.036   530   530 W skia    : AGTM parsing failed flags.readFromStream(s) at 159
07-10 13:41:08.053   530   530 W skia    : AGTM parsing failed flags.readFromStream(s) at 159
07-10 13:41:08.070   530   530 W skia    : AGTM parsing failed flags.readFromStream(s) at 159
07-10 13:41:08.087   530   530 W skia    : AGTM parsing failed flags.readFromStream(s) at 159
07-10 13:41:08.103   530   530 W skia    : AGTM parsing failed flags.readFromStream(s) at 159
07-10 13:41:08.111   530   579 W skia    : AGTM parsing failed flags.readFromStream(s) at 159
07-10 13:41:08.120   530   530 W skia    : AGTM parsing failed flags.readFromStream(s) at 159
07-10 13:41:08.136   530   530 W skia    : AGTM parsing failed flags.readFromStream(s) at 159
07-10 13:41:08.154   530   530 W skia    : AGTM parsing failed flags.readFromStream(s) at 159
07-10 13:41:08.170   530   530 W skia    : AGTM parsing failed flags.readFromStream(s) at 159
07-10 13:41:08.186   530   530 W skia    : AGTM parsing failed flags.readFromStream(s) at 159
07-10 13:41:08.203   530   530 W skia    : AGTM parsing failed flags.readFromStream(s) at 159
07-10 13:41:08.212   530   579 W skia    : AGTM parsing failed flags.readFromStream(s) at 159
07-10 13:41:08.221   530   530 W skia    : AGTM parsing failed flags.readFromStream(s) at 159
07-10 13:41:08.237   530   530 W skia    : AGTM parsing failed flags.readFromStream(s) at 159
07-10 13:41:08.254   530   530 W skia    : AGTM parsing failed flags.readFromStream(s) at 159
07-10 13:41:08.270   530   530 W skia    : AGTM parsing failed flags.readFromStream(s) at 159
07-10 13:41:08.286   530   530 W skia    : AGTM parsing failed flags.readFromStream(s) at 159
07-10 13:41:08.303   530   530 W skia    : AGTM parsing failed flags.readFromStream(s) at 159
07-10 13:41:08.313   530   579 W skia    : AGTM parsing failed flags.readFromStream(s) at 159
07-10 13:41:08.321   530   530 W skia    : AGTM parsing failed flags.readFromStream(s) at 159
07-10 13:41:08.336   530   530 W skia    : AGTM parsing failed flags.readFromStream(s) at 159
07-10 13:41:08.354   530   530 W skia    : AGTM parsing failed flags.readFromStream(s) at 159
07-10 13:41:08.370   530   530 W skia    : AGTM parsing failed flags.readFromStream(s) at 159
07-10 13:41:08.387   530   530 W skia    : AGTM parsing failed flags.readFromStream(s) at 159
07-10 13:41:08.403   530   530 W skia    : AGTM parsing failed flags.readFromStream(s) at 159
07-10 13:41:08.414   530   579 W skia    : AGTM parsing failed flags.readFromStream(s) at 159
07-10 13:41:08.420   530   530 W skia    : AGTM parsing failed flags.readFromStream(s) at 159
07-10 13:41:08.438   530   530 W skia    : AGTM parsing failed flags.readFromStream(s) at 159
07-10 13:41:08.454   530   530 W skia    : AGTM parsing failed flags.readFromStream(s) at 159
07-10 13:41:08.472   530   530 W skia    : AGTM parsing failed flags.readFromStream(s) at 159
07-10 13:41:08.487   530   530 W skia    : AGTM parsing failed flags.readFromStream(s) at 159
07-10 13:41:08.503   530   530 W skia    : AGTM parsing failed flags.readFromStream(s) at 159
07-10 13:41:08.515   530   579 W skia    : AGTM parsing failed flags.readFromStream(s) at 159
07-10 13:41:08.520   530   530 W skia    : AGTM parsing failed flags.readFromStream(s) at 159
07-10 13:41:08.536   530   530 W skia    : AGTM parsing failed flags.readFromStream(s) at 159
07-10 13:41:08.553   530   530 W skia    : AGTM parsing failed flags.readFromStream(s) at 159
07-10 13:41:08.571   530   530 W skia    : AGTM parsing failed flags.readFromStream(s) at 159
07-10 13:41:08.587   530   530 W skia    : AGTM parsing failed flags.readFromStream(s) at 159
07-10 13:41:08.604   530   530 W skia    : AGTM parsing failed flags.readFromStream(s) at 159
07-10 13:41:08.616   530   579 W skia    : AGTM parsing failed flags.readFromStream(s) at 159
07-10 13:41:08.621   530   530 W skia    : AGTM parsing failed flags.readFromStream(s) at 159
07-10 13:41:08.637   530   530 W skia    : AGTM parsing failed flags.readFromStream(s) at 159
07-10 13:41:08.653   530   530 W skia    : AGTM parsing failed flags.readFromStream(s) at 159
07-10 13:41:08.670   530   530 W skia    : AGTM parsing failed flags.readFromStream(s) at 159
07-10 13:41:08.688   530   530 W skia    : AGTM parsing failed flags.readFromStream(s) at 159
07-10 13:41:08.703   530   530 W skia    : AGTM parsing failed flags.readFromStream(s) at 159
07-10 13:41:08.720   530   530 W skia    : AGTM parsing failed flags.readFromStream(s) at 159
07-10 13:41:08.725   530   579 W skia    : AGTM parsing failed flags.readFromStream(s) at 159
07-10 13:41:08.739   530   530 W skia    : AGTM parsing failed flags.readFromStream(s) at 159
07-10 13:41:08.754   530   530 W skia    : AGTM parsing failed flags.readFromStream(s) at 159
07-10 13:41:08.770   530   530 W skia    : AGTM parsing failed flags.readFromStream(s) at 159
07-10 13:41:08.773  1802  1802 I adbd    : adbd service requested 'shell,v2,raw:dumpsys package com.google.android.gms'
07-10 13:41:08.788   530   530 W skia    : AGTM parsing failed flags.readFromStream(s) at 159
07-10 13:41:08.803   530   530 W skia    : AGTM parsing failed flags.readFromStream(s) at 159
07-10 13:41:08.820   530   530 W skia    : AGTM parsing failed flags.readFromStream(s) at 159
07-10 13:41:08.827   530   579 W skia    : AGTM parsing failed flags.readFromStream(s) at 159
07-10 13:41:08.836   530   530 W skia    : AGTM parsing failed flags.readFromStream(s) at 159
07-10 13:41:08.870   530   530 W skia    : AGTM parsing failed flags.readFromStream(s) at 159
07-10 13:41:08.887   530   530 W skia    : AGTM parsing failed flags.readFromStream(s) at 159
07-10 13:41:08.903   530   530 W skia    : AGTM parsing failed flags.readFromStream(s) at 159
07-10 13:41:08.920   530   530 W skia    : AGTM parsing failed flags.readFromStream(s) at 159
07-10 13:41:08.927   530   579 W skia    : AGTM parsing failed flags.readFromStream(s) at 159
07-10 13:41:08.933   814  1000 I artd    : GetBestInfo: odex in dalvik-cache (/data/dalvik-cache/x86_64/apex@com.google.android.gmssystem@priv-app@PrebuiltGmsCoreVic@CP31.260618.005@PrebuiltGmsCoreVic.apk@classes.dex) is kOatUpToDate with filter 'verify' executable 'false'
07-10 13:41:08.933   814  1000 I artd    : GetBestInfo: odex in dalvik-cache (/data/dalvik-cache/x86_64/apex@com.google.android.gmssystem@priv-app@PrebuiltGmsCoreVic@CP31.260618.005@PrebuiltGmsCoreVic.apk@classes.dex) is kOatUpToDate with filter 'verify' executable 'false'
07-10 13:41:08.933   814  1000 I artd    : GetBestInfo: /data/user_de/0/com.google.android.gms/app_chimera/m/00000001/CronetDynamite.apk has no usable artifacts
07-10 13:41:08.934   814  1000 I artd    : GetBestInfo: /data/user_de/0/com.google.android.gms/app_chimera/m/00000002/DynamiteLoader.apk has no usable artifacts
07-10 13:41:08.934   814  1000 I artd    : GetBestInfo: /data/user_de/0/com.google.android.gms/app_chimera/m/00000005/GoogleCertificates.apk has no usable artifacts
07-10 13:41:08.935   814  1000 I artd    : GetBestInfo: /data/user_de/0/com.google.android.gms/app_chimera/m/00000007/MeasurementDynamite.apk has no usable artifacts
07-10 13:41:08.937   530   530 W skia    : AGTM parsing failed flags.readFromStream(s) at 159
07-10 13:41:08.954   530   530 W skia    : AGTM parsing failed flags.readFromStream(s) at 159
07-10 13:41:08.970   530   530 W skia    : AGTM parsing failed flags.readFromStream(s) at 159
07-10 13:41:08.987   530   530 W skia    : AGTM parsing failed flags.readFromStream(s) at 159
07-10 13:41:09.003   530   530 W skia    : AGTM parsing failed flags.readFromStream(s) at 159
07-10 13:41:09.020   530   530 W skia    : AGTM parsing failed flags.readFromStream(s) at 159
07-10 13:41:09.028   530   579 W skia    : AGTM parsing failed flags.readFromStream(s) at 159
07-10 13:41:09.038   530   530 W skia    : AGTM parsing failed flags.readFromStream(s) at 159
07-10 13:41:09.054   530   530 W skia    : AGTM parsing failed flags.readFromStream(s) at 159
07-10 13:41:09.071   530   530 W skia    : AGTM parsing failed flags.readFromStream(s) at 159
07-10 13:41:09.087   530   530 W skia    : AGTM parsing failed flags.readFromStream(s) at 159
07-10 13:41:09.103   530   530 W skia    : AGTM parsing failed flags.readFromStream(s) at 159
07-10 13:41:09.120   530   530 W skia    : AGTM parsing failed flags.readFromStream(s) at 159
07-10 13:41:09.130   530   579 W skia    : AGTM parsing failed flags.readFromStream(s) at 159
07-10 13:41:09.136   530   530 W skia    : AGTM parsing failed flags.readFromStream(s) at 159
07-10 13:41:09.154   530   530 W skia    : AGTM parsing failed flags.readFromStream(s) at 159
07-10 13:41:09.171   530   530 W skia    : AGTM parsing failed flags.readFromStream(s) at 159
07-10 13:41:09.187   530   530 W skia    : AGTM parsing failed flags.readFromStream(s) at 159
07-10 13:41:09.204   530   530 W skia    : AGTM parsing failed flags.readFromStream(s) at 159
07-10 13:41:09.221   530   530 W skia    : AGTM parsing failed flags.readFromStream(s) at 159
07-10 13:41:09.231   530   579 W skia    : AGTM parsing failed flags.readFromStream(s) at 159
07-10 13:41:09.237   530   530 W skia    : AGTM parsing failed flags.readFromStream(s) at 159
07-10 13:41:09.253   530   530 W skia    : AGTM parsing failed flags.readFromStream(s) at 159
07-10 13:41:09.270   530   530 W skia    : AGTM parsing failed flags.readFromStream(s) at 159
07-10 13:41:09.287   530   530 W skia    : AGTM parsing failed flags.readFromStream(s) at 159
07-10 13:41:09.304   530   530 W skia    : AGTM parsing failed flags.readFromStream(s) at 159
07-10 13:41:09.321   530   530 W skia    : AGTM parsing failed flags.readFromStream(s) at 159
07-10 13:41:09.332   530   579 W skia    : AGTM parsing failed flags.readFromStream(s) at 159
07-10 13:41:09.336   530   530 W skia    : AGTM parsing failed flags.readFromStream(s) at 159
07-10 13:41:09.355   530   530 W skia    : AGTM parsing failed flags.readFromStream(s) at 159
07-10 13:41:09.370   530   530 W skia    : AGTM parsing failed flags.readFromStream(s) at 159
07-10 13:41:09.386   530   530 W skia    : AGTM parsing failed flags.readFromStream(s) at 159
07-10 13:41:09.403   530   530 W skia    : AGTM parsing failed flags.readFromStream(s) at 159
07-10 13:41:09.420   530   530 W skia    : AGTM parsing failed flags.readFromStream(s) at 159
07-10 13:41:09.437   530   530 W skia    : AGTM parsing failed flags.readFromStream(s) at 159
07-10 13:41:09.441   530   579 W skia    : AGTM parsing failed flags.readFromStream(s) at 159
07-10 13:41:09.454   530   530 W skia    : AGTM parsing failed flags.readFromStream(s) at 159
07-10 13:41:09.469   530   530 W skia    : AGTM parsing failed flags.readFromStream(s) at 159
07-10 13:41:09.487   530   530 W skia    : AGTM parsing failed flags.readFromStream(s) at 159
07-10 13:41:09.504   530   530 W skia    : AGTM parsing failed flags.readFromStream(s) at 159
07-10 13:41:09.520   530   530 W skia    : AGTM parsing failed flags.readFromStream(s) at 159
07-10 13:41:09.536   530   530 W skia    : AGTM parsing failed flags.readFromStream(s) at 159
07-10 13:41:09.543   530   579 W skia    : AGTM parsing failed flags.readFromStream(s) at 159
07-10 13:41:09.554   530   530 W skia    : AGTM parsing failed flags.readFromStream(s) at 159
07-10 13:41:09.570   530   530 W skia    : AGTM parsing failed flags.readFromStream(s) at 159
07-10 13:41:09.586   530   530 W skia    : AGTM parsing failed flags.readFromStream(s) at 159
07-10 13:41:09.603   530   530 W skia    : AGTM parsing failed flags.readFromStream(s) at 159
07-10 13:41:09.621   530   530 W skia    : AGTM parsing failed flags.readFromStream(s) at 159
07-10 13:41:09.637   530   530 W skia    : AGTM parsing failed flags.readFromStream(s) at 159
07-10 13:41:09.644   530   579 W skia    : AGTM parsing failed flags.readFromStream(s) at 159
07-10 13:41:09.654   530   530 W skia    : AGTM parsing failed flags.readFromStream(s) at 159
07-10 13:41:09.670   530   530 W skia    : AGTM parsing failed flags.readFromStream(s) at 159
07-10 13:41:09.687   530   530 W skia    : AGTM parsing failed flags.readFromStream(s) at 159
07-10 13:41:09.703   530   530 W skia    : AGTM parsing failed flags.readFromStream(s) at 159
07-10 13:41:09.720   530   530 W skia    : AGTM parsing failed flags.readFromStream(s) at 159
07-10 13:41:09.737   530   530 W skia    : AGTM parsing failed flags.readFromStream(s) at 159
07-10 13:41:09.746   530   579 W skia    : AGTM parsing failed flags.readFromStream(s) at 159
07-10 13:41:09.754   530   530 W skia    : AGTM parsing failed flags.readFromStream(s) at 159
07-10 13:41:09.771   530   530 W skia    : AGTM parsing failed flags.readFromStream(s) at 159
07-10 13:41:09.787   530   530 W skia    : AGTM parsing failed flags.readFromStream(s) at 159
07-10 13:41:09.803   530   530 W skia    : AGTM parsing failed flags.readFromStream(s) at 159
07-10 13:41:09.821   530   530 W skia    : AGTM parsing failed flags.readFromStream(s) at 159
07-10 13:41:09.838   530   530 W skia    : AGTM parsing failed flags.readFromStream(s) at 159
07-10 13:41:09.847   530   579 W skia    : AGTM parsing failed flags.readFromStream(s) at 159
07-10 13:41:09.854   530   530 W skia    : AGTM parsing failed flags.readFromStream(s) at 159
07-10 13:41:09.870   530   530 W skia    : AGTM parsing failed flags.readFromStream(s) at 159
07-10 13:41:09.887   530   530 W skia    : AGTM parsing failed flags.readFromStream(s) at 159
07-10 13:41:09.903   530   530 W skia    : AGTM parsing failed flags.readFromStream(s) at 159
07-10 13:41:09.921   530   530 W skia    : AGTM parsing failed flags.readFromStream(s) at 159
07-10 13:41:09.936   530   530 W skia    : AGTM parsing failed flags.readFromStream(s) at 159
07-10 13:41:09.949   530   579 W skia    : AGTM parsing failed flags.readFromStream(s) at 159
07-10 13:41:09.953   530   530 W skia    : AGTM parsing failed flags.readFromStream(s) at 159
07-10 13:41:09.971   530   530 W skia    : AGTM parsing failed flags.readFromStream(s) at 159
07-10 13:41:09.987   530   530 W skia    : AGTM parsing failed flags.readFromStream(s) at 159
07-10 13:41:10.004   530   530 W skia    : AGTM parsing failed flags.readFromStream(s) at 159
07-10 13:41:10.020   530   530 W skia    : AGTM parsing failed flags.readFromStream(s) at 159
07-10 13:41:10.037   530   530 W skia    : AGTM parsing failed flags.readFromStream(s) at 159
07-10 13:41:10.053   530   530 W skia    : AGTM parsing failed flags.readFromStream(s) at 159
07-10 13:41:10.058   530   579 W skia    : AGTM parsing failed flags.readFromStream(s) at 159
07-10 13:41:10.071   530   530 W skia    : AGTM parsing failed flags.readFromStream(s) at 159
07-10 13:41:10.086   530   530 W skia    : AGTM parsing failed flags.readFromStream(s) at 159
07-10 13:41:10.105   530   530 W skia    : AGTM parsing failed flags.readFromStream(s) at 159
07-10 13:41:10.120   530   530 W skia    : AGTM parsing failed flags.readFromStream(s) at 159
07-10 13:41:10.123  1134  1273 D ControlsListingControllerImpl: Subscribing callback, service count: 0
07-10 13:41:10.130  1134  1273 D ControlsListingControllerImpl: Unsubscribing callback
07-10 13:41:10.139   530   530 W skia    : AGTM parsing failed flags.readFromStream(s) at 159
07-10 13:41:10.154   530   530 W skia    : AGTM parsing failed flags.readFromStream(s) at 159
07-10 13:41:10.159   530   579 W skia    : AGTM parsing failed flags.readFromStream(s) at 159
07-10 13:41:10.170   530   530 W skia    : AGTM parsing failed flags.readFromStream(s) at 159
07-10 13:41:10.187   530   530 W skia    : AGTM parsing failed flags.readFromStream(s) at 159
07-10 13:41:10.203   530   530 W skia    : AGTM parsing failed flags.readFromStream(s) at 159
07-10 13:41:10.220   530   530 W skia    : AGTM parsing failed flags.readFromStream(s) at 159
07-10 13:41:10.237   530   530 W skia    : AGTM parsing failed flags.readFromStream(s) at 159
07-10 13:41:10.254   530   530 W skia    : AGTM parsing failed flags.readFromStream(s) at 159
07-10 13:41:10.260   530   579 W skia    : AGTM parsing failed flags.readFromStream(s) at 159
07-10 13:41:10.271   530   530 W skia    : AGTM parsing failed flags.readFromStream(s) at 159
07-10 13:41:10.287   530   530 W skia    : AGTM parsing failed flags.readFromStream(s) at 159
07-10 13:41:10.303   530   530 W skia    : AGTM parsing failed flags.readFromStream(s) at 159
07-10 13:41:10.321   530   530 W skia    : AGTM parsing failed flags.readFromStream(s) at 159
07-10 13:41:10.336   530   530 W skia    : AGTM parsing failed flags.readFromStream(s) at 159
07-10 13:41:10.353   530   530 W skia    : AGTM parsing failed flags.readFromStream(s) at 159
07-10 13:41:10.362   530   579 W skia    : AGTM parsing failed flags.readFromStream(s) at 159
07-10 13:41:10.370   530   530 W skia    : AGTM parsing failed flags.readFromStream(s) at 159
07-10 13:41:10.387   530   530 W skia    : AGTM parsing failed flags.readFromStream(s) at 159
07-10 13:41:10.404   530   530 W skia    : AGTM parsing failed flags.readFromStream(s) at 159
07-10 13:41:10.421   530   530 W skia    : AGTM parsing failed flags.readFromStream(s) at 159
07-10 13:41:10.437   530   530 W skia    : AGTM parsing failed flags.readFromStream(s) at 159
07-10 13:41:10.455   530   530 W skia    : AGTM parsing failed flags.readFromStream(s) at 159
07-10 13:41:10.463   530   579 W skia    : AGTM parsing failed flags.readFromStream(s) at 159
07-10 13:41:10.471   530   530 W skia    : AGTM parsing failed flags.readFromStream(s) at 159
07-10 13:41:10.487   530   530 W skia    : AGTM parsing failed flags.readFromStream(s) at 159
07-10 13:41:10.504   530   530 W skia    : AGTM parsing failed flags.readFromStream(s) at 159
07-10 13:41:10.521   530   530 W skia    : AGTM parsing failed flags.readFromStream(s) at 159
07-10 13:41:10.537   530   530 W skia    : AGTM parsing failed flags.readFromStream(s) at 159
07-10 13:41:10.554   530   530 W skia    : AGTM parsing failed flags.readFromStream(s) at 159
07-10 13:41:10.564   530   579 W skia    : AGTM parsing failed flags.readFromStream(s) at 159
07-10 13:41:10.571   530   530 W skia    : AGTM parsing failed flags.readFromStream(s) at 159
07-10 13:41:10.587   530   530 W skia    : AGTM parsing failed flags.readFromStream(s) at 159
07-10 13:41:10.603   530   530 W skia    : AGTM parsing failed flags.readFromStream(s) at 159
07-10 13:41:10.612   669  1034 E WifiDataStall: Ignore this poll. newStats: null txLinkSpeedMbps: 1 rxLinkSpeedMbps: 2 rssi: -50 connectionCapabilities: com.android.server.wifi.WifiNative$ConnectionCapabilities@8d12315
07-10 13:41:10.620   530   530 W skia    : AGTM parsing failed flags.readFromStream(s) at 159
07-10 13:41:10.637   530   530 W skia    : AGTM parsing failed flags.readFromStream(s) at 159
07-10 13:41:10.654   530   530 W skia    : AGTM parsing failed flags.readFromStream(s) at 159
07-10 13:41:10.665   530   579 W skia    : AGTM parsing failed flags.readFromStream(s) at 159
07-10 13:41:10.671   530   530 W skia    : AGTM parsing failed flags.readFromStream(s) at 159
07-10 13:41:10.688   530   530 W skia    : AGTM parsing failed flags.readFromStream(s) at 159
07-10 13:41:10.704   530   530 W skia    : AGTM parsing failed flags.readFromStream(s) at 159
07-10 13:41:10.721   530   530 W skia    : AGTM parsing failed flags.readFromStream(s) at 159
07-10 13:41:10.737   530   530 W skia    : AGTM parsing failed flags.readFromStream(s) at 159
07-10 13:41:10.753   530   530 W skia    : AGTM parsing failed flags.readFromStream(s) at 159
07-10 13:41:10.766   530   579 W skia    : AGTM parsing failed flags.readFromStream(s) at 159
07-10 13:41:10.771   530   530 W skia    : AGTM parsing failed flags.readFromStream(s) at 159
07-10 13:41:10.789   530   530 W skia    : AGTM parsing failed flags.readFromStream(s) at 159
07-10 13:41:10.804   530   530 W skia    : AGTM parsing failed flags.readFromStream(s) at 159
07-10 13:41:10.821   530   530 W skia    : AGTM parsing failed flags.readFromStream(s) at 159
07-10 13:41:10.837   530   530 W skia    : AGTM parsing failed flags.readFromStream(s) at 159
07-10 13:41:10.854   530   530 W skia    : AGTM parsing failed flags.readFromStream(s) at 159
07-10 13:41:10.870   530   530 W skia    : AGTM parsing failed flags.readFromStream(s) at 159
07-10 13:41:10.876   530   579 W skia    : AGTM parsing failed flags.readFromStream(s) at 159
07-10 13:41:10.886   530   530 W skia    : AGTM parsing failed flags.readFromStream(s) at 159
07-10 13:41:10.904   530   530 W skia    : AGTM parsing failed flags.readFromStream(s) at 159
07-10 13:41:10.920   530   530 W skia    : AGTM parsing failed flags.readFromStream(s) at 159
07-10 13:41:10.938   530   530 W skia    : AGTM parsing failed flags.readFromStream(s) at 159
07-10 13:41:10.954   530   530 W skia    : AGTM parsing failed flags.readFromStream(s) at 159
07-10 13:41:10.970   530   530 W skia    : AGTM parsing failed flags.readFromStream(s) at 159
07-10 13:41:10.976   530   579 W skia    : AGTM parsing failed flags.readFromStream(s) at 159
07-10 13:41:10.987   530   530 W skia    : AGTM parsing failed flags.readFromStream(s) at 159
07-10 13:41:11.003   530   530 W skia    : AGTM parsing failed flags.readFromStream(s) at 159
07-10 13:41:11.020   530   530 W skia    : AGTM parsing failed flags.readFromStream(s) at 159
07-10 13:41:11.037   530   530 W skia    : AGTM parsing failed flags.readFromStream(s) at 159
07-10 13:41:11.054   530   530 W skia    : AGTM parsing failed flags.readFromStream(s) at 159
07-10 13:41:11.070   530   530 W skia    : AGTM parsing failed flags.readFromStream(s) at 159
07-10 13:41:11.077   530   579 W skia    : AGTM parsing failed flags.readFromStream(s) at 159
07-10 13:41:11.087   530   530 W skia    : AGTM parsing failed flags.readFromStream(s) at 159
07-10 13:41:11.103   530   530 W skia    : AGTM parsing failed flags.readFromStream(s) at 159
07-10 13:41:11.104  1357  1357 I wpa_supplicant: wlan0: CTRL-EVENT-BEACON-LOSS 
07-10 13:41:11.121   530   530 W skia    : AGTM parsing failed flags.readFromStream(s) at 159
07-10 13:41:11.136   530   530 W skia    : AGTM parsing failed flags.readFromStream(s) at 159
07-10 13:41:11.153   530   530 W skia    : AGTM parsing failed flags.readFromStream(s) at 159
07-10 13:41:11.170   530   530 W skia    : AGTM parsing failed flags.readFromStream(s) at 159
07-10 13:41:11.178   530   579 W skia    : AGTM parsing failed flags.readFromStream(s) at 159
07-10 13:41:11.186   530   530 W skia    : AGTM parsing failed flags.readFromStream(s) at 159
07-10 13:41:11.203   530   530 W skia    : AGTM parsing failed flags.readFromStream(s) at 159
07-10 13:41:11.221   530   530 W skia    : AGTM parsing failed flags.readFromStream(s) at 159
07-10 13:41:11.237   530   530 W skia    : AGTM parsing failed flags.readFromStream(s) at 159
07-10 13:41:11.254   530   530 W skia    : AGTM parsing failed flags.readFromStream(s) at 159
07-10 13:41:11.270   530   530 W skia    : AGTM parsing failed flags.readFromStream(s) at 159
07-10 13:41:11.279   530   579 W skia    : AGTM parsing failed flags.readFromStream(s) at 159
07-10 13:41:11.288   530   530 W skia    : AGTM parsing failed flags.readFromStream(s) at 159
07-10 13:41:11.303   530   530 W skia    : AGTM parsing failed flags.readFromStream(s) at 159
07-10 13:41:11.321   530   530 W skia    : AGTM parsing failed flags.readFromStream(s) at 159
07-10 13:41:11.338   530   530 W skia    : AGTM parsing failed flags.readFromStream(s) at 159
07-10 13:41:11.354   530   530 W skia    : AGTM parsing failed flags.readFromStream(s) at 159
07-10 13:41:11.371   530   530 W skia    : AGTM parsing failed flags.readFromStream(s) at 159
07-10 13:41:11.377  1299  1471 E SatelliteController: isSatelliteEnabled: mIsSatelliteEnabled=null
07-10 13:41:11.377  1299  1471 D SatelliteController: isInCarrierRoamingNbIotNtn: satellite is disabled
07-10 13:41:11.377  1299  1471 D SatelliteController: getCarrierRoamingNtnConnectType: Checking connect type from PLMN config for subId: 1
07-10 13:41:11.377  1299  1471 D TelephonyConfigUpdateInstallReceiver: getConfigParser: domain=satellite
07-10 13:41:11.377  1299  1471 V SatelliteController: satelliteConfigParser is not ready
07-10 13:41:11.377  1299  1471 D SatelliteController: isSatelliteAttachSupportedViaConfigupdater: return null (satelliteConfig is null)
07-10 13:41:11.377  1299  1471 D SatelliteController: getConfigForSubId: subId= 1, config= PersistableBundle[{satellite_esos_supported_bool=false, satellite_connection_hysteresis_sec_int=180, satellite_supported_disaster_plmn_string_array=[], regional_satellite_earfcn_bundle=PersistableBundle[{}], satellite_entitlement_supported_bool=false, satellite_supported_emergency_plmn_string_array=[], satellite_configs_per_plmn_bundle=PersistableBundle[{}], satellite_sos_max_datagram_size_bytes_int=255, satellite_supported_msg_apps_string_array=[com.google.android.apps.messaging], satellite_connected_notification_throttle_millis_int=604800000, satellite_display_name_string=, satellite_roaming_p2p_sms_inactivity_timeout_sec_int=180, satellite_roaming_turn_off_session_for_emergency_call_bool=true, emergency_messaging_supported_bool=false, carrier_roaming_satellite_emergency_messaging_provider_per_country_bundle=PersistableBundle[{}], satellite_data_support_mode_int=0, carrier_roaming_ntn_connect_type_int=0, satellite_attach_supported_bool=false, carrier_roaming_satellite_emergency_messaging_redirection_destination_string=, satellite_nidd_apn_name_string=, carrier_supported_satellite_services_per_provider_bundle=PersistableBundle[{310830=[2, 3, 6]}], satellite_roaming_esos_inactivity_timeout_sec_int=300, carrier_supported_satellite_notification_hysteresis_sec_int=180, carrier_config_applied_bool=true, carrier_roaming_ntn_emergency_call_to_satellite_handover_type_int=2, carrier_roaming_satellite_default_services_int_array=[2, 3, 6], imsserviceentitlement.entitlement_server_url_string=, emergency_call_to_satellite_t911_handover_timeout_millis_int=30000, satellite_roaming_p2p_sms_supported_bool=false, carrier_config_version_string=, satellite_roaming_screen_off_inactivity_timeout_sec_int=30}]
07-10 13:41:11.377  1299  1471 D SatelliteController: isSatelliteSupportedViaCarrier: using CarrierConfig for subId=1, isAttachSupported=false
07-10 13:41:11.377  1299  1471 D SatelliteController: getSatellitePerPlmnConfiguration: invalid subId or not supported via carrier.
07-10 13:41:11.377  1299  1471 D SatelliteController: getCarrierRoamingNtnConnectType: config: null
07-10 13:41:11.377  1299  1471 D TelephonyConfigUpdateInstallReceiver: getConfigParser: domain=satellite
07-10 13:41:11.377  1299  1471 V SatelliteController: satelliteConfigParser is not ready
07-10 13:41:11.377  1299  1471 D SatelliteController: getCarrierRoamingNtnConnectTypeViaConfigUpdater: return null (satelliteConfig is null)
07-10 13:41:11.378  1299  1471 D SatelliteController: getConfigForSubId: subId= 1, config= PersistableBundle[{satellite_esos_supported_bool=false, satellite_connection_hysteresis_sec_int=180, satellite_supported_disaster_plmn_string_array=[], regional_satellite_earfcn_bundle=PersistableBundle[{}], satellite_entitlement_supported_bool=false, satellite_supported_emergency_plmn_string_array=[], satellite_configs_per_plmn_bundle=PersistableBundle[{}], satellite_sos_max_datagram_size_bytes_int=255, satellite_supported_msg_apps_string_array=[com.google.android.apps.messaging], satellite_connected_notification_throttle_millis_int=604800000, satellite_display_name_string=, satellite_roaming_p2p_sms_inactivity_timeout_sec_int=180, satellite_roaming_turn_off_session_for_emergency_call_bool=true, emergency_messaging_supported_bool=false, carrier_roaming_satellite_emergency_messaging_provider_per_country_bundle=PersistableBundle[{}], satellite_data_support_mode_int=0, carrier_roaming_ntn_connect_type_int=0, satellite_attach_supported_bool=false, carrier_roaming_satellite_emergency_messaging_redirection_destination_string=, satellite_nidd_apn_name_string=, carrier_supported_satellite_services_per_provider_bundle=PersistableBundle[{310830=[2, 3, 6]}], satellite_roaming_esos_inactivity_timeout_sec_int=300, carrier_supported_satellite_notification_hysteresis_sec_int=180, carrier_config_applied_bool=true, carrier_roaming_ntn_emergency_call_to_satellite_handover_type_int=2, carrier_roaming_satellite_default_services_int_array=[2, 3, 6], imsserviceentitlement.entitlement_server_url_string=, emergency_call_to_satellite_t911_handover_timeout_millis_int=30000, satellite_roaming_p2p_sms_supported_bool=false, carrier_config_version_string=, satellite_roaming_screen_off_inactivity_timeout_sec_int=30}]
07-10 13:41:11.378  1299  1471 D SatelliteController: getCarrierRoamingNtnConnectType: Falling back to global carrier config connect type: 0
07-10 13:41:11.378  1299  1471 D TelephonyConfigUpdateInstallReceiver: getConfigParser: domain=satellite
07-10 13:41:11.378  1299  1471 V SatelliteController: satelliteConfigParser is not ready
07-10 13:41:11.378  1299  1471 D SatelliteController: isSatelliteAttachSupportedViaConfigupdater: return null (satelliteConfig is null)
07-10 13:41:11.378  1299  1471 D SatelliteController: getConfigForSubId: subId= 1, config= PersistableBundle[{satellite_esos_supported_bool=false, satellite_connection_hysteresis_sec_int=180, satellite_supported_disaster_plmn_string_array=[], regional_satellite_earfcn_bundle=PersistableBundle[{}], satellite_entitlement_supported_bool=false, satellite_supported_emergency_plmn_string_array=[], satellite_configs_per_plmn_bundle=PersistableBundle[{}], satellite_sos_max_datagram_size_bytes_int=255, satellite_supported_msg_apps_string_array=[com.google.android.apps.messaging], satellite_connected_notification_throttle_millis_int=604800000, satellite_display_name_string=, satellite_roaming_p2p_sms_inactivity_timeout_sec_int=180, satellite_roaming_turn_off_session_for_emergency_call_bool=true, emergency_messaging_supported_bool=false, carrier_roaming_satellite_emergency_messaging_provider_per_country_bundle=PersistableBundle[{}], satellite_data_support_mode_int=0, carrier_roaming_ntn_connect_type_int=0, satellite_attach_supported_bool=false, carrier_roaming_satellite_emergency_messaging_redirection_destination_string=, satellite_nidd_apn_name_string=, carrier_supported_satellite_services_per_provider_bundle=PersistableBundle[{310830=[2, 3, 6]}], satellite_roaming_esos_inactivity_timeout_sec_int=300, carrier_supported_satellite_notification_hysteresis_sec_int=180, carrier_config_applied_bool=true, carrier_roaming_ntn_emergency_call_to_satellite_handover_type_int=2, carrier_roaming_satellite_default_services_int_array=[2, 3, 6], imsserviceentitlement.entitlement_server_url_string=, emergency_call_to_satellite_t911_handover_timeout_millis_int=30000, satellite_roaming_p2p_sms_supported_bool=false, carrier_config_version_string=, satellite_roaming_screen_off_inactivity_timeout_sec_int=30}]
07-10 13:41:11.378  1299  1471 D SatelliteController: isSatelliteSupportedViaCarrier: using CarrierConfig for subId=1, isAttachSupported=false
07-10 13:41:11.378  1299  1471 D SatelliteController: isInSatelliteModeForCarrierRoaming: subId=1, connectType=0, result=false
07-10 13:41:11.378  1299  1471 D SatelliteController: getCarrierRoamingNtnConnectType: Checking connect type from PLMN config for subId: 1
07-10 13:41:11.378  1299  1471 D TelephonyConfigUpdateInstallReceiver: getConfigParser: domain=satellite
07-10 13:41:11.378  1299  1471 V SatelliteController: satelliteConfigParser is not ready
07-10 13:41:11.378  1299  1471 D SatelliteController: isSatelliteAttachSupportedViaConfigupdater: return null (satelliteConfig is null)
07-10 13:41:11.378  1299  1471 D SatelliteController: getConfigForSubId: subId= 1, config= PersistableBundle[{satellite_esos_supported_bool=false, satellite_connection_hysteresis_sec_int=180, satellite_supported_disaster_plmn_string_array=[], regional_satellite_earfcn_bundle=PersistableBundle[{}], satellite_entitlement_supported_bool=false, satellite_supported_emergency_plmn_string_array=[], satellite_configs_per_plmn_bundle=PersistableBundle[{}], satellite_sos_max_datagram_size_bytes_int=255, satellite_supported_msg_apps_string_array=[com.google.android.apps.messaging], satellite_connected_notification_throttle_millis_int=604800000, satellite_display_name_string=, satellite_roaming_p2p_sms_inactivity_timeout_sec_int=180, satellite_roaming_turn_off_session_for_emergency_call_bool=true, emergency_messaging_supported_bool=false, carrier_roaming_satellite_emergency_messaging_provider_per_country_bundle=PersistableBundle[{}], satellite_data_support_mode_int=0, carrier_roaming_ntn_connect_type_int=0, satellite_attach_supported_bool=false, carrier_roaming_satellite_emergency_messaging_redirection_destination_string=, satellite_nidd_apn_name_string=, carrier_supported_satellite_services_per_provider_bundle=PersistableBundle[{310830=[2, 3, 6]}], satellite_roaming_esos_inactivity_timeout_sec_int=300, carrier_supported_satellite_notification_hysteresis_sec_int=180, carrier_config_applied_bool=true, carrier_roaming_ntn_emergency_call_to_satellite_handover_type_int=2, carrier_roaming_satellite_default_services_int_array=[2, 3, 6], imsserviceentitlement.entitlement_server_url_string=, emergency_call_to_satellite_t911_handover_timeout_millis_int=30000, satellite_roaming_p2p_sms_supported_bool=false, carrier_config_version_string=, satellite_roaming_screen_off_inactivity_timeout_sec_int=30}]
07-10 13:41:11.378  1299  1471 D SatelliteController: isSatelliteSupportedViaCarrier: using CarrierConfig for subId=1, isAttachSupported=false
07-10 13:41:11.378  1299  1471 D SatelliteController: getSatellitePerPlmnConfiguration: invalid subId or not supported via carrier.
07-10 13:41:11.378  1299  1471 D SatelliteController: getCarrierRoamingNtnConnectType: config: null
07-10 13:41:11.378  1299  1471 D TelephonyConfigUpdateInstallReceiver: getConfigParser: domain=satellite
07-10 13:41:11.378  1299  1471 V SatelliteController: satelliteConfigParser is not ready
07-10 13:41:11.378  1299  1471 D SatelliteController: getCarrierRoamingNtnConnectTypeViaConfigUpdater: return null (satelliteConfig is null)
07-10 13:41:11.378  1299  1471 D SatelliteController: getConfigForSubId: subId= 1, config= PersistableBundle[{satellite_esos_supported_bool=false, satellite_connection_hysteresis_sec_int=180, satellite_supported_disaster_plmn_string_array=[], regional_satellite_earfcn_bundle=PersistableBundle[{}], satellite_entitlement_supported_bool=false, satellite_supported_emergency_plmn_string_array=[], satellite_configs_per_plmn_bundle=PersistableBundle[{}], satellite_sos_max_datagram_size_bytes_int=255, satellite_supported_msg_apps_string_array=[com.google.android.apps.messaging], satellite_connected_notification_throttle_millis_int=604800000, satellite_display_name_string=, satellite_roaming_p2p_sms_inactivity_timeout_sec_int=180, satellite_roaming_turn_off_session_for_emergency_call_bool=true, emergency_messaging_supported_bool=false, carrier_roaming_satellite_emergency_messaging_provider_per_country_bundle=PersistableBundle[{}], satellite_data_support_mode_int=0, carrier_roaming_ntn_connect_type_int=0, satellite_attach_supported_bool=false, carrier_roaming_satellite_emergency_messaging_redirection_destination_string=, satellite_nidd_apn_name_string=, carrier_supported_satellite_services_per_provider_bundle=PersistableBundle[{310830=[2, 3, 6]}], satellite_roaming_esos_inactivity_timeout_sec_int=300, carrier_supported_satellite_notification_hysteresis_sec_int=180, carrier_config_applied_bool=true, carrier_roaming_ntn_emergency_call_to_satellite_handover_type_int=2, carrier_roaming_satellite_default_services_int_array=[2, 3, 6], imsserviceentitlement.entitlement_server_url_string=, emergency_call_to_satellite_t911_handover_timeout_millis_int=30000, satellite_roaming_p2p_sms_supported_bool=false, carrier_config_version_string=, satellite_roaming_screen_off_inactivity_timeout_sec_int=30}]
07-10 13:41:11.378  1299  1471 D SatelliteController: getCarrierRoamingNtnConnectType: Falling back to global carrier config connect type: 0
07-10 13:41:11.378  1299  1471 D TelephonyConfigUpdateInstallReceiver: getConfigParser: domain=satellite
07-10 13:41:11.378  1299  1471 V SatelliteController: satelliteConfigParser is not ready
07-10 13:41:11.378  1299  1471 D SatelliteController: isSatelliteAttachSupportedViaConfigupdater: return null (satelliteConfig is null)
07-10 13:41:11.378  1299  1471 D SatelliteController: getConfigForSubId: subId= 1, config= PersistableBundle[{satellite_esos_supported_bool=false, satellite_connection_hysteresis_sec_int=180, satellite_supported_disaster_plmn_string_array=[], regional_satellite_earfcn_bundle=PersistableBundle[{}], satellite_entitlement_supported_bool=false, satellite_supported_emergency_plmn_string_array=[], satellite_configs_per_plmn_bundle=PersistableBundle[{}], satellite_sos_max_datagram_size_bytes_int=255, satellite_supported_msg_apps_string_array=[com.google.android.apps.messaging], satellite_connected_notification_throttle_millis_int=604800000, satellite_display_name_string=, satellite_roaming_p2p_sms_inactivity_timeout_sec_int=180, satellite_roaming_turn_off_session_for_emergency_call_bool=true, emergency_messaging_supported_bool=false, carrier_roaming_satellite_emergency_messaging_provider_per_country_bundle=PersistableBundle[{}], satellite_data_support_mode_int=0, carrier_roaming_ntn_connect_type_int=0, satellite_attach_supported_bool=false, carrier_roaming_satellite_emergency_messaging_redirection_destination_string=, satellite_nidd_apn_name_string=, carrier_supported_satellite_services_per_provider_bundle=PersistableBundle[{310830=[2, 3, 6]}], satellite_roaming_esos_inactivity_timeout_sec_int=300, carrier_supported_satellite_notification_hysteresis_sec_int=180, carrier_config_applied_bool=true, carrier_roaming_ntn_emergency_call_to_satellite_handover_type_int=2, carrier_roaming_satellite_default_services_int_array=[2, 3, 6], imsserviceentitlement.entitlement_server_url_string=, emergency_call_to_satellite_t911_handover_timeout_millis_int=30000, satellite_roaming_p2p_sms_supported_bool=false, carrier_config_version_string=, satellite_roaming_screen_off_inactivity_timeout_sec_int=30}]
07-10 13:41:11.378  1299  1471 D SatelliteController: isSatelliteSupportedViaCarrier: using CarrierConfig for subId=1, isAttachSupported=false
07-10 13:41:11.378  1299  1471 D SatelliteController: isInSatelliteModeForCarrierRoaming: subId=1, connectType=0, result=false
07-10 13:41:11.380   530   579 W skia    : AGTM parsing failed flags.readFromStream(s) at 159
07-10 13:41:11.386   530   530 W skia    : AGTM parsing failed flags.readFromStream(s) at 159
07-10 13:41:11.404   530   530 W skia    : AGTM parsing failed flags.readFromStream(s) at 159
07-10 13:41:11.421   530   530 W skia    : AGTM parsing failed flags.readFromStream(s) at 159
07-10 13:41:11.438   530   530 W skia    : AGTM parsing failed flags.readFromStream(s) at 159
07-10 13:41:11.454   530   530 W skia    : AGTM parsing failed flags.readFromStream(s) at 159
07-10 13:41:11.470   530   530 W skia    : AGTM parsing failed flags.readFromStream(s) at 159
07-10 13:41:11.481   530   579 W skia    : AGTM parsing failed flags.readFromStream(s) at 159
07-10 13:41:11.487   530   530 W skia    : AGTM parsing failed flags.readFromStream(s) at 159
07-10 13:41:11.504   530   530 W skia    : AGTM parsing failed flags.readFromStream(s) at 159
07-10 13:41:11.520   530   530 W skia    : AGTM parsing failed flags.readFromStream(s) at 159
07-10 13:41:11.537   530   530 W skia    : AGTM parsing failed flags.readFromStream(s) at 159
07-10 13:41:11.554   530   530 W skia    : AGTM parsing failed flags.readFromStream(s) at 159
07-10 13:41:11.571   530   530 W skia    : AGTM parsing failed flags.readFromStream(s) at 159
07-10 13:41:11.583   530   579 W skia    : AGTM parsing failed flags.readFromStream(s) at 159
07-10 13:41:11.587   530   530 W skia    : AGTM parsing failed flags.readFromStream(s) at 159
07-10 13:41:11.603   530   530 W skia    : AGTM parsing failed flags.readFromStream(s) at 159
07-10 13:41:11.620   530   530 W skia    : AGTM parsing failed flags.readFromStream(s) at 159
07-10 13:41:11.636   530   530 W skia    : AGTM parsing failed flags.readFromStream(s) at 159
07-10 13:41:11.653   530   530 W skia    : AGTM parsing failed flags.readFromStream(s) at 159
07-10 13:41:11.670   530   530 W skia    : AGTM parsing failed flags.readFromStream(s) at 159
07-10 13:41:11.686   530   530 W skia    : AGTM parsing failed flags.readFromStream(s) at 159
07-10 13:41:11.693   530   579 W skia    : AGTM parsing failed flags.readFromStream(s) at 159
07-10 13:41:11.704   530   530 W skia    : AGTM parsing failed flags.readFromStream(s) at 159
07-10 13:41:11.721   530   530 W skia    : AGTM parsing failed flags.readFromStream(s) at 159
07-10 13:41:11.736   530   530 W skia    : AGTM parsing failed flags.readFromStream(s) at 159
07-10 13:41:11.753   530   530 W skia    : AGTM parsing failed flags.readFromStream(s) at 159
07-10 13:41:11.770   530   530 W skia    : AGTM parsing failed flags.readFromStream(s) at 159
07-10 13:41:11.787   530   530 W skia    : AGTM parsing failed flags.readFromStream(s) at 159
07-10 13:41:11.794   530   579 W skia    : AGTM parsing failed flags.readFromStream(s) at 159
07-10 13:41:11.804   530   530 W skia    : AGTM parsing failed flags.readFromStream(s) at 159
07-10 13:41:11.821   530   530 W skia    : AGTM parsing failed flags.readFromStream(s) at 159
07-10 13:41:11.837   530   530 W skia    : AGTM parsing failed flags.readFromStream(s) at 159
07-10 13:41:11.854   530   530 W skia    : AGTM parsing failed flags.readFromStream(s) at 159
07-10 13:41:11.870   530   530 W skia    : AGTM parsing failed flags.readFromStream(s) at 159
07-10 13:41:11.887   530   530 W skia    : AGTM parsing failed flags.readFromStream(s) at 159
07-10 13:41:11.895   530   579 W skia    : AGTM parsing failed flags.readFromStream(s) at 159
07-10 13:41:11.903   530   530 W skia    : AGTM parsing failed flags.readFromStream(s) at 159
07-10 13:41:11.921   530   530 W skia    : AGTM parsing failed flags.readFromStream(s) at 159
07-10 13:41:11.936   530   530 W skia    : AGTM parsing failed flags.readFromStream(s) at 159
07-10 13:41:11.953   530   530 W skia    : AGTM parsing failed flags.readFromStream(s) at 159
07-10 13:41:11.971   530   530 W skia    : AGTM parsing failed flags.readFromStream(s) at 159
07-10 13:41:11.987   530   530 W skia    : AGTM parsing failed flags.readFromStream(s) at 159
07-10 13:41:11.997   530   579 W skia    : AGTM parsing failed flags.readFromStream(s) at 159
07-10 13:41:12.004   530   530 W skia    : AGTM parsing failed flags.readFromStream(s) at 159
07-10 13:41:12.019   530   530 W skia    : AGTM parsing failed flags.readFromStream(s) at 159
07-10 13:41:12.036   530   530 W skia    : AGTM parsing failed flags.readFromStream(s) at 159
07-10 13:41:12.053   530   530 W skia    : AGTM parsing failed flags.readFromStream(s) at 159
07-10 13:41:12.071   530   530 W skia    : AGTM parsing failed flags.readFromStream(s) at 159
07-10 13:41:12.087   530   530 W skia    : AGTM parsing failed flags.readFromStream(s) at 159
07-10 13:41:12.099   530   579 W skia    : AGTM parsing failed flags.readFromStream(s) at 159
07-10 13:41:12.105   530   530 W skia    : AGTM parsing failed flags.readFromStream(s) at 159
07-10 13:41:12.121   530   530 W skia    : AGTM parsing failed flags.readFromStream(s) at 159
07-10 13:41:12.138   530   530 W skia    : AGTM parsing failed flags.readFromStream(s) at 159
07-10 13:41:12.153   530   530 W skia    : AGTM parsing failed flags.readFromStream(s) at 159
07-10 13:41:12.171   530   530 W skia    : AGTM parsing failed flags.readFromStream(s) at 159
07-10 13:41:12.187   530   530 W skia    : AGTM parsing failed flags.readFromStream(s) at 159
07-10 13:41:12.203   530   530 W skia    : AGTM parsing failed flags.readFromStream(s) at 159
07-10 13:41:12.208   530   579 W skia    : AGTM parsing failed flags.readFromStream(s) at 159
07-10 13:41:12.220   530   530 W skia    : AGTM parsing failed flags.readFromStream(s) at 159
07-10 13:41:12.236   530   530 W skia    : AGTM parsing failed flags.readFromStream(s) at 159
07-10 13:41:12.254   530   530 W skia    : AGTM parsing failed flags.readFromStream(s) at 159
07-10 13:41:12.269   530   530 W skia    : AGTM parsing failed flags.readFromStream(s) at 159
07-10 13:41:12.287   530   530 W skia    : AGTM parsing failed flags.readFromStream(s) at 159
07-10 13:41:12.303   530   530 W skia    : AGTM parsing failed flags.readFromStream(s) at 159
07-10 13:41:12.310   530   579 W skia    : AGTM parsing failed flags.readFromStream(s) at 159
07-10 13:41:12.321   530   530 W skia    : AGTM parsing failed flags.readFromStream(s) at 159
07-10 13:41:12.337   530   530 W skia    : AGTM parsing failed flags.readFromStream(s) at 159
07-10 13:41:12.353   530   530 W skia    : AGTM parsing failed flags.readFromStream(s) at 159
07-10 13:41:12.370   530   530 W skia    : AGTM parsing failed flags.readFromStream(s) at 159
07-10 13:41:12.386   530   530 W skia    : AGTM parsing failed flags.readFromStream(s) at 159
07-10 13:41:12.403   530   530 W skia    : AGTM parsing failed flags.readFromStream(s) at 159
07-10 13:41:12.410   530   579 W skia    : AGTM parsing failed flags.readFromStream(s) at 159
07-10 13:41:12.420   530   530 W skia    : AGTM parsing failed flags.readFromStream(s) at 159
07-10 13:41:12.436   530   530 W skia    : AGTM parsing failed flags.readFromStream(s) at 159
07-10 13:41:12.454   530   530 W skia    : AGTM parsing failed flags.readFromStream(s) at 159
07-10 13:41:12.470   530   530 W skia    : AGTM parsing failed flags.readFromStream(s) at 159
07-10 13:41:12.486   530   530 W skia    : AGTM parsing failed flags.readFromStream(s) at 159
07-10 13:41:12.504   530   530 W skia    : AGTM parsing failed flags.readFromStream(s) at 159
07-10 13:41:12.511   530   579 W skia    : AGTM parsing failed flags.readFromStream(s) at 159
07-10 13:41:12.521   530   530 W skia    : AGTM parsing failed flags.readFromStream(s) at 159
07-10 13:41:12.537   530   530 W skia    : AGTM parsing failed flags.readFromStream(s) at 159
07-10 13:41:12.553   530   530 W skia    : AGTM parsing failed flags.readFromStream(s) at 159
07-10 13:41:12.570   530   530 W skia    : AGTM parsing failed flags.readFromStream(s) at 159
07-10 13:41:12.587   530   530 W skia    : AGTM parsing failed flags.readFromStream(s) at 159
07-10 13:41:12.603   530   530 W skia    : AGTM parsing failed flags.readFromStream(s) at 159
07-10 13:41:12.612   530   579 W skia    : AGTM parsing failed flags.readFromStream(s) at 159
07-10 13:41:12.621   530   530 W skia    : AGTM parsing failed flags.readFromStream(s) at 159
07-10 13:41:12.637   530   530 W skia    : AGTM parsing failed flags.readFromStream(s) at 159
07-10 13:41:12.653   530   530 W skia    : AGTM parsing failed flags.readFromStream(s) at 159
07-10 13:41:12.671   530   530 W skia    : AGTM parsing failed flags.readFromStream(s) at 159
07-10 13:41:12.687   530   530 W skia    : AGTM parsing failed flags.readFromStream(s) at 159
07-10 13:41:12.703   530   530 W skia    : AGTM parsing failed flags.readFromStream(s) at 159
07-10 13:41:12.714   530   579 W skia    : AGTM parsing failed flags.readFromStream(s) at 159
07-10 13:41:12.720   530   530 W skia    : AGTM parsing failed flags.readFromStream(s) at 159
07-10 13:41:12.738   530   530 W skia    : AGTM parsing failed flags.readFromStream(s) at 159
07-10 13:41:12.754   530   530 W skia    : AGTM parsing failed flags.readFromStream(s) at 159
07-10 13:41:12.770   530   530 W skia    : AGTM parsing failed flags.readFromStream(s) at 159
07-10 13:41:12.786   530   530 W skia    : AGTM parsing failed flags.readFromStream(s) at 159
07-10 13:41:12.804   530   530 W skia    : AGTM parsing failed flags.readFromStream(s) at 159
07-10 13:41:12.816   530   579 W skia    : AGTM parsing failed flags.readFromStream(s) at 159
07-10 13:41:12.820   530   530 W skia    : AGTM parsing failed flags.readFromStream(s) at 159
07-10 13:41:12.837   530   530 W skia    : AGTM parsing failed flags.readFromStream(s) at 159
07-10 13:41:12.854   530   530 W skia    : AGTM parsing failed flags.readFromStream(s) at 159
07-10 13:41:12.871   530   530 W skia    : AGTM parsing failed flags.readFromStream(s) at 159
07-10 13:41:12.887   530   530 W skia    : AGTM parsing failed flags.readFromStream(s) at 159
07-10 13:41:12.903   530   530 W skia    : AGTM parsing failed flags.readFromStream(s) at 159
07-10 13:41:12.920   530   530 W skia    : AGTM parsing failed flags.readFromStream(s) at 159
07-10 13:41:12.925   530   579 W skia    : AGTM parsing failed flags.readFromStream(s) at 159
07-10 13:41:12.937   530   530 W skia    : AGTM parsing failed flags.readFromStream(s) at 159
07-10 13:41:12.954   530   530 W skia    : AGTM parsing failed flags.readFromStream(s) at 159
07-10 13:41:12.970   530   530 W skia    : AGTM parsing failed flags.readFromStream(s) at 159
07-10 13:41:12.987   530   530 W skia    : AGTM parsing failed flags.readFromStream(s) at 159
07-10 13:41:13.003   530   530 W skia    : AGTM parsing failed flags.readFromStream(s) at 159
07-10 13:41:13.020   530   530 W skia    : AGTM parsing failed flags.readFromStream(s) at 159
07-10 13:41:13.026   530   579 W skia    : AGTM parsing failed flags.readFromStream(s) at 159
07-10 13:41:13.037   530   530 W skia    : AGTM parsing failed flags.readFromStream(s) at 159
07-10 13:41:13.054   530   530 W skia    : AGTM parsing failed flags.readFromStream(s) at 159
07-10 13:41:13.070   530   530 W skia    : AGTM parsing failed flags.readFromStream(s) at 159
07-10 13:41:13.086   530   530 W skia    : AGTM parsing failed flags.readFromStream(s) at 159
07-10 13:41:13.104   530   530 W skia    : AGTM parsing failed flags.readFromStream(s) at 159
07-10 13:41:13.120   530   530 W skia    : AGTM parsing failed flags.readFromStream(s) at 159
07-10 13:41:13.127   530   579 W skia    : AGTM parsing failed flags.readFromStream(s) at 159
07-10 13:41:13.136   530   530 W skia    : AGTM parsing failed flags.readFromStream(s) at 159
07-10 13:41:13.154   530   530 W skia    : AGTM parsing failed flags.readFromStream(s) at 159
07-10 13:41:13.170   530   530 W skia    : AGTM parsing failed flags.readFromStream(s) at 159
07-10 13:41:13.187   530   530 W skia    : AGTM parsing failed flags.readFromStream(s) at 159
07-10 13:41:13.204   530   530 W skia    : AGTM parsing failed flags.readFromStream(s) at 159
07-10 13:41:13.220   530   530 W skia    : AGTM parsing failed flags.readFromStream(s) at 159
07-10 13:41:13.228   530   579 W skia    : AGTM parsing failed flags.readFromStream(s) at 159
07-10 13:41:13.237   530   530 W skia    : AGTM parsing failed flags.readFromStream(s) at 159
07-10 13:41:13.253   530   530 W skia    : AGTM parsing failed flags.readFromStream(s) at 159
07-10 13:41:13.271   530   530 W skia    : AGTM parsing failed flags.readFromStream(s) at 159
07-10 13:41:13.287   530   530 W skia    : AGTM parsing failed flags.readFromStream(s) at 159
07-10 13:41:13.303   530   530 W skia    : AGTM parsing failed flags.readFromStream(s) at 159
07-10 13:41:13.320   530   530 W skia    : AGTM parsing failed flags.readFromStream(s) at 159
07-10 13:41:13.329   530   579 W skia    : AGTM parsing failed flags.readFromStream(s) at 159
07-10 13:41:13.336   530   530 W skia    : AGTM parsing failed flags.readFromStream(s) at 159
07-10 13:41:13.353   530   530 W skia    : AGTM parsing failed flags.readFromStream(s) at 159
07-10 13:41:13.371   530   530 W skia    : AGTM parsing failed flags.readFromStream(s) at 159
07-10 13:41:13.387   530   530 W skia    : AGTM parsing failed flags.readFromStream(s) at 159
07-10 13:41:13.403   530   530 W skia    : AGTM parsing failed flags.readFromStream(s) at 159
07-10 13:41:13.420   530   530 W skia    : AGTM parsing failed flags.readFromStream(s) at 159
07-10 13:41:13.431   530   579 W skia    : AGTM parsing failed flags.readFromStream(s) at 159
07-10 13:41:13.438   530   530 W skia    : AGTM parsing failed flags.readFromStream(s) at 159
07-10 13:41:13.453   530   530 W skia    : AGTM parsing failed flags.readFromStream(s) at 159
07-10 13:41:13.470   530   530 W skia    : AGTM parsing failed flags.readFromStream(s) at 159
07-10 13:41:13.487   530   530 W skia    : AGTM parsing failed flags.readFromStream(s) at 159
07-10 13:41:13.504   530   530 W skia    : AGTM parsing failed flags.readFromStream(s) at 159
07-10 13:41:13.520   530   530 W skia    : AGTM parsing failed flags.readFromStream(s) at 159
07-10 13:41:13.532   530   579 W skia    : AGTM parsing failed flags.readFromStream(s) at 159
07-10 13:41:13.537   530   530 W skia    : AGTM parsing failed flags.readFromStream(s) at 159
07-10 13:41:13.554   530   530 W skia    : AGTM parsing failed flags.readFromStream(s) at 159
07-10 13:41:13.570   530   530 W skia    : AGTM parsing failed flags.readFromStream(s) at 159
07-10 13:41:13.588   530   530 W skia    : AGTM parsing failed flags.readFromStream(s) at 159
07-10 13:41:13.604   530   530 W skia    : AGTM parsing failed flags.readFromStream(s) at 159
07-10 13:41:13.616   669  1034 E WifiDataStall: Ignore this poll. newStats: null txLinkSpeedMbps: 1 rxLinkSpeedMbps: 2 rssi: -50 connectionCapabilities: com.android.server.wifi.WifiNative$ConnectionCapabilities@8d12315
07-10 13:41:13.620   530   530 W skia    : AGTM parsing failed flags.readFromStream(s) at 159
07-10 13:41:13.620  1228  1411 D IpClient/wlan0: interfaceLinkStateChanged: ifindex 16 up
07-10 13:41:13.621  1228  1411 D IpClient/wlan0: interfaceLinkStateChanged: ifindex 16 up
07-10 13:41:13.637   530   530 W skia    : AGTM parsing failed flags.readFromStream(s) at 159
07-10 13:41:13.644   530   579 W skia    : AGTM parsing failed flags.readFromStream(s) at 159
07-10 13:41:13.653   530   530 W skia    : AGTM parsing failed flags.readFromStream(s) at 159
07-10 13:41:13.670   530   530 W skia    : AGTM parsing failed flags.readFromStream(s) at 159
07-10 13:41:13.738   530   530 W skia    : AGTM parsing failed flags.readFromStream(s) at 159
07-10 13:41:13.747   530   579 W skia    : AGTM parsing failed flags.readFromStream(s) at 159
07-10 13:41:13.755   530   530 W skia    : AGTM parsing failed flags.readFromStream(s) at 159
07-10 13:41:13.780   530   530 W skia    : AGTM parsing failed flags.readFromStream(s) at 159
07-10 13:41:13.803   530   530 W skia    : AGTM parsing failed flags.readFromStream(s) at 159
07-10 13:41:13.820   530   530 W skia    : AGTM parsing failed flags.readFromStream(s) at 159
07-10 13:41:13.837   530   530 W skia    : AGTM parsing failed flags.readFromStream(s) at 159
07-10 13:41:13.848   530   579 W skia    : AGTM parsing failed flags.readFromStream(s) at 159
07-10 13:41:13.853   530   530 W skia    : AGTM parsing failed flags.readFromStream(s) at 159
07-10 13:41:13.870   530   530 W skia    : AGTM parsing failed flags.readFromStream(s) at 159
07-10 13:41:13.887   530   530 W skia    : AGTM parsing failed flags.readFromStream(s) at 159
07-10 13:41:13.904   530   530 W skia    : AGTM parsing failed flags.readFromStream(s) at 159
07-10 13:41:13.921   530   530 W skia    : AGTM parsing failed flags.readFromStream(s) at 159
07-10 13:41:13.937   530   530 W skia    : AGTM parsing failed flags.readFromStream(s) at 159
07-10 13:41:13.949   530   579 W skia    : AGTM parsing failed flags.readFromStream(s) at 159
07-10 13:41:13.954   530   530 W skia    : AGTM parsing failed flags.readFromStream(s) at 159
07-10 13:41:13.970   530   530 W skia    : AGTM parsing failed flags.readFromStream(s) at 159
07-10 13:41:13.986   530   530 W skia    : AGTM parsing failed flags.readFromStream(s) at 159
07-10 13:41:14.003   530   530 W skia    : AGTM parsing failed flags.readFromStream(s) at 159
07-10 13:41:14.020   530   530 W skia    : AGTM parsing failed flags.readFromStream(s) at 159
07-10 13:41:14.037   530   530 W skia    : AGTM parsing failed flags.readFromStream(s) at 159
07-10 13:41:14.054   530   530 W skia    : AGTM parsing failed flags.readFromStream(s) at 159
07-10 13:41:14.061   530   579 W skia    : AGTM parsing failed flags.readFromStream(s) at 159
07-10 13:41:14.070   530   530 W skia    : AGTM parsing failed flags.readFromStream(s) at 159
07-10 13:41:14.088   530   530 W skia    : AGTM parsing failed flags.readFromStream(s) at 159
07-10 13:41:14.103   530   530 W skia    : AGTM parsing failed flags.readFromStream(s) at 159
07-10 13:41:14.120   530   530 W skia    : AGTM parsing failed flags.readFromStream(s) at 159
07-10 13:41:14.136   530   530 W skia    : AGTM parsing failed flags.readFromStream(s) at 159
07-10 13:41:14.154   530   530 W skia    : AGTM parsing failed flags.readFromStream(s) at 159
07-10 13:41:14.162   530   579 W skia    : AGTM parsing failed flags.readFromStream(s) at 159
07-10 13:41:14.171   530   530 W skia    : AGTM parsing failed flags.readFromStream(s) at 159
07-10 13:41:14.187   530   530 W skia    : AGTM parsing failed flags.readFromStream(s) at 159
07-10 13:41:14.203   530   530 W skia    : AGTM parsing failed flags.readFromStream(s) at 159
07-10 13:41:14.220   530   530 W skia    : AGTM parsing failed flags.readFromStream(s) at 159
07-10 13:41:14.237   530   530 W skia    : AGTM parsing failed flags.readFromStream(s) at 159
07-10 13:41:14.254   530   530 W skia    : AGTM parsing failed flags.readFromStream(s) at 159
07-10 13:41:14.264   530   579 W skia    : AGTM parsing failed flags.readFromStream(s) at 159
07-10 13:41:14.271   530   530 W skia    : AGTM parsing failed flags.readFromStream(s) at 159
07-10 13:41:14.286   530   530 W skia    : AGTM parsing failed flags.readFromStream(s) at 159
07-10 13:41:14.304   530   530 W skia    : AGTM parsing failed flags.readFromStream(s) at 159
07-10 13:41:14.320   530   530 W skia    : AGTM parsing failed flags.readFromStream(s) at 159
07-10 13:41:14.337   530   530 W skia    : AGTM parsing failed flags.readFromStream(s) at 159
07-10 13:41:14.354   530   530 W skia    : AGTM parsing failed flags.readFromStream(s) at 159
07-10 13:41:14.365   530   579 W skia    : AGTM parsing failed flags.readFromStream(s) at 159
07-10 13:41:14.370   530   530 W skia    : AGTM parsing failed flags.readFromStream(s) at 159
07-10 13:41:14.387   530   530 W skia    : AGTM parsing failed flags.readFromStream(s) at 159
07-10 13:41:14.403   530   530 W skia    : AGTM parsing failed flags.readFromStream(s) at 159
07-10 13:41:14.421   530   530 W skia    : AGTM parsing failed flags.readFromStream(s) at 159
07-10 13:41:14.438   530   530 W skia    : AGTM parsing failed flags.readFromStream(s) at 159
07-10 13:41:14.454   530   530 W skia    : AGTM parsing failed flags.readFromStream(s) at 159
07-10 13:41:14.471   530   530 W skia    : AGTM parsing failed flags.readFromStream(s) at 159
07-10 13:41:14.476   530   579 W skia    : AGTM parsing failed flags.readFromStream(s) at 159
07-10 13:41:14.487   530   530 W skia    : AGTM parsing failed flags.readFromStream(s) at 159
07-10 13:41:14.504   530   530 W skia    : AGTM parsing failed flags.readFromStream(s) at 159
07-10 13:41:14.521   530   530 W skia    : AGTM parsing failed flags.readFromStream(s) at 159
07-10 13:41:14.536   530   530 W skia    : AGTM parsing failed flags.readFromStream(s) at 159
07-10 13:41:14.554   530   530 W skia    : AGTM parsing failed flags.readFromStream(s) at 159
07-10 13:41:14.571   530   530 W skia    : AGTM parsing failed flags.readFromStream(s) at 159
07-10 13:41:14.577   530   579 W skia    : AGTM parsing failed flags.readFromStream(s) at 159
07-10 13:41:14.588   530   530 W skia    : AGTM parsing failed flags.readFromStream(s) at 159
07-10 13:41:14.603   530   530 W skia    : AGTM parsing failed flags.readFromStream(s) at 159
07-10 13:41:14.621   530   530 W skia    : AGTM parsing failed flags.readFromStream(s) at 159
07-10 13:41:14.636   530   530 W skia    : AGTM parsing failed flags.readFromStream(s) at 159
07-10 13:41:14.653   530   530 W skia    : AGTM parsing failed flags.readFromStream(s) at 159
07-10 13:41:14.670   530   530 W skia    : AGTM parsing failed flags.readFromStream(s) at 159
07-10 13:41:14.679   530   579 W skia    : AGTM parsing failed flags.readFromStream(s) at 159
07-10 13:41:14.687   530   530 W skia    : AGTM parsing failed flags.readFromStream(s) at 159
07-10 13:41:14.703   530   530 W skia    : AGTM parsing failed flags.readFromStream(s) at 159
07-10 13:41:14.720   530   530 W skia    : AGTM parsing failed flags.readFromStream(s) at 159
07-10 13:41:14.736   530   530 W skia    : AGTM parsing failed flags.readFromStream(s) at 159
07-10 13:41:14.754   530   530 W skia    : AGTM parsing failed flags.readFromStream(s) at 159
07-10 13:41:14.770   530   530 W skia    : AGTM parsing failed flags.readFromStream(s) at 159
07-10 13:41:14.781   530   579 W skia    : AGTM parsing failed flags.readFromStream(s) at 159
07-10 13:41:14.787   530   530 W skia    : AGTM parsing failed flags.readFromStream(s) at 159
07-10 13:41:14.804   530   530 W skia    : AGTM parsing failed flags.readFromStream(s) at 159
07-10 13:41:14.820   530   530 W skia    : AGTM parsing failed flags.readFromStream(s) at 159
07-10 13:41:14.837   530   530 W skia    : AGTM parsing failed flags.readFromStream(s) at 159
07-10 13:41:14.854   530   530 W skia    : AGTM parsing failed flags.readFromStream(s) at 159
07-10 13:41:14.870   530   530 W skia    : AGTM parsing failed flags.readFromStream(s) at 159
07-10 13:41:14.883   530   579 W skia    : AGTM parsing failed flags.readFromStream(s) at 159
07-10 13:41:14.886   530   530 W skia    : AGTM parsing failed flags.readFromStream(s) at 159
07-10 13:41:14.903   530   530 W skia    : AGTM parsing failed flags.readFromStream(s) at 159
07-10 13:41:14.921   530   530 W skia    : AGTM parsing failed flags.readFromStream(s) at 159
07-10 13:41:14.937   530   530 W skia    : AGTM parsing failed flags.readFromStream(s) at 159
07-10 13:41:14.953   530   530 W skia    : AGTM parsing failed flags.readFromStream(s) at 159
07-10 13:41:14.970   530   530 W skia    : AGTM parsing failed flags.readFromStream(s) at 159
07-10 13:41:14.987   530   530 W skia    : AGTM parsing failed flags.readFromStream(s) at 159
07-10 13:41:14.993   530   579 W skia    : AGTM parsing failed flags.readFromStream(s) at 159
07-10 13:41:15.003   530   530 W skia    : AGTM parsing failed flags.readFromStream(s) at 159
07-10 13:41:15.020   530   530 W skia    : AGTM parsing failed flags.readFromStream(s) at 159
07-10 13:41:15.036   530   530 W skia    : AGTM parsing failed flags.readFromStream(s) at 159
07-10 13:41:15.054   530   530 W skia    : AGTM parsing failed flags.readFromStream(s) at 159
07-10 13:41:15.070   530   530 W skia    : AGTM parsing failed flags.readFromStream(s) at 159
07-10 13:41:15.087   530   530 W skia    : AGTM parsing failed flags.readFromStream(s) at 159
07-10 13:41:15.094   530   579 W skia    : AGTM parsing failed flags.readFromStream(s) at 159
07-10 13:41:15.103   530   530 W skia    : AGTM parsing failed flags.readFromStream(s) at 159
07-10 13:41:15.120   530   530 W skia    : AGTM parsing failed flags.readFromStream(s) at 159
07-10 13:41:15.137   530   530 W skia    : AGTM parsing failed flags.readFromStream(s) at 159
07-10 13:41:15.154   530   530 W skia    : AGTM parsing failed flags.readFromStream(s) at 159
07-10 13:41:15.171   530   530 W skia    : AGTM parsing failed flags.readFromStream(s) at 159
07-10 13:41:15.187   530   530 W skia    : AGTM parsing failed flags.readFromStream(s) at 159
07-10 13:41:15.195   530   579 W skia    : AGTM parsing failed flags.readFromStream(s) at 159
07-10 13:41:15.204   530   530 W skia    : AGTM parsing failed flags.readFromStream(s) at 159
07-10 13:41:15.220   530   530 W skia    : AGTM parsing failed flags.readFromStream(s) at 159
07-10 13:41:15.236   530   530 W skia    : AGTM parsing failed flags.readFromStream(s) at 159
07-10 13:41:15.240   669  1038 E Nl80211Native: getChannelsMhzForBand: Wiphy index not recorded for band 8
07-10 13:41:15.240   669  1038 E Nl80211Native: getChannelsMhzForBand: Wiphy index not recorded for band 16
07-10 13:41:15.240   669  1038 D Nl80211Native: Ignoring unsupported scan type 2
07-10 13:41:15.240   669  1038 I Nl80211Proxy: Sending Nl80211 message: GenericNetlinkMsg{ nlHeader{StructNlMsgHdr{ nlmsg_len{352}, nlmsg_type{30()}, nlmsg_flags{5(NLM_F_REQUEST|NLM_F_ACK)}, nlmsg_seq{69}, nlmsg_pid{0} }}, genNlHeader{StructGenNlMsgHdr{ command{33}, version{1}, reserved{0} }}, attributes{[StructNlAttr{ nla_len{8}, nla_type{-32723}, nla_value{04000000}, }, StructNlAttr{ nla_len{8}, nla_type{3}, nla_value{10000000}, }, StructNlAttr{ nla_len{308}, nla_type{-32724}, nla_value{080000006C09000008000100710900000800020076090000080003007B09000008000400800900000800050085090000080006008A090000080007008F0900000800080094090000080009009909000008000A009E09000008000B00A309000008000C00A809000008000D00B409000008000E003C14000008000F005014000008001000641400000800110078140000080012008C14000008001300A014000008001400B414000008001500C8140000080016007C150000080017009015000008001800A415000008001900B815000008001A00CC15000008001B00E015000008001C00F415000008001D000816000008001E001C16000008001F0030160000080020004416000008002100711600000800220085160000080023009916000008002400AD16000008002500C1160000}, }, StructNlAttr{ nla_len{8}, nla_type{158}, nla_value{00000000}, }]} }
07-10 13:41:15.241   669  1038 I Nl80211Proxy: Received NLMSG_ERROR with error 0 for message GenericNetlinkMsg{ nlHeader{StructNlMsgHdr{ nlmsg_len{352}, nlmsg_type{30()}, nlmsg_flags{5(NLM_F_REQUEST|NLM_F_ACK)}, nlmsg_seq{69}, nlmsg_pid{0} }}, genNlHeader{StructGenNlMsgHdr{ command{33}, version{1}, reserved{0} }}, attributes{[StructNlAttr{ nla_len{8}, nla_type{-32723}, nla_value{04000000}, }, StructNlAttr{ nla_len{8}, nla_type{3}, nla_value{10000000}, }, StructNlAttr{ nla_len{308}, nla_type{-32724}, nla_value{080000006C09000008000100710900000800020076090000080003007B09000008000400800900000800050085090000080006008A090000080007008F0900000800080094090000080009009909000008000A009E09000008000B00A309000008000C00A809000008000D00B409000008000E003C14000008000F005014000008001000641400000800110078140000080012008C14000008001300A014000008001400B414000008001500C8140000080016007C150000080017009015000008001800A415000008001900B815000008001A00CC15000008001B00E015000008001C00F415000008001D000816000008001E001C16000008001F0030160000080020004416000008002100711600000800220085160000080023009916000008002400AD16000008002500C1160000}, }, StructNlAttr{ nla_len{8}, nla_type{158}, nla_value{00000000}, }]} }
07-10 13:41:15.253   530   530 W skia    : AGTM parsing failed flags.readFromStream(s) at 159
07-10 13:41:15.270   530   530 W skia    : AGTM parsing failed flags.readFromStream(s) at 159
07-10 13:41:15.287   530   530 W skia    : AGTM parsing failed flags.readFromStream(s) at 159
07-10 13:41:15.295   530   579 W skia    : AGTM parsing failed flags.readFromStream(s) at 159
07-10 13:41:15.303   530   530 W skia    : AGTM parsing failed flags.readFromStream(s) at 159
07-10 13:41:15.320   530   530 W skia    : AGTM parsing failed flags.readFromStream(s) at 159
07-10 13:41:15.336   530   530 W skia    : AGTM parsing failed flags.readFromStream(s) at 159
07-10 13:41:15.354   530   530 W skia    : AGTM parsing failed flags.readFromStream(s) at 159
07-10 13:41:15.371   530   530 W skia    : AGTM parsing failed flags.readFromStream(s) at 159
07-10 13:41:15.386   530   530 W skia    : AGTM parsing failed flags.readFromStream(s) at 159
07-10 13:41:15.396   530   579 W skia    : AGTM parsing failed flags.readFromStream(s) at 159
07-10 13:41:15.403   530   530 W skia    : AGTM parsing failed flags.readFromStream(s) at 159
07-10 13:41:15.421   530   530 W skia    : AGTM parsing failed flags.readFromStream(s) at 159
07-10 13:41:15.436   530   530 W skia    : AGTM parsing failed flags.readFromStream(s) at 159
07-10 13:41:15.454   530   530 W skia    : AGTM parsing failed flags.readFromStream(s) at 159
07-10 13:41:15.470   530   530 W skia    : AGTM parsing failed flags.readFromStream(s) at 159
07-10 13:41:15.487   530   530 W skia    : AGTM parsing failed flags.readFromStream(s) at 159
07-10 13:41:15.497   530   579 W skia    : AGTM parsing failed flags.readFromStream(s) at 159
07-10 13:41:15.504   530   530 W skia    : AGTM parsing failed flags.readFromStream(s) at 159
07-10 13:41:15.520   530   530 W skia    : AGTM parsing failed flags.readFromStream(s) at 159
07-10 13:41:15.538   530   530 W skia    : AGTM parsing failed flags.readFromStream(s) at 159
07-10 13:41:15.554   530   530 W skia    : AGTM parsing failed flags.readFromStream(s) at 159
07-10 13:41:15.570   530   530 W skia    : AGTM parsing failed flags.readFromStream(s) at 159
07-10 13:41:15.586   530   530 W skia    : AGTM parsing failed flags.readFromStream(s) at 159
07-10 13:41:15.598   530   579 W skia    : AGTM parsing failed flags.readFromStream(s) at 159
07-10 13:41:15.603   530   530 W skia    : AGTM parsing failed flags.readFromStream(s) at 159
07-10 13:41:15.620   530   530 W skia    : AGTM parsing failed flags.readFromStream(s) at 159
07-10 13:41:15.636   530   530 W skia    : AGTM parsing failed flags.readFromStream(s) at 159
07-10 13:41:15.653   530   530 W skia    : AGTM parsing failed flags.readFromStream(s) at 159
07-10 13:41:15.671   530   530 W skia    : AGTM parsing failed flags.readFromStream(s) at 159
07-10 13:41:15.686   530   530 W skia    : AGTM parsing failed flags.readFromStream(s) at 159
07-10 13:41:15.704   530   530 W skia    : AGTM parsing failed flags.readFromStream(s) at 159
07-10 13:41:15.708   530   579 W skia    : AGTM parsing failed flags.readFromStream(s) at 159
07-10 13:41:15.721   530   530 W skia    : AGTM parsing failed flags.readFromStream(s) at 159
07-10 13:41:15.738   530   530 W skia    : AGTM parsing failed flags.readFromStream(s) at 159
07-10 13:41:15.754   530   530 W skia    : AGTM parsing failed flags.readFromStream(s) at 159
07-10 13:41:15.770   530   530 W skia    : AGTM parsing failed flags.readFromStream(s) at 159
07-10 13:41:15.787   530   530 W skia    : AGTM parsing failed flags.readFromStream(s) at 159
07-10 13:41:15.803   530   530 W skia    : AGTM parsing failed flags.readFromStream(s) at 159
07-10 13:41:15.810   530   579 W skia    : AGTM parsing failed flags.readFromStream(s) at 159
07-10 13:41:15.821   530   530 W skia    : AGTM parsing failed flags.readFromStream(s) at 159
07-10 13:41:15.837   530   530 W skia    : AGTM parsing failed flags.readFromStream(s) at 159
07-10 13:41:15.853   530   530 W skia    : AGTM parsing failed flags.readFromStream(s) at 159
07-10 13:41:15.870   530   530 W skia    : AGTM parsing failed flags.readFromStream(s) at 159
07-10 13:41:15.887   530   530 W skia    : AGTM parsing failed flags.readFromStream(s) at 159
07-10 13:41:15.903   530   530 W skia    : AGTM parsing failed flags.readFromStream(s) at 159
07-10 13:41:15.911   530   579 W skia    : AGTM parsing failed flags.readFromStream(s) at 159
07-10 13:41:15.921   530   530 W skia    : AGTM parsing failed flags.readFromStream(s) at 159
07-10 13:41:15.936   530   530 W skia    : AGTM parsing failed flags.readFromStream(s) at 159
07-10 13:41:15.954   530   530 W skia    : AGTM parsing failed flags.readFromStream(s) at 159
07-10 13:41:15.971   530   530 W skia    : AGTM parsing failed flags.readFromStream(s) at 159
07-10 13:41:15.987   530   530 W skia    : AGTM parsing failed flags.readFromStream(s) at 159
07-10 13:41:16.003   530   530 W skia    : AGTM parsing failed flags.readFromStream(s) at 159
07-10 13:41:16.013   530   579 W skia    : AGTM parsing failed flags.readFromStream(s) at 159
07-10 13:41:16.020   530   530 W skia    : AGTM parsing failed flags.readFromStream(s) at 159
07-10 13:41:16.037   530   530 W skia    : AGTM parsing failed flags.readFromStream(s) at 159
07-10 13:41:16.053   530   530 W skia    : AGTM parsing failed flags.readFromStream(s) at 159
07-10 13:41:16.070   530   530 W skia    : AGTM parsing failed flags.readFromStream(s) at 159
07-10 13:41:16.087   530   530 W skia    : AGTM parsing failed flags.readFromStream(s) at 159
07-10 13:41:16.103   530   530 W skia    : AGTM parsing failed flags.readFromStream(s) at 159
07-10 13:41:16.114   530   579 W skia    : AGTM parsing failed flags.readFromStream(s) at 159
07-10 13:41:16.121   530   530 W skia    : AGTM parsing failed flags.readFromStream(s) at 159
07-10 13:41:16.136   530   530 W skia    : AGTM parsing failed flags.readFromStream(s) at 159
07-10 13:41:16.154   530   530 W skia    : AGTM parsing failed flags.readFromStream(s) at 159
07-10 13:41:16.171   530   530 W skia    : AGTM parsing failed flags.readFromStream(s) at 159
07-10 13:41:16.186   530   530 W skia    : AGTM parsing failed flags.readFromStream(s) at 159
07-10 13:41:16.203   530   530 W skia    : AGTM parsing failed flags.readFromStream(s) at 159
07-10 13:41:16.215   530   579 W skia    : AGTM parsing failed flags.readFromStream(s) at 159
07-10 13:41:16.221   530   530 W skia    : AGTM parsing failed flags.readFromStream(s) at 159
07-10 13:41:16.237   530   530 W skia    : AGTM parsing failed flags.readFromStream(s) at 159
07-10 13:41:16.253   530   530 W skia    : AGTM parsing failed flags.readFromStream(s) at 159
07-10 13:41:16.271   530   530 W skia    : AGTM parsing failed flags.readFromStream(s) at 159
07-10 13:41:16.286   530   530 W skia    : AGTM parsing failed flags.readFromStream(s) at 159
07-10 13:41:16.303   530   530 W skia    : AGTM parsing failed flags.readFromStream(s) at 159
07-10 13:41:16.320   530   530 W skia    : AGTM parsing failed flags.readFromStream(s) at 159
07-10 13:41:16.324   530   579 W skia    : AGTM parsing failed flags.readFromStream(s) at 159
07-10 13:41:16.336   530   530 W skia    : AGTM parsing failed flags.readFromStream(s) at 159
07-10 13:41:16.353   530   530 W skia    : AGTM parsing failed flags.readFromStream(s) at 159
07-10 13:41:16.371   530   530 W skia    : AGTM parsing failed flags.readFromStream(s) at 159
07-10 13:41:16.386   530   530 W skia    : AGTM parsing failed flags.readFromStream(s) at 159
07-10 13:41:16.403   530   530 W skia    : AGTM parsing failed flags.readFromStream(s) at 159
07-10 13:41:16.421   530   530 W skia    : AGTM parsing failed flags.readFromStream(s) at 159
07-10 13:41:16.425   530   579 W skia    : AGTM parsing failed flags.readFromStream(s) at 159
07-10 13:41:16.437   530   530 W skia    : AGTM parsing failed flags.readFromStream(s) at 159
07-10 13:41:16.453   530   530 W skia    : AGTM parsing failed flags.readFromStream(s) at 159
07-10 13:41:16.471   530   530 W skia    : AGTM parsing failed flags.readFromStream(s) at 159
07-10 13:41:16.487   530   530 W skia    : AGTM parsing failed flags.readFromStream(s) at 159
07-10 13:41:16.504   530   530 W skia    : AGTM parsing failed flags.readFromStream(s) at 159
07-10 13:41:16.521   530   530 W skia    : AGTM parsing failed flags.readFromStream(s) at 159
07-10 13:41:16.527   530   579 W skia    : AGTM parsing failed flags.readFromStream(s) at 159
07-10 13:41:16.537   530   530 W skia    : AGTM parsing failed flags.readFromStream(s) at 159
07-10 13:41:16.555   530   530 W skia    : AGTM parsing failed flags.readFromStream(s) at 159
07-10 13:41:16.570   530   530 W skia    : AGTM parsing failed flags.readFromStream(s) at 159
07-10 13:41:16.586   530   530 W skia    : AGTM parsing failed flags.readFromStream(s) at 159
07-10 13:41:16.603   530   530 W skia    : AGTM parsing failed flags.readFromStream(s) at 159
07-10 13:41:16.620   530   530 W skia    : AGTM parsing failed flags.readFromStream(s) at 159
07-10 13:41:16.620   669  1034 E WifiDataStall: Ignore this poll. newStats: null txLinkSpeedMbps: 1 rxLinkSpeedMbps: 2 rssi: -50 connectionCapabilities: com.android.server.wifi.WifiNative$ConnectionCapabilities@8d12315
07-10 13:41:16.628   530   579 W skia    : AGTM parsing failed flags.readFromStream(s) at 159
07-10 13:41:16.636   530   530 W skia    : AGTM parsing failed flags.readFromStream(s) at 159
07-10 13:41:16.654   530   530 W skia    : AGTM parsing failed flags.readFromStream(s) at 159
07-10 13:41:16.670   530   530 W skia    : AGTM parsing failed flags.readFromStream(s) at 159
07-10 13:41:16.686   530   530 W skia    : AGTM parsing failed flags.readFromStream(s) at 159
07-10 13:41:16.703   530   530 W skia    : AGTM parsing failed flags.readFromStream(s) at 159
07-10 13:41:16.720   530   530 W skia    : AGTM parsing failed flags.readFromStream(s) at 159
07-10 13:41:16.729   530   579 W skia    : AGTM parsing failed flags.readFromStream(s) at 159
07-10 13:41:16.737   530   530 W skia    : AGTM parsing failed flags.readFromStream(s) at 159
07-10 13:41:16.754   530   530 W skia    : AGTM parsing failed flags.readFromStream(s) at 159
07-10 13:41:16.771   530   530 W skia    : AGTM parsing failed flags.readFromStream(s) at 159
07-10 13:41:16.787   530   530 W skia    : AGTM parsing failed flags.readFromStream(s) at 159
07-10 13:41:16.804   530   530 W skia    : AGTM parsing failed flags.readFromStream(s) at 159
07-10 13:41:16.821   530   530 W skia    : AGTM parsing failed flags.readFromStream(s) at 159
07-10 13:41:16.831   530   579 W skia    : AGTM parsing failed flags.readFromStream(s) at 159
07-10 13:41:16.836   530   530 W skia    : AGTM parsing failed flags.readFromStream(s) at 159
07-10 13:41:16.854   530   530 W skia    : AGTM parsing failed flags.readFromStream(s) at 159
07-10 13:41:16.870   530   530 W skia    : AGTM parsing failed flags.readFromStream(s) at 159
07-10 13:41:16.888   530   530 W skia    : AGTM parsing failed flags.readFromStream(s) at 159
07-10 13:41:16.903   530   530 W skia    : AGTM parsing failed flags.readFromStream(s) at 159
07-10 13:41:16.920   530   530 W skia    : AGTM parsing failed flags.readFromStream(s) at 159
07-10 13:41:16.932   530   579 W skia    : AGTM parsing failed flags.readFromStream(s) at 159
07-10 13:41:16.937   530   530 W skia    : AGTM parsing failed flags.readFromStream(s) at 159
07-10 13:41:16.953   530   530 W skia    : AGTM parsing failed flags.readFromStream(s) at 159
07-10 13:41:16.970   530   530 W skia    : AGTM parsing failed flags.readFromStream(s) at 159
07-10 13:41:16.986   530   530 W skia    : AGTM parsing failed flags.readFromStream(s) at 159
07-10 13:41:17.004   530   530 W skia    : AGTM parsing failed flags.readFromStream(s) at 159
07-10 13:41:17.020   530   530 W skia    : AGTM parsing failed flags.readFromStream(s) at 159
07-10 13:41:17.033   530   579 W skia    : AGTM parsing failed flags.readFromStream(s) at 159
07-10 13:41:17.036   530   530 W skia    : AGTM parsing failed flags.readFromStream(s) at 159
07-10 13:41:17.054   530   530 W skia    : AGTM parsing failed flags.readFromStream(s) at 159
07-10 13:41:17.070   530   530 W skia    : AGTM parsing failed flags.readFromStream(s) at 159
07-10 13:41:17.088   530   530 W skia    : AGTM parsing failed flags.readFromStream(s) at 159
07-10 13:41:17.103   530   530 W skia    : AGTM parsing failed flags.readFromStream(s) at 159
07-10 13:41:17.120   530   530 W skia    : AGTM parsing failed flags.readFromStream(s) at 159
07-10 13:41:17.136   530   530 W skia    : AGTM parsing failed flags.readFromStream(s) at 159
07-10 13:41:17.143   530   579 W skia    : AGTM parsing failed flags.readFromStream(s) at 159
07-10 13:41:17.153   530   530 W skia    : AGTM parsing failed flags.readFromStream(s) at 159
07-10 13:41:17.170   530   530 W skia    : AGTM parsing failed flags.readFromStream(s) at 159
07-10 13:41:17.186   530   530 W skia    : AGTM parsing failed flags.readFromStream(s) at 159
07-10 13:41:17.204   530   530 W skia    : AGTM parsing failed flags.readFromStream(s) at 159
07-10 13:41:17.220   530   530 W skia    : AGTM parsing failed flags.readFromStream(s) at 159
07-10 13:41:17.236   530   530 W skia    : AGTM parsing failed flags.readFromStream(s) at 159
07-10 13:41:17.243   530   579 W skia    : AGTM parsing failed flags.readFromStream(s) at 159
07-10 13:41:17.253   530   530 W skia    : AGTM parsing failed flags.readFromStream(s) at 159
07-10 13:41:17.270   530   530 W skia    : AGTM parsing failed flags.readFromStream(s) at 159
07-10 13:41:17.287   530   530 W skia    : AGTM parsing failed flags.readFromStream(s) at 159
07-10 13:41:17.304   530   530 W skia    : AGTM parsing failed flags.readFromStream(s) at 159
07-10 13:41:17.321   530   530 W skia    : AGTM parsing failed flags.readFromStream(s) at 159
07-10 13:41:17.337   530   530 W skia    : AGTM parsing failed flags.readFromStream(s) at 159
07-10 13:41:17.344   530   579 W skia    : AGTM parsing failed flags.readFromStream(s) at 159
07-10 13:41:17.354   530   530 W skia    : AGTM parsing failed flags.readFromStream(s) at 159
07-10 13:41:17.371   530   530 W skia    : AGTM parsing failed flags.readFromStream(s) at 159
07-10 13:41:17.387   530   530 W skia    : AGTM parsing failed flags.readFromStream(s) at 159
07-10 13:41:17.403   530   530 W skia    : AGTM parsing failed flags.readFromStream(s) at 159
07-10 13:41:17.421   530   530 W skia    : AGTM parsing failed flags.readFromStream(s) at 159
07-10 13:41:17.437   530   530 W skia    : AGTM parsing failed flags.readFromStream(s) at 159
07-10 13:41:17.445   530   579 W skia    : AGTM parsing failed flags.readFromStream(s) at 159
07-10 13:41:17.454   530   530 W skia    : AGTM parsing failed flags.readFromStream(s) at 159
07-10 13:41:17.471   530   530 W skia    : AGTM parsing failed flags.readFromStream(s) at 159
07-10 13:41:17.487   530   530 W skia    : AGTM parsing failed flags.readFromStream(s) at 159
07-10 13:41:17.503   530   530 W skia    : AGTM parsing failed flags.readFromStream(s) at 159
07-10 13:41:17.521   530   530 W skia    : AGTM parsing failed flags.readFromStream(s) at 159
07-10 13:41:17.537   530   530 W skia    : AGTM parsing failed flags.readFromStream(s) at 159
07-10 13:41:17.547   530   579 W skia    : AGTM parsing failed flags.readFromStream(s) at 159
07-10 13:41:17.554   530   530 W skia    : AGTM parsing failed flags.readFromStream(s) at 159
07-10 13:41:17.570   530   530 W skia    : AGTM parsing failed flags.readFromStream(s) at 159
07-10 13:41:17.586   530   530 W skia    : AGTM parsing failed flags.readFromStream(s) at 159
07-10 13:41:17.604   530   530 W skia    : AGTM parsing failed flags.readFromStream(s) at 159
07-10 13:41:17.620   530   530 W skia    : AGTM parsing failed flags.readFromStream(s) at 159
07-10 13:41:17.637   530   530 W skia    : AGTM parsing failed flags.readFromStream(s) at 159
07-10 13:41:17.647   530   579 W skia    : AGTM parsing failed flags.readFromStream(s) at 159
07-10 13:41:17.654   530   530 W skia    : AGTM parsing failed flags.readFromStream(s) at 159
07-10 13:41:17.670   530   530 W skia    : AGTM parsing failed flags.readFromStream(s) at 159
07-10 13:41:17.686   530   530 W skia    : AGTM parsing failed flags.readFromStream(s) at 159
07-10 13:41:17.703   530   530 W skia    : AGTM parsing failed flags.readFromStream(s) at 159
07-10 13:41:17.720   530   530 W skia    : AGTM parsing failed flags.readFromStream(s) at 159
07-10 13:41:17.737   530   530 W skia    : AGTM parsing failed flags.readFromStream(s) at 159
07-10 13:41:17.748   530   579 W skia    : AGTM parsing failed flags.readFromStream(s) at 159
07-10 13:41:17.754   530   530 W skia    : AGTM parsing failed flags.readFromStream(s) at 159
07-10 13:41:17.771   530   530 W skia    : AGTM parsing failed flags.readFromStream(s) at 159
07-10 13:41:17.787   530   530 W skia    : AGTM parsing failed flags.readFromStream(s) at 159
07-10 13:41:17.803   530   530 W skia    : AGTM parsing failed flags.readFromStream(s) at 159
07-10 13:41:17.820   530   530 W skia    : AGTM parsing failed flags.readFromStream(s) at 159
07-10 13:41:17.836   530   530 W skia    : AGTM parsing failed flags.readFromStream(s) at 159
07-10 13:41:17.849   530   579 W skia    : AGTM parsing failed flags.readFromStream(s) at 159
07-10 13:41:17.855   530   530 W skia    : AGTM parsing failed flags.readFromStream(s) at 159
07-10 13:41:17.870   530   530 W skia    : AGTM parsing failed flags.readFromStream(s) at 159
07-10 13:41:17.887   530   530 W skia    : AGTM parsing failed flags.readFromStream(s) at 159
07-10 13:41:17.904   530   530 W skia    : AGTM parsing failed flags.readFromStream(s) at 159
07-10 13:41:17.921   530   530 W skia    : AGTM parsing failed flags.readFromStream(s) at 159
07-10 13:41:17.936   530   530 W skia    : AGTM parsing failed flags.readFromStream(s) at 159
07-10 13:41:17.954   530   530 W skia    : AGTM parsing failed flags.readFromStream(s) at 159
07-10 13:41:17.959   530   579 W skia    : AGTM parsing failed flags.readFromStream(s) at 159
07-10 13:41:17.970   530   530 W skia    : AGTM parsing failed flags.readFromStream(s) at 159
07-10 13:41:17.987   530   530 W skia    : AGTM parsing failed flags.readFromStream(s) at 159
07-10 13:41:18.003   530   530 W skia    : AGTM parsing failed flags.readFromStream(s) at 159
07-10 13:41:18.021   530   530 W skia    : AGTM parsing failed flags.readFromStream(s) at 159
07-10 13:41:18.036   530   530 W skia    : AGTM parsing failed flags.readFromStream(s) at 159
07-10 13:41:18.053   530   530 W skia    : AGTM parsing failed flags.readFromStream(s) at 159
07-10 13:41:18.060   530   579 W skia    : AGTM parsing failed flags.readFromStream(s) at 159
07-10 13:41:18.071   530   530 W skia    : AGTM parsing failed flags.readFromStream(s) at 159
07-10 13:41:18.087   530   530 W skia    : AGTM parsing failed flags.readFromStream(s) at 159
07-10 13:41:18.104   530   530 W skia    : AGTM parsing failed flags.readFromStream(s) at 159
07-10 13:41:18.121   530   530 W skia    : AGTM parsing failed flags.readFromStream(s) at 159
07-10 13:41:18.137   530   530 W skia    : AGTM parsing failed flags.readFromStream(s) at 159
07-10 13:41:18.153   530   530 W skia    : AGTM parsing failed flags.readFromStream(s) at 159
07-10 13:41:18.161   530   579 W skia    : AGTM parsing failed flags.readFromStream(s) at 159
07-10 13:41:18.170   530   530 W skia    : AGTM parsing failed flags.readFromStream(s) at 159
07-10 13:41:18.186   530   530 W skia    : AGTM parsing failed flags.readFromStream(s) at 159
07-10 13:41:18.203   530   530 W skia    : AGTM parsing failed flags.readFromStream(s) at 159
07-10 13:41:18.221   530   530 W skia    : AGTM parsing failed flags.readFromStream(s) at 159
07-10 13:41:18.236   530   530 W skia    : AGTM parsing failed flags.readFromStream(s) at 159
07-10 13:41:18.254   530   530 W skia    : AGTM parsing failed flags.readFromStream(s) at 159
07-10 13:41:18.262   530   579 W skia    : AGTM parsing failed flags.readFromStream(s) at 159
07-10 13:41:18.270   530   530 W skia    : AGTM parsing failed flags.readFromStream(s) at 159
07-10 13:41:18.288   530   530 W skia    : AGTM parsing failed flags.readFromStream(s) at 159
07-10 13:41:18.304   530   530 W skia    : AGTM parsing failed flags.readFromStream(s) at 159
07-10 13:41:18.321   530   530 W skia    : AGTM parsing failed flags.readFromStream(s) at 159
07-10 13:41:18.337   530   530 W skia    : AGTM parsing failed flags.readFromStream(s) at 159
07-10 13:41:18.354   530   530 W skia    : AGTM parsing failed flags.readFromStream(s) at 159
07-10 13:41:18.363   530   579 W skia    : AGTM parsing failed flags.readFromStream(s) at 159
07-10 13:41:18.370   530   530 W skia    : AGTM parsing failed flags.readFromStream(s) at 159
07-10 13:41:18.387   530   530 W skia    : AGTM parsing failed flags.readFromStream(s) at 159
07-10 13:41:18.404   530   530 W skia    : AGTM parsing failed flags.readFromStream(s) at 159
07-10 13:41:18.420   530   530 W skia    : AGTM parsing failed flags.readFromStream(s) at 159
07-10 13:41:18.437   530   530 W skia    : AGTM parsing failed flags.readFromStream(s) at 159
07-10 13:41:18.454   530   530 W skia    : AGTM parsing failed flags.readFromStream(s) at 159
07-10 13:41:18.464   530   579 W skia    : AGTM parsing failed flags.readFromStream(s) at 159
07-10 13:41:18.470   530   530 W skia    : AGTM parsing failed flags.readFromStream(s) at 159
07-10 13:41:18.488   530   530 W skia    : AGTM parsing failed flags.readFromStream(s) at 159
07-10 13:41:18.503   530   530 W skia    : AGTM parsing failed flags.readFromStream(s) at 159
07-10 13:41:18.520   530   530 W skia    : AGTM parsing failed flags.readFromStream(s) at 159
07-10 13:41:18.536   530   530 W skia    : AGTM parsing failed flags.readFromStream(s) at 159
07-10 13:41:18.554   530   530 W skia    : AGTM parsing failed flags.readFromStream(s) at 159
07-10 13:41:18.565   530   579 W skia    : AGTM parsing failed flags.readFromStream(s) at 159
07-10 13:41:18.570   530   530 W skia    : AGTM parsing failed flags.readFromStream(s) at 159
07-10 13:41:18.588   530   530 W skia    : AGTM parsing failed flags.readFromStream(s) at 159
07-10 13:41:18.603   530   530 W skia    : AGTM parsing failed flags.readFromStream(s) at 159
07-10 13:41:18.621   530   530 W skia    : AGTM parsing failed flags.readFromStream(s) at 159
07-10 13:41:18.637   530   530 W skia    : AGTM parsing failed flags.readFromStream(s) at 159
07-10 13:41:18.654   530   530 W skia    : AGTM parsing failed flags.readFromStream(s) at 159
07-10 13:41:18.670   530   530 W skia    : AGTM parsing failed flags.readFromStream(s) at 159
07-10 13:41:18.674   530   579 W skia    : AGTM parsing failed flags.readFromStream(s) at 159
07-10 13:41:18.688   530   530 W skia    : AGTM parsing failed flags.readFromStream(s) at 159
07-10 13:41:18.703   530   530 W skia    : AGTM parsing failed flags.readFromStream(s) at 159
07-10 13:41:18.721   530   530 W skia    : AGTM parsing failed flags.readFromStream(s) at 159
07-10 13:41:18.737   530   530 W skia    : AGTM parsing failed flags.readFromStream(s) at 159
07-10 13:41:18.753   530   530 W skia    : AGTM parsing failed flags.readFromStream(s) at 159
07-10 13:41:18.770   530   530 W skia    : AGTM parsing failed flags.readFromStream(s) at 159
07-10 13:41:18.777   530   579 W skia    : AGTM parsing failed flags.readFromStream(s) at 159
07-10 13:41:18.784  1802  1802 I adbd    : adbd service requested 'shell,v2,raw:dumpsys package com.google.android.gms'
07-10 13:41:18.786   530   530 W skia    : AGTM parsing failed flags.readFromStream(s) at 159
07-10 13:41:18.804   530   530 W skia    : AGTM parsing failed flags.readFromStream(s) at 159
07-10 13:41:18.820   530   530 W skia    : AGTM parsing failed flags.readFromStream(s) at 159
07-10 13:41:18.837   530   530 W skia    : AGTM parsing failed flags.readFromStream(s) at 159
07-10 13:41:18.853   530   530 W skia    : AGTM parsing failed flags.readFromStream(s) at 159
07-10 13:41:18.870   530   530 W skia    : AGTM parsing failed flags.readFromStream(s) at 159
07-10 13:41:18.878   530   579 W skia    : AGTM parsing failed flags.readFromStream(s) at 159
07-10 13:41:18.887   530   530 W skia    : AGTM parsing failed flags.readFromStream(s) at 159
07-10 13:41:18.903   530   530 W skia    : AGTM parsing failed flags.readFromStream(s) at 159
07-10 13:41:18.920   530   530 W skia    : AGTM parsing failed flags.readFromStream(s) at 159
07-10 13:41:18.920   814  1000 I artd    : GetBestInfo: odex in dalvik-cache (/data/dalvik-cache/x86_64/apex@com.google.android.gmssystem@priv-app@PrebuiltGmsCoreVic@CP31.260618.005@PrebuiltGmsCoreVic.apk@classes.dex) is kOatUpToDate with filter 'verify' executable 'false'
07-10 13:41:18.921   814  1000 I artd    : GetBestInfo: odex in dalvik-cache (/data/dalvik-cache/x86_64/apex@com.google.android.gmssystem@priv-app@PrebuiltGmsCoreVic@CP31.260618.005@PrebuiltGmsCoreVic.apk@classes.dex) is kOatUpToDate with filter 'verify' executable 'false'
07-10 13:41:18.936   530   530 W skia    : AGTM parsing failed flags.readFromStream(s) at 159
07-10 13:41:18.941   669   682 I system_server: Background young concurrent mark compact GC freed 22MB AllocSpace bytes, 6(256KB) LOS objects, 41% free, 31MB/55MB, paused 1.355ms,25.527ms total 48.695ms
07-10 13:41:18.941   814  1000 I artd    : GetBestInfo: /data/user_de/0/com.google.android.gms/app_chimera/m/00000001/CronetDynamite.apk has no usable artifacts
07-10 13:41:18.942   814  1000 I artd    : GetBestInfo: /data/user_de/0/com.google.android.gms/app_chimera/m/00000002/DynamiteLoader.apk has no usable artifacts
07-10 13:41:18.942   814  1000 I artd    : GetBestInfo: /data/user_de/0/com.google.android.gms/app_chimera/m/00000005/GoogleCertificates.apk has no usable artifacts
07-10 13:41:18.943   814  1000 I artd    : GetBestInfo: /data/user_de/0/com.google.android.gms/app_chimera/m/00000007/MeasurementDynamite.apk has no usable artifacts
07-10 13:41:18.954   530   530 W skia    : AGTM parsing failed flags.readFromStream(s) at 159
07-10 13:41:18.971   530   530 W skia    : AGTM parsing failed flags.readFromStream(s) at 159
07-10 13:41:18.979   530   579 W skia    : AGTM parsing failed flags.readFromStream(s) at 159
07-10 13:41:18.987   530   530 W skia    : AGTM parsing failed flags.readFromStream(s) at 159
07-10 13:41:18.992   669  1034 D WifiNative: Scan result ready event
07-10 13:41:18.992   669  1038 I Nl80211Proxy: Sending Nl80211 message: GenericNetlinkMsg{ nlHeader{StructNlMsgHdr{ nlmsg_len{20}, nlmsg_type{30()}, nlmsg_flags{769(NLM_F_REQUEST|NLM_F_DUMP)}, nlmsg_seq{70}, nlmsg_pid{0} }}, genNlHeader{StructGenNlMsgHdr{ command{5}, version{1}, reserved{0} }}, attributes{[]} }
07-10 13:41:18.992   669  1038 I Nl80211Proxy: Received NLMSG_DONE for message GenericNetlinkMsg{ nlHeader{StructNlMsgHdr{ nlmsg_len{20}, nlmsg_type{30()}, nlmsg_flags{769(NLM_F_REQUEST|NLM_F_DUMP)}, nlmsg_seq{70}, nlmsg_pid{0} }}, genNlHeader{StructGenNlMsgHdr{ command{5}, version{1}, reserved{0} }}, attributes{[]} }
07-10 13:41:18.993   669  1038 W Nl80211Utils: Malformed NEW_INTERFACE response: missing attributes
07-10 13:41:18.993   669  1038 I Nl80211Proxy: Sending Nl80211 message: GenericNetlinkMsg{ nlHeader{StructNlMsgHdr{ nlmsg_len{28}, nlmsg_type{30()}, nlmsg_flags{769(NLM_F_REQUEST|NLM_F_DUMP)}, nlmsg_seq{71}, nlmsg_pid{0} }}, genNlHeader{StructGenNlMsgHdr{ command{32}, version{1}, reserved{0} }}, attributes{[StructNlAttr{ nla_len{8}, nla_type{3}, nla_value{10000000}, }]} }
07-10 13:41:18.993   669  1038 I Nl80211Proxy: Received NLMSG_DONE for message GenericNetlinkMsg{ nlHeader{StructNlMsgHdr{ nlmsg_len{28}, nlmsg_type{30()}, nlmsg_flags{769(NLM_F_REQUEST|NLM_F_DUMP)}, nlmsg_seq{71}, nlmsg_pid{0} }}, genNlHeader{StructGenNlMsgHdr{ command{32}, version{1}, reserved{0} }}, attributes{[StructNlAttr{ nla_len{8}, nla_type{3}, nla_value{10000000}, }]} }
07-10 13:41:18.993  1520  1947 I WifiScanner: onFullResults
07-10 13:41:18.997   669  1034 I HalDevMgr: bestIfaceCreationProposal is null, requestIface=STA, existingIface=[name=wlan0 type=STA]
07-10 13:41:19.003   530   530 W skia    : AGTM parsing failed flags.readFromStream(s) at 159
07-10 13:41:19.020   530   530 W skia    : AGTM parsing failed flags.readFromStream(s) at 159
07-10 13:41:19.038   530   530 W skia    : AGTM parsing failed flags.readFromStream(s) at 159
07-10 13:41:19.054   530   530 W skia    : AGTM parsing failed flags.readFromStream(s) at 159
07-10 13:41:19.071   530   530 W skia    : AGTM parsing failed flags.readFromStream(s) at 159
07-10 13:41:19.080   530   579 W skia    : AGTM parsing failed flags.readFromStream(s) at 159
07-10 13:41:19.087   530   530 W skia    : AGTM parsing failed flags.readFromStream(s) at 159
07-10 13:41:19.104   530   530 W skia    : AGTM parsing failed flags.readFromStream(s) at 159
07-10 13:41:19.120   530   530 W skia    : AGTM parsing failed flags.readFromStream(s) at 159
07-10 13:41:19.136   530   530 W skia    : AGTM parsing failed flags.readFromStream(s) at 159
07-10 13:41:19.154   530   530 W skia    : AGTM parsing failed flags.readFromStream(s) at 159
07-10 13:41:19.170   530   530 W skia    : AGTM parsing failed flags.readFromStream(s) at 159
07-10 13:41:19.180   530   579 W skia    : AGTM parsing failed flags.readFromStream(s) at 159
07-10 13:41:19.187   530   530 W skia    : AGTM parsing failed flags.readFromStream(s) at 159
07-10 13:41:19.204   530   530 W skia    : AGTM parsing failed flags.readFromStream(s) at 159
07-10 13:41:19.220   530   530 W skia    : AGTM parsing failed flags.readFromStream(s) at 159
07-10 13:41:19.238   530   530 W skia    : AGTM parsing failed flags.readFromStream(s) at 159
07-10 13:41:19.253   530   530 W skia    : AGTM parsing failed flags.readFromStream(s) at 159
07-10 13:41:19.270   530   530 W skia    : AGTM parsing failed flags.readFromStream(s) at 159
07-10 13:41:19.281   530   579 W skia    : AGTM parsing failed flags.readFromStream(s) at 159
07-10 13:41:19.286   530   530 W skia    : AGTM parsing failed flags.readFromStream(s) at 159
07-10 13:41:19.303   530   530 W skia    : AGTM parsing failed flags.readFromStream(s) at 159
07-10 13:41:19.320   530   530 W skia    : AGTM parsing failed flags.readFromStream(s) at 159
07-10 13:41:19.337   530   530 W skia    : AGTM parsing failed flags.readFromStream(s) at 159
07-10 13:41:19.354   530   530 W skia    : AGTM parsing failed flags.readFromStream(s) at 159
07-10 13:41:19.371   530   530 W skia    : AGTM parsing failed flags.readFromStream(s) at 159
07-10 13:41:19.382   530   579 W skia    : AGTM parsing failed flags.readFromStream(s) at 159
07-10 13:41:19.387   530   530 W skia    : AGTM parsing failed flags.readFromStream(s) at 159
07-10 13:41:19.403   530   530 W skia    : AGTM parsing failed flags.readFromStream(s) at 159
07-10 13:41:19.421   530   530 W skia    : AGTM parsing failed flags.readFromStream(s) at 159
07-10 13:41:19.437   530   530 W skia    : AGTM parsing failed flags.readFromStream(s) at 159
07-10 13:41:19.454   530   530 W skia    : AGTM parsing failed flags.readFromStream(s) at 159
07-10 13:41:19.470   530   530 W skia    : AGTM parsing failed flags.readFromStream(s) at 159
07-10 13:41:19.488   530   530 W skia    : AGTM parsing failed flags.readFromStream(s) at 159
07-10 13:41:19.493   530   579 W skia    : AGTM parsing failed flags.readFromStream(s) at 159
07-10 13:41:19.504   530   530 W skia    : AGTM parsing failed flags.readFromStream(s) at 159
07-10 13:41:19.520   530   530 W skia    : AGTM parsing failed flags.readFromStream(s) at 159
07-10 13:41:19.537   530   530 W skia    : AGTM parsing failed flags.readFromStream(s) at 159
07-10 13:41:19.553   530   530 W skia    : AGTM parsing failed flags.readFromStream(s) at 159
07-10 13:41:19.571   530   530 W skia    : AGTM parsing failed flags.readFromStream(s) at 159
07-10 13:41:19.586   530   530 W skia    : AGTM parsing failed flags.readFromStream(s) at 159
07-10 13:41:19.594   530   579 W skia    : AGTM parsing failed flags.readFromStream(s) at 159
07-10 13:41:19.603   530   530 W skia    : AGTM parsing failed flags.readFromStream(s) at 159
07-10 13:41:19.619   530   530 W skia    : AGTM parsing failed flags.readFromStream(s) at 159
07-10 13:41:19.622   669  1034 E WifiDataStall: Ignore this poll. newStats: null txLinkSpeedMbps: 1 rxLinkSpeedMbps: 2 rssi: -50 connectionCapabilities: com.android.server.wifi.WifiNative$ConnectionCapabilities@8d12315
07-10 13:41:19.625  1228  1411 D IpClient/wlan0: interfaceLinkStateChanged: ifindex 16 up
07-10 13:41:19.630  1228  1411 D IpClient/wlan0: interfaceLinkStateChanged: ifindex 16 up
07-10 13:41:19.638   530   530 W skia    : AGTM parsing failed flags.readFromStream(s) at 159
07-10 13:41:19.654   530   530 W skia    : AGTM parsing failed flags.readFromStream(s) at 159
07-10 13:41:19.670   530   530 W skia    : AGTM parsing failed flags.readFromStream(s) at 159
07-10 13:41:19.687   530   530 W skia    : AGTM parsing failed flags.readFromStream(s) at 159
07-10 13:41:19.694   530   579 W skia    : AGTM parsing failed flags.readFromStream(s) at 159
07-10 13:41:19.703   530   530 W skia    : AGTM parsing failed flags.readFromStream(s) at 159
07-10 13:41:19.720   530   530 W skia    : AGTM parsing failed flags.readFromStream(s) at 159
07-10 13:41:19.738   530   530 W skia    : AGTM parsing failed flags.readFromStream(s) at 159
07-10 13:41:19.754   530   530 W skia    : AGTM parsing failed flags.readFromStream(s) at 159
07-10 13:41:19.771   530   530 W skia    : AGTM parsing failed flags.readFromStream(s) at 159
07-10 13:41:19.786   530   530 W skia    : AGTM parsing failed flags.readFromStream(s) at 159
07-10 13:41:19.795   530   579 W skia    : AGTM parsing failed flags.readFromStream(s) at 159
07-10 13:41:19.803   530   530 W skia    : AGTM parsing failed flags.readFromStream(s) at 159
07-10 13:41:19.821   530   530 W skia    : AGTM parsing failed flags.readFromStream(s) at 159
07-10 13:41:19.837   530   530 W skia    : AGTM parsing failed flags.readFromStream(s) at 159
07-10 13:41:19.853   530   530 W skia    : AGTM parsing failed flags.readFromStream(s) at 159
07-10 13:41:19.871   530   530 W skia    : AGTM parsing failed flags.readFromStream(s) at 159
07-10 13:41:19.886   530   530 W skia    : AGTM parsing failed flags.readFromStream(s) at 159
07-10 13:41:19.896   530   579 W skia    : AGTM parsing failed flags.readFromStream(s) at 159
07-10 13:41:19.903   530   530 W skia    : AGTM parsing failed flags.readFromStream(s) at 159
07-10 13:41:19.920   530   530 W skia    : AGTM parsing failed flags.readFromStream(s) at 159
07-10 13:41:19.936   530   530 W skia    : AGTM parsing failed flags.readFromStream(s) at 159
07-10 13:41:19.954   530   530 W skia    : AGTM parsing failed flags.readFromStream(s) at 159
07-10 13:41:19.970   530   530 W skia    : AGTM parsing failed flags.readFromStream(s) at 159
07-10 13:41:19.987   530   530 W skia    : AGTM parsing failed flags.readFromStream(s) at 159
07-10 13:41:19.996   530   579 W skia    : AGTM parsing failed flags.readFromStream(s) at 159
07-10 13:41:20.003   530   530 W skia    : AGTM parsing failed flags.readFromStream(s) at 159
07-10 13:41:20.021   530   530 W skia    : AGTM parsing failed flags.readFromStream(s) at 159
07-10 13:41:20.039   530   530 W skia    : AGTM parsing failed flags.readFromStream(s) at 159
07-10 13:41:20.053   530   530 W skia    : AGTM parsing failed flags.readFromStream(s) at 159
07-10 13:41:20.070   530   530 W skia    : AGTM parsing failed flags.readFromStream(s) at 159
07-10 13:41:20.088   530   530 W skia    : AGTM parsing failed flags.readFromStream(s) at 159
07-10 13:41:20.098   530   579 W skia    : AGTM parsing failed flags.readFromStream(s) at 159
07-10 13:41:20.104   530   530 W skia    : AGTM parsing failed flags.readFromStream(s) at 159
07-10 13:41:20.120   530   530 W skia    : AGTM parsing failed flags.readFromStream(s) at 159
07-10 13:41:20.137   530   530 W skia    : AGTM parsing failed flags.readFromStream(s) at 159
07-10 13:41:20.153   530   530 W skia    : AGTM parsing failed flags.readFromStream(s) at 159
07-10 13:41:20.170   530   530 W skia    : AGTM parsing failed flags.readFromStream(s) at 159
07-10 13:41:20.187   530   530 W skia    : AGTM parsing failed flags.readFromStream(s) at 159
07-10 13:41:20.200   530   579 W skia    : AGTM parsing failed flags.readFromStream(s) at 159
07-10 13:41:20.204   530   530 W skia    : AGTM parsing failed flags.readFromStream(s) at 159
07-10 13:41:20.220   530   530 W skia    : AGTM parsing failed flags.readFromStream(s) at 159
07-10 13:41:20.237   530   530 W skia    : AGTM parsing failed flags.readFromStream(s) at 159
07-10 13:41:20.254   530   530 W skia    : AGTM parsing failed flags.readFromStream(s) at 159
07-10 13:41:20.271   530   530 W skia    : AGTM parsing failed flags.readFromStream(s) at 159
07-10 13:41:20.286   530   530 W skia    : AGTM parsing failed flags.readFromStream(s) at 159
07-10 13:41:20.303   530   530 W skia    : AGTM parsing failed flags.readFromStream(s) at 159
07-10 13:41:20.308   530   579 W skia    : AGTM parsing failed flags.readFromStream(s) at 159
07-10 13:41:20.320   530   530 W skia    : AGTM parsing failed flags.readFromStream(s) at 159
07-10 13:41:20.338   530   530 W skia    : AGTM parsing failed flags.readFromStream(s) at 159
07-10 13:41:20.354   530   530 W skia    : AGTM parsing failed flags.readFromStream(s) at 159
07-10 13:41:20.371   530   530 W skia    : AGTM parsing failed flags.readFromStream(s) at 159
07-10 13:41:20.387   530   530 W skia    : AGTM parsing failed flags.readFromStream(s) at 159
07-10 13:41:20.404   530   530 W skia    : AGTM parsing failed flags.readFromStream(s) at 159
07-10 13:41:20.411   530   579 W skia    : AGTM parsing failed flags.readFromStream(s) at 159
07-10 13:41:20.419   530   530 W skia    : AGTM parsing failed flags.readFromStream(s) at 159
07-10 13:41:20.437   530   530 W skia    : AGTM parsing failed flags.readFromStream(s) at 159
07-10 13:41:20.453   530   530 W skia    : AGTM parsing failed flags.readFromStream(s) at 159
07-10 13:41:20.470   530   530 W skia    : AGTM parsing failed flags.readFromStream(s) at 159
07-10 13:41:20.487   530   530 W skia    : AGTM parsing failed flags.readFromStream(s) at 159
07-10 13:41:20.504   530   530 W skia    : AGTM parsing failed flags.readFromStream(s) at 159
07-10 13:41:20.511   530   579 W skia    : AGTM parsing failed flags.readFromStream(s) at 159
07-10 13:41:20.520   530   530 W skia    : AGTM parsing failed flags.readFromStream(s) at 159
07-10 13:41:20.537   530   530 W skia    : AGTM parsing failed flags.readFromStream(s) at 159
07-10 13:41:20.554   530   530 W skia    : AGTM parsing failed flags.readFromStream(s) at 159
07-10 13:41:20.570   530   530 W skia    : AGTM parsing failed flags.readFromStream(s) at 159
07-10 13:41:20.587   530   530 W skia    : AGTM parsing failed flags.readFromStream(s) at 159
07-10 13:41:20.604   530   530 W skia    : AGTM parsing failed flags.readFromStream(s) at 159
07-10 13:41:20.612   530   579 W skia    : AGTM parsing failed flags.readFromStream(s) at 159
07-10 13:41:20.621   530   530 W skia    : AGTM parsing failed flags.readFromStream(s) at 159
07-10 13:41:20.636   530   530 W skia    : AGTM parsing failed flags.readFromStream(s) at 159
07-10 13:41:20.653   530   530 W skia    : AGTM parsing failed flags.readFromStream(s) at 159
07-10 13:41:20.670   530   530 W skia    : AGTM parsing failed flags.readFromStream(s) at 159
07-10 13:41:20.687   530   530 W skia    : AGTM parsing failed flags.readFromStream(s) at 159
07-10 13:41:20.703   530   530 W skia    : AGTM parsing failed flags.readFromStream(s) at 159
07-10 13:41:20.712   530   579 W skia    : AGTM parsing failed flags.readFromStream(s) at 159
07-10 13:41:20.720   530   530 W skia    : AGTM parsing failed flags.readFromStream(s) at 159
07-10 13:41:20.737   530   530 W skia    : AGTM parsing failed flags.readFromStream(s) at 159
07-10 13:41:20.754   530   530 W skia    : AGTM parsing failed flags.readFromStream(s) at 159
07-10 13:41:20.771   530   530 W skia    : AGTM parsing failed flags.readFromStream(s) at 159
07-10 13:41:20.787   530   530 W skia    : AGTM parsing failed flags.readFromStream(s) at 159
07-10 13:41:20.803   530   530 W skia    : AGTM parsing failed flags.readFromStream(s) at 159
07-10 13:41:20.814   530   579 W skia    : AGTM parsing failed flags.readFromStream(s) at 159
07-10 13:41:20.820   530   530 W skia    : AGTM parsing failed flags.readFromStream(s) at 159
07-10 13:41:20.837   530   530 W skia    : AGTM parsing failed flags.readFromStream(s) at 159
07-10 13:41:20.854   530   530 W skia    : AGTM parsing failed flags.readFromStream(s) at 159
07-10 13:41:20.871   530   530 W skia    : AGTM parsing failed flags.readFromStream(s) at 159
07-10 13:41:20.887   530   530 W skia    : AGTM parsing failed flags.readFromStream(s) at 159
07-10 13:41:20.904   530   530 W skia    : AGTM parsing failed flags.readFromStream(s) at 159
07-10 13:41:20.914   530   579 W skia    : AGTM parsing failed flags.readFromStream(s) at 159
07-10 13:41:20.921   530   530 W skia    : AGTM parsing failed flags.readFromStream(s) at 159
07-10 13:41:20.937   530   530 W skia    : AGTM parsing failed flags.readFromStream(s) at 159
07-10 13:41:20.954   530   530 W skia    : AGTM parsing failed flags.readFromStream(s) at 159
07-10 13:41:20.970   530   530 W skia    : AGTM parsing failed flags.readFromStream(s) at 159
07-10 13:41:20.987   530   530 W skia    : AGTM parsing failed flags.readFromStream(s) at 159
07-10 13:41:21.004   530   530 W skia    : AGTM parsing failed flags.readFromStream(s) at 159
07-10 13:41:21.015   530   579 W skia    : AGTM parsing failed flags.readFromStream(s) at 159
07-10 13:41:21.020   530   530 W skia    : AGTM parsing failed flags.readFromStream(s) at 159
07-10 13:41:21.036   530   530 W skia    : AGTM parsing failed flags.readFromStream(s) at 159
07-10 13:41:21.054   530   530 W skia    : AGTM parsing failed flags.readFromStream(s) at 159
07-10 13:41:21.071   530   530 W skia    : AGTM parsing failed flags.readFromStream(s) at 159
07-10 13:41:21.087   530   530 W skia    : AGTM parsing failed flags.readFromStream(s) at 159
07-10 13:41:21.103   530   530 W skia    : AGTM parsing failed flags.readFromStream(s) at 159
07-10 13:41:21.116   530   579 W skia    : AGTM parsing failed flags.readFromStream(s) at 159
07-10 13:41:21.121   530   530 W skia    : AGTM parsing failed flags.readFromStream(s) at 159
07-10 13:41:21.137   530   530 W skia    : AGTM parsing failed flags.readFromStream(s) at 159
07-10 13:41:21.154   530   530 W skia    : AGTM parsing failed flags.readFromStream(s) at 159
07-10 13:41:21.171   530   530 W skia    : AGTM parsing failed flags.readFromStream(s) at 159
07-10 13:41:21.187   530   530 W skia    : AGTM parsing failed flags.readFromStream(s) at 159
07-10 13:41:21.203   530   530 W skia    : AGTM parsing failed flags.readFromStream(s) at 159
07-10 13:41:21.221   530   530 W skia    : AGTM parsing failed flags.readFromStream(s) at 159
07-10 13:41:21.226   530   579 W skia    : AGTM parsing failed flags.readFromStream(s) at 159
07-10 13:41:21.236   530   530 W skia    : AGTM parsing failed flags.readFromStream(s) at 159
07-10 13:41:21.254   530   530 W skia    : AGTM parsing failed flags.readFromStream(s) at 159
07-10 13:41:21.271   530   530 W skia    : AGTM parsing failed flags.readFromStream(s) at 159
07-10 13:41:21.287   530   530 W skia    : AGTM parsing failed flags.readFromStream(s) at 159
07-10 13:41:21.304   530   530 W skia    : AGTM parsing failed flags.readFromStream(s) at 159
07-10 13:41:21.321   530   530 W skia    : AGTM parsing failed flags.readFromStream(s) at 159
07-10 13:41:21.327   530   579 W skia    : AGTM parsing failed flags.readFromStream(s) at 159
07-10 13:41:21.336   530   530 W skia    : AGTM parsing failed flags.readFromStream(s) at 159
07-10 13:41:21.354   530   530 W skia    : AGTM parsing failed flags.readFromStream(s) at 159
07-10 13:41:21.370   530   530 W skia    : AGTM parsing failed flags.readFromStream(s) at 159
07-10 13:41:21.375  1299  1471 E SatelliteController: isSatelliteEnabled: mIsSatelliteEnabled=null
07-10 13:41:21.375  1299  1471 D SatelliteController: isInCarrierRoamingNbIotNtn: satellite is disabled
07-10 13:41:21.375  1299  1471 D SatelliteController: getCarrierRoamingNtnConnectType: Checking connect type from PLMN config for subId: 1
07-10 13:41:21.375  1299  1471 D TelephonyConfigUpdateInstallReceiver: getConfigParser: domain=satellite
07-10 13:41:21.375  1299  1471 V SatelliteController: satelliteConfigParser is not ready
07-10 13:41:21.375  1299  1471 D SatelliteController: isSatelliteAttachSupportedViaConfigupdater: return null (satelliteConfig is null)
07-10 13:41:21.376  1299  1471 D SatelliteController: getConfigForSubId: subId= 1, config= PersistableBundle[{satellite_esos_supported_bool=false, satellite_connection_hysteresis_sec_int=180, satellite_supported_disaster_plmn_string_array=[], regional_satellite_earfcn_bundle=PersistableBundle[{}], satellite_entitlement_supported_bool=false, satellite_supported_emergency_plmn_string_array=[], satellite_configs_per_plmn_bundle=PersistableBundle[{}], satellite_sos_max_datagram_size_bytes_int=255, satellite_supported_msg_apps_string_array=[com.google.android.apps.messaging], satellite_connected_notification_throttle_millis_int=604800000, satellite_display_name_string=, satellite_roaming_p2p_sms_inactivity_timeout_sec_int=180, satellite_roaming_turn_off_session_for_emergency_call_bool=true, emergency_messaging_supported_bool=false, carrier_roaming_satellite_emergency_messaging_provider_per_country_bundle=PersistableBundle[{}], satellite_data_support_mode_int=0, carrier_roaming_ntn_connect_type_int=0, satellite_attach_supported_bool=false, carrier_roaming_satellite_emergency_messaging_redirection_destination_string=, satellite_nidd_apn_name_string=, carrier_supported_satellite_services_per_provider_bundle=PersistableBundle[{310830=[2, 3, 6]}], satellite_roaming_esos_inactivity_timeout_sec_int=300, carrier_supported_satellite_notification_hysteresis_sec_int=180, carrier_config_applied_bool=true, carrier_roaming_ntn_emergency_call_to_satellite_handover_type_int=2, carrier_roaming_satellite_default_services_int_array=[2, 3, 6], imsserviceentitlement.entitlement_server_url_string=, emergency_call_to_satellite_t911_handover_timeout_millis_int=30000, satellite_roaming_p2p_sms_supported_bool=false, carrier_config_version_string=, satellite_roaming_screen_off_inactivity_timeout_sec_int=30}]
07-10 13:41:21.376  1299  1471 D SatelliteController: isSatelliteSupportedViaCarrier: using CarrierConfig for subId=1, isAttachSupported=false
07-10 13:41:21.376  1299  1471 D SatelliteController: getSatellitePerPlmnConfiguration: invalid subId or not supported via carrier.
07-10 13:41:21.376  1299  1471 D SatelliteController: getCarrierRoamingNtnConnectType: config: null
07-10 13:41:21.376  1299  1471 D TelephonyConfigUpdateInstallReceiver: getConfigParser: domain=satellite
07-10 13:41:21.376  1299  1471 V SatelliteController: satelliteConfigParser is not ready
07-10 13:41:21.376  1299  1471 D SatelliteController: getCarrierRoamingNtnConnectTypeViaConfigUpdater: return null (satelliteConfig is null)
07-10 13:41:21.376  1299  1471 D SatelliteController: getConfigForSubId: subId= 1, config= PersistableBundle[{satellite_esos_supported_bool=false, satellite_connection_hysteresis_sec_int=180, satellite_supported_disaster_plmn_string_array=[], regional_satellite_earfcn_bundle=PersistableBundle[{}], satellite_entitlement_supported_bool=false, satellite_supported_emergency_plmn_string_array=[], satellite_configs_per_plmn_bundle=PersistableBundle[{}], satellite_sos_max_datagram_size_bytes_int=255, satellite_supported_msg_apps_string_array=[com.google.android.apps.messaging], satellite_connected_notification_throttle_millis_int=604800000, satellite_display_name_string=, satellite_roaming_p2p_sms_inactivity_timeout_sec_int=180, satellite_roaming_turn_off_session_for_emergency_call_bool=true, emergency_messaging_supported_bool=false, carrier_roaming_satellite_emergency_messaging_provider_per_country_bundle=PersistableBundle[{}], satellite_data_support_mode_int=0, carrier_roaming_ntn_connect_type_int=0, satellite_attach_supported_bool=false, carrier_roaming_satellite_emergency_messaging_redirection_destination_string=, satellite_nidd_apn_name_string=, carrier_supported_satellite_services_per_provider_bundle=PersistableBundle[{310830=[2, 3, 6]}], satellite_roaming_esos_inactivity_timeout_sec_int=300, carrier_supported_satellite_notification_hysteresis_sec_int=180, carrier_config_applied_bool=true, carrier_roaming_ntn_emergency_call_to_satellite_handover_type_int=2, carrier_roaming_satellite_default_services_int_array=[2, 3, 6], imsserviceentitlement.entitlement_server_url_string=, emergency_call_to_satellite_t911_handover_timeout_millis_int=30000, satellite_roaming_p2p_sms_supported_bool=false, carrier_config_version_string=, satellite_roaming_screen_off_inactivity_timeout_sec_int=30}]
07-10 13:41:21.377  1299  1471 D SatelliteController: getCarrierRoamingNtnConnectType: Falling back to global carrier config connect type: 0
07-10 13:41:21.377  1299  1471 D TelephonyConfigUpdateInstallReceiver: getConfigParser: domain=satellite
07-10 13:41:21.377  1299  1471 V SatelliteController: satelliteConfigParser is not ready
07-10 13:41:21.377  1299  1471 D SatelliteController: isSatelliteAttachSupportedViaConfigupdater: return null (satelliteConfig is null)
07-10 13:41:21.377  1299  1471 D SatelliteController: getConfigForSubId: subId= 1, config= PersistableBundle[{satellite_esos_supported_bool=false, satellite_connection_hysteresis_sec_int=180, satellite_supported_disaster_plmn_string_array=[], regional_satellite_earfcn_bundle=PersistableBundle[{}], satellite_entitlement_supported_bool=false, satellite_supported_emergency_plmn_string_array=[], satellite_configs_per_plmn_bundle=PersistableBundle[{}], satellite_sos_max_datagram_size_bytes_int=255, satellite_supported_msg_apps_string_array=[com.google.android.apps.messaging], satellite_connected_notification_throttle_millis_int=604800000, satellite_display_name_string=, satellite_roaming_p2p_sms_inactivity_timeout_sec_int=180, satellite_roaming_turn_off_session_for_emergency_call_bool=true, emergency_messaging_supported_bool=false, carrier_roaming_satellite_emergency_messaging_provider_per_country_bundle=PersistableBundle[{}], satellite_data_support_mode_int=0, carrier_roaming_ntn_connect_type_int=0, satellite_attach_supported_bool=false, carrier_roaming_satellite_emergency_messaging_redirection_destination_string=, satellite_nidd_apn_name_string=, carrier_supported_satellite_services_per_provider_bundle=PersistableBundle[{310830=[2, 3, 6]}], satellite_roaming_esos_inactivity_timeout_sec_int=300, carrier_supported_satellite_notification_hysteresis_sec_int=180, carrier_config_applied_bool=true, carrier_roaming_ntn_emergency_call_to_satellite_handover_type_int=2, carrier_roaming_satellite_default_services_int_array=[2, 3, 6], imsserviceentitlement.entitlement_server_url_string=, emergency_call_to_satellite_t911_handover_timeout_millis_int=30000, satellite_roaming_p2p_sms_supported_bool=false, carrier_config_version_string=, satellite_roaming_screen_off_inactivity_timeout_sec_int=30}]
07-10 13:41:21.377  1299  1471 D SatelliteController: isSatelliteSupportedViaCarrier: using CarrierConfig for subId=1, isAttachSupported=false
07-10 13:41:21.377  1299  1471 D SatelliteController: isInSatelliteModeForCarrierRoaming: subId=1, connectType=0, result=false
07-10 13:41:21.377  1299  1471 D SatelliteController: getCarrierRoamingNtnConnectType: Checking connect type from PLMN config for subId: 1
07-10 13:41:21.377  1299  1471 D TelephonyConfigUpdateInstallReceiver: getConfigParser: domain=satellite
07-10 13:41:21.377  1299  1471 V SatelliteController: satelliteConfigParser is not ready
07-10 13:41:21.377  1299  1471 D SatelliteController: isSatelliteAttachSupportedViaConfigupdater: return null (satelliteConfig is null)
07-10 13:41:21.377  1299  1471 D SatelliteController: getConfigForSubId: subId= 1, config= PersistableBundle[{satellite_esos_supported_bool=false, satellite_connection_hysteresis_sec_int=180, satellite_supported_disaster_plmn_string_array=[], regional_satellite_earfcn_bundle=PersistableBundle[{}], satellite_entitlement_supported_bool=false, satellite_supported_emergency_plmn_string_array=[], satellite_configs_per_plmn_bundle=PersistableBundle[{}], satellite_sos_max_datagram_size_bytes_int=255, satellite_supported_msg_apps_string_array=[com.google.android.apps.messaging], satellite_connected_notification_throttle_millis_int=604800000, satellite_display_name_string=, satellite_roaming_p2p_sms_inactivity_timeout_sec_int=180, satellite_roaming_turn_off_session_for_emergency_call_bool=true, emergency_messaging_supported_bool=false, carrier_roaming_satellite_emergency_messaging_provider_per_country_bundle=PersistableBundle[{}], satellite_data_support_mode_int=0, carrier_roaming_ntn_connect_type_int=0, satellite_attach_supported_bool=false, carrier_roaming_satellite_emergency_messaging_redirection_destination_string=, satellite_nidd_apn_name_string=, carrier_supported_satellite_services_per_provider_bundle=PersistableBundle[{310830=[2, 3, 6]}], satellite_roaming_esos_inactivity_timeout_sec_int=300, carrier_supported_satellite_notification_hysteresis_sec_int=180, carrier_config_applied_bool=true, carrier_roaming_ntn_emergency_call_to_satellite_handover_type_int=2, carrier_roaming_satellite_default_services_int_array=[2, 3, 6], imsserviceentitlement.entitlement_server_url_string=, emergency_call_to_satellite_t911_handover_timeout_millis_int=30000, satellite_roaming_p2p_sms_supported_bool=false, carrier_config_version_string=, satellite_roaming_screen_off_inactivity_timeout_sec_int=30}]
07-10 13:41:21.377  1299  1471 D SatelliteController: isSatelliteSupportedViaCarrier: using CarrierConfig for subId=1, isAttachSupported=false
07-10 13:41:21.377  1299  1471 D SatelliteController: getSatellitePerPlmnConfiguration: invalid subId or not supported via carrier.
07-10 13:41:21.377  1299  1471 D SatelliteController: getCarrierRoamingNtnConnectType: config: null
07-10 13:41:21.377  1299  1471 D TelephonyConfigUpdateInstallReceiver: getConfigParser: domain=satellite
07-10 13:41:21.377  1299  1471 V SatelliteController: satelliteConfigParser is not ready
07-10 13:41:21.377  1299  1471 D SatelliteController: getCarrierRoamingNtnConnectTypeViaConfigUpdater: return null (satelliteConfig is null)
07-10 13:41:21.377  1299  1471 D SatelliteController: getConfigForSubId: subId= 1, config= PersistableBundle[{satellite_esos_supported_bool=false, satellite_connection_hysteresis_sec_int=180, satellite_supported_disaster_plmn_string_array=[], regional_satellite_earfcn_bundle=PersistableBundle[{}], satellite_entitlement_supported_bool=false, satellite_supported_emergency_plmn_string_array=[], satellite_configs_per_plmn_bundle=PersistableBundle[{}], satellite_sos_max_datagram_size_bytes_int=255, satellite_supported_msg_apps_string_array=[com.google.android.apps.messaging], satellite_connected_notification_throttle_millis_int=604800000, satellite_display_name_string=, satellite_roaming_p2p_sms_inactivity_timeout_sec_int=180, satellite_roaming_turn_off_session_for_emergency_call_bool=true, emergency_messaging_supported_bool=false, carrier_roaming_satellite_emergency_messaging_provider_per_country_bundle=PersistableBundle[{}], satellite_data_support_mode_int=0, carrier_roaming_ntn_connect_type_int=0, satellite_attach_supported_bool=false, carrier_roaming_satellite_emergency_messaging_redirection_destination_string=, satellite_nidd_apn_name_string=, carrier_supported_satellite_services_per_provider_bundle=PersistableBundle[{310830=[2, 3, 6]}], satellite_roaming_esos_inactivity_timeout_sec_int=300, carrier_supported_satellite_notification_hysteresis_sec_int=180, carrier_config_applied_bool=true, carrier_roaming_ntn_emergency_call_to_satellite_handover_type_int=2, carrier_roaming_satellite_default_services_int_array=[2, 3, 6], imsserviceentitlement.entitlement_server_url_string=, emergency_call_to_satellite_t911_handover_timeout_millis_int=30000, satellite_roaming_p2p_sms_supported_bool=false, carrier_config_version_string=, satellite_roaming_screen_off_inactivity_timeout_sec_int=30}]
07-10 13:41:21.377  1299  1471 D SatelliteController: getCarrierRoamingNtnConnectType: Falling back to global carrier config connect type: 0
07-10 13:41:21.377  1299  1471 D TelephonyConfigUpdateInstallReceiver: getConfigParser: domain=satellite
07-10 13:41:21.377  1299  1471 V SatelliteController: satelliteConfigParser is not ready
07-10 13:41:21.377  1299  1471 D SatelliteController: isSatelliteAttachSupportedViaConfigupdater: return null (satelliteConfig is null)
07-10 13:41:21.377  1299  1471 D SatelliteController: getConfigForSubId: subId= 1, config= PersistableBundle[{satellite_esos_supported_bool=false, satellite_connection_hysteresis_sec_int=180, satellite_supported_disaster_plmn_string_array=[], regional_satellite_earfcn_bundle=PersistableBundle[{}], satellite_entitlement_supported_bool=false, satellite_supported_emergency_plmn_string_array=[], satellite_configs_per_plmn_bundle=PersistableBundle[{}], satellite_sos_max_datagram_size_bytes_int=255, satellite_supported_msg_apps_string_array=[com.google.android.apps.messaging], satellite_connected_notification_throttle_millis_int=604800000, satellite_display_name_string=, satellite_roaming_p2p_sms_inactivity_timeout_sec_int=180, satellite_roaming_turn_off_session_for_emergency_call_bool=true, emergency_messaging_supported_bool=false, carrier_roaming_satellite_emergency_messaging_provider_per_country_bundle=PersistableBundle[{}], satellite_data_support_mode_int=0, carrier_roaming_ntn_connect_type_int=0, satellite_attach_supported_bool=false, carrier_roaming_satellite_emergency_messaging_redirection_destination_string=, satellite_nidd_apn_name_string=, carrier_supported_satellite_services_per_provider_bundle=PersistableBundle[{310830=[2, 3, 6]}], satellite_roaming_esos_inactivity_timeout_sec_int=300, carrier_supported_satellite_notification_hysteresis_sec_int=180, carrier_config_applied_bool=true, carrier_roaming_ntn_emergency_call_to_satellite_handover_type_int=2, carrier_roaming_satellite_default_services_int_array=[2, 3, 6], imsserviceentitlement.entitlement_server_url_string=, emergency_call_to_satellite_t911_handover_timeout_millis_int=30000, satellite_roaming_p2p_sms_supported_bool=false, carrier_config_version_string=, satellite_roaming_screen_off_inactivity_timeout_sec_int=30}]
07-10 13:41:21.378  1299  1471 D SatelliteController: isSatelliteSupportedViaCarrier: using CarrierConfig for subId=1, isAttachSupported=false
07-10 13:41:21.378  1299  1471 D SatelliteController: isInSatelliteModeForCarrierRoaming: subId=1, connectType=0, result=false
07-10 13:41:21.386   530   530 W skia    : AGTM parsing failed flags.readFromStream(s) at 159
07-10 13:41:21.403   530   530 W skia    : AGTM parsing failed flags.readFromStream(s) at 159
07-10 13:41:21.420   530   530 W skia    : AGTM parsing failed flags.readFromStream(s) at 159
07-10 13:41:21.428   530   579 W skia    : AGTM parsing failed flags.readFromStream(s) at 159
07-10 13:41:21.438   530   530 W skia    : AGTM parsing failed flags.readFromStream(s) at 159
07-10 13:41:21.454   530   530 W skia    : AGTM parsing failed flags.readFromStream(s) at 159
07-10 13:41:21.471   530   530 W skia    : AGTM parsing failed flags.readFromStream(s) at 159
07-10 13:41:21.487   530   530 W skia    : AGTM parsing failed flags.readFromStream(s) at 159
07-10 13:41:21.503   530   530 W skia    : AGTM parsing failed flags.readFromStream(s) at 159
07-10 13:41:21.520   530   530 W skia    : AGTM parsing failed flags.readFromStream(s) at 159
07-10 13:41:21.530   530   579 W skia    : AGTM parsing failed flags.readFromStream(s) at 159
07-10 13:41:21.537   530   530 W skia    : AGTM parsing failed flags.readFromStream(s) at 159
07-10 13:41:21.553   530   530 W skia    : AGTM parsing failed flags.readFromStream(s) at 159
07-10 13:41:21.571   530   530 W skia    : AGTM parsing failed flags.readFromStream(s) at 159
07-10 13:41:21.588   530   530 W skia    : AGTM parsing failed flags.readFromStream(s) at 159
07-10 13:41:21.604   530   530 W skia    : AGTM parsing failed flags.readFromStream(s) at 159
07-10 13:41:21.619   530   530 W skia    : AGTM parsing failed flags.readFromStream(s) at 159
07-10 13:41:21.631   530   579 W skia    : AGTM parsing failed flags.readFromStream(s) at 159
07-10 13:41:21.637   530   530 W skia    : AGTM parsing failed flags.readFromStream(s) at 159
07-10 13:41:21.653   530   530 W skia    : AGTM parsing failed flags.readFromStream(s) at 159
07-10 13:41:21.671   530   530 W skia    : AGTM parsing failed flags.readFromStream(s) at 159
07-10 13:41:21.687   530   530 W skia    : AGTM parsing failed flags.readFromStream(s) at 159
07-10 13:41:21.703   530   530 W skia    : AGTM parsing failed flags.readFromStream(s) at 159
07-10 13:41:21.719   530   530 W skia    : AGTM parsing failed flags.readFromStream(s) at 159
07-10 13:41:21.732   530   579 W skia    : AGTM parsing failed flags.readFromStream(s) at 159
07-10 13:41:21.736   530   530 W skia    : AGTM parsing failed flags.readFromStream(s) at 159
07-10 13:41:21.754   530   530 W skia    : AGTM parsing failed flags.readFromStream(s) at 159
07-10 13:41:21.770   530   530 W skia    : AGTM parsing failed flags.readFromStream(s) at 159
07-10 13:41:21.787   530   530 W skia    : AGTM parsing failed flags.readFromStream(s) at 159
07-10 13:41:21.803   530   530 W skia    : AGTM parsing failed flags.readFromStream(s) at 159
07-10 13:41:21.820   530   530 W skia    : AGTM parsing failed flags.readFromStream(s) at 159
07-10 13:41:21.837   530   530 W skia    : AGTM parsing failed flags.readFromStream(s) at 159
07-10 13:41:21.843   530   579 W skia    : AGTM parsing failed flags.readFromStream(s) at 159
07-10 13:41:21.854   530   530 W skia    : AGTM parsing failed flags.readFromStream(s) at 159
07-10 13:41:21.870   530   530 W skia    : AGTM parsing failed flags.readFromStream(s) at 159
07-10 13:41:21.889   530   530 W skia    : AGTM parsing failed flags.readFromStream(s) at 159
07-10 13:41:21.903   530   530 W skia    : AGTM parsing failed flags.readFromStream(s) at 159
07-10 13:41:21.920   530   530 W skia    : AGTM parsing failed flags.readFromStream(s) at 159
07-10 13:41:21.938   530   530 W skia    : AGTM parsing failed flags.readFromStream(s) at 159
07-10 13:41:21.943   530   579 W skia    : AGTM parsing failed flags.readFromStream(s) at 159
07-10 13:41:21.954   530   530 W skia    : AGTM parsing failed flags.readFromStream(s) at 159
07-10 13:41:21.970   530   530 W skia    : AGTM parsing failed flags.readFromStream(s) at 159
07-10 13:41:21.987   530   530 W skia    : AGTM parsing failed flags.readFromStream(s) at 159
07-10 13:41:22.003   530   530 W skia    : AGTM parsing failed flags.readFromStream(s) at 159
07-10 13:41:22.020   530   530 W skia    : AGTM parsing failed flags.readFromStream(s) at 159
07-10 13:41:22.037   530   530 W skia    : AGTM parsing failed flags.readFromStream(s) at 159
07-10 13:41:22.044   530   579 W skia    : AGTM parsing failed flags.readFromStream(s) at 159
07-10 13:41:22.054   530   530 W skia    : AGTM parsing failed flags.readFromStream(s) at 159
07-10 13:41:22.070   530   530 W skia    : AGTM parsing failed flags.readFromStream(s) at 159
07-10 13:41:22.087   530   530 W skia    : AGTM parsing failed flags.readFromStream(s) at 159
07-10 13:41:22.103   530   530 W skia    : AGTM parsing failed flags.readFromStream(s) at 159
07-10 13:41:22.119   530   530 W skia    : AGTM parsing failed flags.readFromStream(s) at 159
07-10 13:41:22.137   530   530 W skia    : AGTM parsing failed flags.readFromStream(s) at 159
07-10 13:41:22.145   530   579 W skia    : AGTM parsing failed flags.readFromStream(s) at 159
07-10 13:41:22.154   530   530 W skia    : AGTM parsing failed flags.readFromStream(s) at 159
07-10 13:41:22.170   530   530 W skia    : AGTM parsing failed flags.readFromStream(s) at 159
07-10 13:41:22.187   530   530 W skia    : AGTM parsing failed flags.readFromStream(s) at 159
07-10 13:41:22.203   530   530 W skia    : AGTM parsing failed flags.readFromStream(s) at 159
07-10 13:41:22.221   530   530 W skia    : AGTM parsing failed flags.readFromStream(s) at 159
07-10 13:41:22.238   530   530 W skia    : AGTM parsing failed flags.readFromStream(s) at 159
07-10 13:41:22.246   530   579 W skia    : AGTM parsing failed flags.readFromStream(s) at 159
07-10 13:41:22.254   530   530 W skia    : AGTM parsing failed flags.readFromStream(s) at 159
07-10 13:41:22.270   530   530 W skia    : AGTM parsing failed flags.readFromStream(s) at 159
07-10 13:41:22.286   530   530 W skia    : AGTM parsing failed flags.readFromStream(s) at 159
07-10 13:41:22.304   530   530 W skia    : AGTM parsing failed flags.readFromStream(s) at 159
07-10 13:41:22.320   530   530 W skia    : AGTM parsing failed flags.readFromStream(s) at 159
07-10 13:41:22.337   530   530 W skia    : AGTM parsing failed flags.readFromStream(s) at 159
07-10 13:41:22.348   530   579 W skia    : AGTM parsing failed flags.readFromStream(s) at 159
07-10 13:41:22.354   530   530 W skia    : AGTM parsing failed flags.readFromStream(s) at 159
07-10 13:41:22.371   530   530 W skia    : AGTM parsing failed flags.readFromStream(s) at 159
07-10 13:41:22.387   530   530 W skia    : AGTM parsing failed flags.readFromStream(s) at 159
07-10 13:41:22.404   530   530 W skia    : AGTM parsing failed flags.readFromStream(s) at 159
07-10 13:41:22.419   530   530 W skia    : AGTM parsing failed flags.readFromStream(s) at 159
07-10 13:41:22.437   530   530 W skia    : AGTM parsing failed flags.readFromStream(s) at 159
07-10 13:41:22.449   530   579 W skia    : AGTM parsing failed flags.readFromStream(s) at 159
07-10 13:41:22.453   530   530 W skia    : AGTM parsing failed flags.readFromStream(s) at 159
07-10 13:41:22.471   530   530 W skia    : AGTM parsing failed flags.readFromStream(s) at 159
07-10 13:41:22.487   530   530 W skia    : AGTM parsing failed flags.readFromStream(s) at 159
07-10 13:41:22.504   530   530 W skia    : AGTM parsing failed flags.readFromStream(s) at 159
07-10 13:41:22.520   530   530 W skia    : AGTM parsing failed flags.readFromStream(s) at 159
07-10 13:41:22.537   530   530 W skia    : AGTM parsing failed flags.readFromStream(s) at 159
07-10 13:41:22.553   530   530 W skia    : AGTM parsing failed flags.readFromStream(s) at 159
07-10 13:41:22.559   530   579 W skia    : AGTM parsing failed flags.readFromStream(s) at 159
07-10 13:41:22.571   530   530 W skia    : AGTM parsing failed flags.readFromStream(s) at 159
07-10 13:41:22.586   530   530 W skia    : AGTM parsing failed flags.readFromStream(s) at 159
07-10 13:41:22.603   530   530 W skia    : AGTM parsing failed flags.readFromStream(s) at 159
07-10 13:41:22.621   530   530 W skia    : AGTM parsing failed flags.readFromStream(s) at 159
07-10 13:41:22.628   669  1034 E WifiDataStall: Ignore this poll. newStats: null txLinkSpeedMbps: 1 rxLinkSpeedMbps: 2 rssi: -50 connectionCapabilities: com.android.server.wifi.WifiNative$ConnectionCapabilities@8d12315
07-10 13:41:22.638   530   530 W skia    : AGTM parsing failed flags.readFromStream(s) at 159
07-10 13:41:22.654   530   530 W skia    : AGTM parsing failed flags.readFromStream(s) at 159
07-10 13:41:22.660   530   579 W skia    : AGTM parsing failed flags.readFromStream(s) at 159
07-10 13:41:22.671   530   530 W skia    : AGTM parsing failed flags.readFromStream(s) at 159
07-10 13:41:22.686   530   530 W skia    : AGTM parsing failed flags.readFromStream(s) at 159
07-10 13:41:22.703   530   530 W skia    : AGTM parsing failed flags.readFromStream(s) at 159
07-10 13:41:22.720   530   530 W skia    : AGTM parsing failed flags.readFromStream(s) at 159
07-10 13:41:22.736   530   530 W skia    : AGTM parsing failed flags.readFromStream(s) at 159
07-10 13:41:22.753   530   530 W skia    : AGTM parsing failed flags.readFromStream(s) at 159
07-10 13:41:22.761   530   579 W skia    : AGTM parsing failed flags.readFromStream(s) at 159
07-10 13:41:22.770   530   530 W skia    : AGTM parsing failed flags.readFromStream(s) at 159
07-10 13:41:22.787   530   530 W skia    : AGTM parsing failed flags.readFromStream(s) at 159
07-10 13:41:22.803   530   530 W skia    : AGTM parsing failed flags.readFromStream(s) at 159
07-10 13:41:22.820   530   530 W skia    : AGTM parsing failed flags.readFromStream(s) at 159
07-10 13:41:22.838   530   530 W skia    : AGTM parsing failed flags.readFromStream(s) at 159
07-10 13:41:22.853   530   530 W skia    : AGTM parsing failed flags.readFromStream(s) at 159
07-10 13:41:22.863   530   579 W skia    : AGTM parsing failed flags.readFromStream(s) at 159
07-10 13:41:22.871   530   530 W skia    : AGTM parsing failed flags.readFromStream(s) at 159
07-10 13:41:22.887   530   530 W skia    : AGTM parsing failed flags.readFromStream(s) at 159
07-10 13:41:22.904   530   530 W skia    : AGTM parsing failed flags.readFromStream(s) at 159
07-10 13:41:22.920   530   530 W skia    : AGTM parsing failed flags.readFromStream(s) at 159
07-10 13:41:22.937   530   530 W skia    : AGTM parsing failed flags.readFromStream(s) at 159
07-10 13:41:22.954   530   530 W skia    : AGTM parsing failed flags.readFromStream(s) at 159
07-10 13:41:22.963   530   579 W skia    : AGTM parsing failed flags.readFromStream(s) at 159
07-10 13:41:22.970   530   530 W skia    : AGTM parsing failed flags.readFromStream(s) at 159
07-10 13:41:22.987   530   530 W skia    : AGTM parsing failed flags.readFromStream(s) at 159
07-10 13:41:23.003   530   530 W skia    : AGTM parsing failed flags.readFromStream(s) at 159
07-10 13:41:23.020   530   530 W skia    : AGTM parsing failed flags.readFromStream(s) at 159
07-10 13:41:23.038   530   530 W skia    : AGTM parsing failed flags.readFromStream(s) at 159
07-10 13:41:23.054   530   530 W skia    : AGTM parsing failed flags.readFromStream(s) at 159
07-10 13:41:23.063   530   579 W skia    : AGTM parsing failed flags.readFromStream(s) at 159
07-10 13:41:23.070   530   530 W skia    : AGTM parsing failed flags.readFromStream(s) at 159
07-10 13:41:23.088   530   530 W skia    : AGTM parsing failed flags.readFromStream(s) at 159
07-10 13:41:23.104   530   530 W skia    : AGTM parsing failed flags.readFromStream(s) at 159
07-10 13:41:23.119   530   530 W skia    : AGTM parsing failed flags.readFromStream(s) at 159
07-10 13:41:23.136   530   530 W skia    : AGTM parsing failed flags.readFromStream(s) at 159
07-10 13:41:23.154   530   530 W skia    : AGTM parsing failed flags.readFromStream(s) at 159
07-10 13:41:23.164   530   579 W skia    : AGTM parsing failed flags.readFromStream(s) at 159
07-10 13:41:23.171   530   530 W skia    : AGTM parsing failed flags.readFromStream(s) at 159
07-10 13:41:23.187   530   530 W skia    : AGTM parsing failed flags.readFromStream(s) at 159
07-10 13:41:23.203   530   530 W skia    : AGTM parsing failed flags.readFromStream(s) at 159
07-10 13:41:23.220   530   530 W skia    : AGTM parsing failed flags.readFromStream(s) at 159
07-10 13:41:23.236   530   530 W skia    : AGTM parsing failed flags.readFromStream(s) at 159
07-10 13:41:23.254   530   530 W skia    : AGTM parsing failed flags.readFromStream(s) at 159
07-10 13:41:23.265   530   579 W skia    : AGTM parsing failed flags.readFromStream(s) at 159
07-10 13:41:23.271   530   530 W skia    : AGTM parsing failed flags.readFromStream(s) at 159
07-10 13:41:23.287   530   530 W skia    : AGTM parsing failed flags.readFromStream(s) at 159
07-10 13:41:23.303   530   530 W skia    : AGTM parsing failed flags.readFromStream(s) at 159
07-10 13:41:23.320   530   530 W skia    : AGTM parsing failed flags.readFromStream(s) at 159
07-10 13:41:23.338   530   530 W skia    : AGTM parsing failed flags.readFromStream(s) at 159
07-10 13:41:23.354   530   530 W skia    : AGTM parsing failed flags.readFromStream(s) at 159
07-10 13:41:23.371   530   530 W skia    : AGTM parsing failed flags.readFromStream(s) at 159
07-10 13:41:23.375   530   579 W skia    : AGTM parsing failed flags.readFromStream(s) at 159
07-10 13:41:23.387   530   530 W skia    : AGTM parsing failed flags.readFromStream(s) at 159
07-10 13:41:23.403   530   530 W skia    : AGTM parsing failed flags.readFromStream(s) at 159
07-10 13:41:23.421   530   530 W skia    : AGTM parsing failed flags.readFromStream(s) at 159
07-10 13:41:23.437   530   530 W skia    : AGTM parsing failed flags.readFromStream(s) at 159
07-10 13:41:23.453   530   530 W skia    : AGTM parsing failed flags.readFromStream(s) at 159
07-10 13:41:23.470   530   530 W skia    : AGTM parsing failed flags.readFromStream(s) at 159
07-10 13:41:23.476   530   579 W skia    : AGTM parsing failed flags.readFromStream(s) at 159
07-10 13:41:23.487   530   530 W skia    : AGTM parsing failed flags.readFromStream(s) at 159
07-10 13:41:23.504   530   530 W skia    : AGTM parsing failed flags.readFromStream(s) at 159
07-10 13:41:23.520   530   530 W skia    : AGTM parsing failed flags.readFromStream(s) at 159
07-10 13:41:23.537   530   530 W skia    : AGTM parsing failed flags.readFromStream(s) at 159
07-10 13:41:23.554   530   530 W skia    : AGTM parsing failed flags.readFromStream(s) at 159
07-10 13:41:23.570   530   530 W skia    : AGTM parsing failed flags.readFromStream(s) at 159
07-10 13:41:23.577   530   579 W skia    : AGTM parsing failed flags.readFromStream(s) at 159
07-10 13:41:23.587   530   530 W skia    : AGTM parsing failed flags.readFromStream(s) at 159
07-10 13:41:23.604   530   530 W skia    : AGTM parsing failed flags.readFromStream(s) at 159
07-10 13:41:23.620   530   530 W skia    : AGTM parsing failed flags.readFromStream(s) at 159
07-10 13:41:23.636   530   530 W skia    : AGTM parsing failed flags.readFromStream(s) at 159
07-10 13:41:23.653   530   530 W skia    : AGTM parsing failed flags.readFromStream(s) at 159
07-10 13:41:23.670   530   530 W skia    : AGTM parsing failed flags.readFromStream(s) at 159
07-10 13:41:23.678   530   579 W skia    : AGTM parsing failed flags.readFromStream(s) at 159
07-10 13:41:23.686   530   530 W skia    : AGTM parsing failed flags.readFromStream(s) at 159
07-10 13:41:23.704   530   530 W skia    : AGTM parsing failed flags.readFromStream(s) at 159
07-10 13:41:23.720   530   530 W skia    : AGTM parsing failed flags.readFromStream(s) at 159
07-10 13:41:23.737   530   530 W skia    : AGTM parsing failed flags.readFromStream(s) at 159
07-10 13:41:23.753   530   530 W skia    : AGTM parsing failed flags.readFromStream(s) at 159
07-10 13:41:23.770   530   530 W skia    : AGTM parsing failed flags.readFromStream(s) at 159
07-10 13:41:23.779   530   579 W skia    : AGTM parsing failed flags.readFromStream(s) at 159
07-10 13:41:23.787   530   530 W skia    : AGTM parsing failed flags.readFromStream(s) at 159
07-10 13:41:23.804   530   530 W skia    : AGTM parsing failed flags.readFromStream(s) at 159
07-10 13:41:23.820   530   530 W skia    : AGTM parsing failed flags.readFromStream(s) at 159
07-10 13:41:23.837   530   530 W skia    : AGTM parsing failed flags.readFromStream(s) at 159
07-10 13:41:23.854   530   530 W skia    : AGTM parsing failed flags.readFromStream(s) at 159
07-10 13:41:23.871   530   530 W skia    : AGTM parsing failed flags.readFromStream(s) at 159
07-10 13:41:23.879   530   579 W skia    : AGTM parsing failed flags.readFromStream(s) at 159
07-10 13:41:23.887   530   530 W skia    : AGTM parsing failed flags.readFromStream(s) at 159
07-10 13:41:23.903   530   530 W skia    : AGTM parsing failed flags.readFromStream(s) at 159
07-10 13:41:23.920   530   530 W skia    : AGTM parsing failed flags.readFromStream(s) at 159
07-10 13:41:23.937   530   530 W skia    : AGTM parsing failed flags.readFromStream(s) at 159
07-10 13:41:23.953   530   530 W skia    : AGTM parsing failed flags.readFromStream(s) at 159
07-10 13:41:23.970   530   530 W skia    : AGTM parsing failed flags.readFromStream(s) at 159
07-10 13:41:23.981   530   579 W skia    : AGTM parsing failed flags.readFromStream(s) at 159
07-10 13:41:23.987   530   530 W skia    : AGTM parsing failed flags.readFromStream(s) at 159
07-10 13:41:24.003   530   530 W skia    : AGTM parsing failed flags.readFromStream(s) at 159
07-10 13:41:24.020   530   530 W skia    : AGTM parsing failed flags.readFromStream(s) at 159
07-10 13:41:24.037   530   530 W skia    : AGTM parsing failed flags.readFromStream(s) at 159
07-10 13:41:24.054   530   530 W skia    : AGTM parsing failed flags.readFromStream(s) at 159
07-10 13:41:24.070   530   530 W skia    : AGTM parsing failed flags.readFromStream(s) at 159
07-10 13:41:24.082   530   579 W skia    : AGTM parsing failed flags.readFromStream(s) at 159
07-10 13:41:24.087   530   530 W skia    : AGTM parsing failed flags.readFromStream(s) at 159
07-10 13:41:24.103   530   530 W skia    : AGTM parsing failed flags.readFromStream(s) at 159
07-10 13:41:24.121   530   530 W skia    : AGTM parsing failed flags.readFromStream(s) at 159
07-10 13:41:24.136   530   530 W skia    : AGTM parsing failed flags.readFromStream(s) at 159
07-10 13:41:24.153   530   530 W skia    : AGTM parsing failed flags.readFromStream(s) at 159
07-10 13:41:24.170   530   530 W skia    : AGTM parsing failed flags.readFromStream(s) at 159
07-10 13:41:24.183   530   579 W skia    : AGTM parsing failed flags.readFromStream(s) at 159
07-10 13:41:24.187   530   530 W skia    : AGTM parsing failed flags.readFromStream(s) at 159
07-10 13:41:24.203   530   530 W skia    : AGTM parsing failed flags.readFromStream(s) at 159
07-10 13:41:24.221   530   530 W skia    : AGTM parsing failed flags.readFromStream(s) at 159
07-10 13:41:24.237   530   530 W skia    : AGTM parsing failed flags.readFromStream(s) at 159
07-10 13:41:24.254   530   530 W skia    : AGTM parsing failed flags.readFromStream(s) at 159
07-10 13:41:24.271   530   530 W skia    : AGTM parsing failed flags.readFromStream(s) at 159
07-10 13:41:24.287   530   530 W skia    : AGTM parsing failed flags.readFromStream(s) at 159
07-10 13:41:24.292   530   579 W skia    : AGTM parsing failed flags.readFromStream(s) at 159
07-10 13:41:24.304   530   530 W skia    : AGTM parsing failed flags.readFromStream(s) at 159
07-10 13:41:24.319   530   530 W skia    : AGTM parsing failed flags.readFromStream(s) at 159
07-10 13:41:24.337   530   530 W skia    : AGTM parsing failed flags.readFromStream(s) at 159
07-10 13:41:24.353   530   530 W skia    : AGTM parsing failed flags.readFromStream(s) at 159
07-10 13:41:24.370   530   530 W skia    : AGTM parsing failed flags.readFromStream(s) at 159
07-10 13:41:24.387   530   530 W skia    : AGTM parsing failed flags.readFromStream(s) at 159
07-10 13:41:24.392   530   579 W skia    : AGTM parsing failed flags.readFromStream(s) at 159
07-10 13:41:24.404   530   530 W skia    : AGTM parsing failed flags.readFromStream(s) at 159
07-10 13:41:24.420   530   530 W skia    : AGTM parsing failed flags.readFromStream(s) at 159
07-10 13:41:24.437   530   530 W skia    : AGTM parsing failed flags.readFromStream(s) at 159
07-10 13:41:24.454   530   530 W skia    : AGTM parsing failed flags.readFromStream(s) at 159
07-10 13:41:24.470   530   530 W skia    : AGTM parsing failed flags.readFromStream(s) at 159
07-10 13:41:24.487   530   530 W skia    : AGTM parsing failed flags.readFromStream(s) at 159
07-10 13:41:24.493   530   579 W skia    : AGTM parsing failed flags.readFromStream(s) at 159
07-10 13:41:24.503   530   530 W skia    : AGTM parsing failed flags.readFromStream(s) at 159
07-10 13:41:24.520   530   530 W skia    : AGTM parsing failed flags.readFromStream(s) at 159
07-10 13:41:24.537   530   530 W skia    : AGTM parsing failed flags.readFromStream(s) at 159
07-10 13:41:24.554   530   530 W skia    : AGTM parsing failed flags.readFromStream(s) at 159
07-10 13:41:24.571   530   530 W skia    : AGTM parsing failed flags.readFromStream(s) at 159
07-10 13:41:24.587   530   530 W skia    : AGTM parsing failed flags.readFromStream(s) at 159
07-10 13:41:24.594   530   579 W skia    : AGTM parsing failed flags.readFromStream(s) at 159
07-10 13:41:24.603   530   530 W skia    : AGTM parsing failed flags.readFromStream(s) at 159
07-10 13:41:24.620   530   530 W skia    : AGTM parsing failed flags.readFromStream(s) at 159
07-10 13:41:24.636   530   530 W skia    : AGTM parsing failed flags.readFromStream(s) at 159
07-10 13:41:24.654   530   530 W skia    : AGTM parsing failed flags.readFromStream(s) at 159
07-10 13:41:24.670   530   530 W skia    : AGTM parsing failed flags.readFromStream(s) at 159
07-10 13:41:24.687   530   530 W skia    : AGTM parsing failed flags.readFromStream(s) at 159
07-10 13:41:24.695   530   579 W skia    : AGTM parsing failed flags.readFromStream(s) at 159
07-10 13:41:24.703   530   530 W skia    : AGTM parsing failed flags.readFromStream(s) at 159
07-10 13:41:24.721   530   530 W skia    : AGTM parsing failed flags.readFromStream(s) at 159
07-10 13:41:24.737   530   530 W skia    : AGTM parsing failed flags.readFromStream(s) at 159
07-10 13:41:24.753   530   530 W skia    : AGTM parsing failed flags.readFromStream(s) at 159
07-10 13:41:24.769   530   530 W skia    : AGTM parsing failed flags.readFromStream(s) at 159
07-10 13:41:24.787   530   530 W skia    : AGTM parsing failed flags.readFromStream(s) at 159
07-10 13:41:24.797   530   579 W skia    : AGTM parsing failed flags.readFromStream(s) at 159
07-10 13:41:24.803   530   530 W skia    : AGTM parsing failed flags.readFromStream(s) at 159
07-10 13:41:24.821   530   530 W skia    : AGTM parsing failed flags.readFromStream(s) at 159
07-10 13:41:24.836   530   530 W skia    : AGTM parsing failed flags.readFromStream(s) at 159
07-10 13:41:24.854   530   530 W skia    : AGTM parsing failed flags.readFromStream(s) at 159
07-10 13:41:24.871   530   530 W skia    : AGTM parsing failed flags.readFromStream(s) at 159
07-10 13:41:24.887   530   530 W skia    : AGTM parsing failed flags.readFromStream(s) at 159
07-10 13:41:24.898   530   579 W skia    : AGTM parsing failed flags.readFromStream(s) at 159
07-10 13:41:24.903   530   530 W skia    : AGTM parsing failed flags.readFromStream(s) at 159
07-10 13:41:24.920   530   530 W skia    : AGTM parsing failed flags.readFromStream(s) at 159
07-10 13:41:24.937   530   530 W skia    : AGTM parsing failed flags.readFromStream(s) at 159
07-10 13:41:24.954   530   530 W skia    : AGTM parsing failed flags.readFromStream(s) at 159
07-10 13:41:24.970   530   530 W skia    : AGTM parsing failed flags.readFromStream(s) at 159
07-10 13:41:24.986   530   530 W skia    : AGTM parsing failed flags.readFromStream(s) at 159
07-10 13:41:24.999   530   579 W skia    : AGTM parsing failed flags.readFromStream(s) at 159
07-10 13:41:25.004   530   530 W skia    : AGTM parsing failed flags.readFromStream(s) at 159
07-10 13:41:25.021   530   530 W skia    : AGTM parsing failed flags.readFromStream(s) at 159
07-10 13:41:25.036   530   530 W skia    : AGTM parsing failed flags.readFromStream(s) at 159
07-10 13:41:25.054   530   530 W skia    : AGTM parsing failed flags.readFromStream(s) at 159
07-10 13:41:25.071   530   530 W skia    : AGTM parsing failed flags.readFromStream(s) at 159
07-10 13:41:25.088   530   530 W skia    : AGTM parsing failed flags.readFromStream(s) at 159
07-10 13:41:25.104   530   530 W skia    : AGTM parsing failed flags.readFromStream(s) at 159
07-10 13:41:25.109   530   579 W skia    : AGTM parsing failed flags.readFromStream(s) at 159
07-10 13:41:25.120   530   530 W skia    : AGTM parsing failed flags.readFromStream(s) at 159
07-10 13:41:25.137   530   530 W skia    : AGTM parsing failed flags.readFromStream(s) at 159
07-10 13:41:25.153   530   530 W skia    : AGTM parsing failed flags.readFromStream(s) at 159
07-10 13:41:25.170   530   530 W skia    : AGTM parsing failed flags.readFromStream(s) at 159
07-10 13:41:25.188   530   530 W skia    : AGTM parsing failed flags.readFromStream(s) at 159
07-10 13:41:25.203   530   530 W skia    : AGTM parsing failed flags.readFromStream(s) at 159
07-10 13:41:25.210   530   579 W skia    : AGTM parsing failed flags.readFromStream(s) at 159
07-10 13:41:25.220   530   530 W skia    : AGTM parsing failed flags.readFromStream(s) at 159
07-10 13:41:25.238   530   530 W skia    : AGTM parsing failed flags.readFromStream(s) at 159
07-10 13:41:25.253   530   530 W skia    : AGTM parsing failed flags.readFromStream(s) at 159
07-10 13:41:25.271   530   530 W skia    : AGTM parsing failed flags.readFromStream(s) at 159
07-10 13:41:25.289   530   530 W skia    : AGTM parsing failed flags.readFromStream(s) at 159
07-10 13:41:25.303   530   530 W skia    : AGTM parsing failed flags.readFromStream(s) at 159
07-10 13:41:25.311   530   579 W skia    : AGTM parsing failed flags.readFromStream(s) at 159
07-10 13:41:25.321   530   530 W skia    : AGTM parsing failed flags.readFromStream(s) at 159
07-10 13:41:25.338   530   530 W skia    : AGTM parsing failed flags.readFromStream(s) at 159
07-10 13:41:25.355   530   530 W skia    : AGTM parsing failed flags.readFromStream(s) at 159
07-10 13:41:25.370   530   530 W skia    : AGTM parsing failed flags.readFromStream(s) at 159
07-10 13:41:25.386   530   530 W skia    : AGTM parsing failed flags.readFromStream(s) at 159
07-10 13:41:25.403   530   530 W skia    : AGTM parsing failed flags.readFromStream(s) at 159
07-10 13:41:25.412   530   579 W skia    : AGTM parsing failed flags.readFromStream(s) at 159
07-10 13:41:25.420   530   530 W skia    : AGTM parsing failed flags.readFromStream(s) at 159
07-10 13:41:25.436   530   530 W skia    : AGTM parsing failed flags.readFromStream(s) at 159
07-10 13:41:25.454   530   530 W skia    : AGTM parsing failed flags.readFromStream(s) at 159
07-10 13:41:25.470   530   530 W skia    : AGTM parsing failed flags.readFromStream(s) at 159
07-10 13:41:25.487   530   530 W skia    : AGTM parsing failed flags.readFromStream(s) at 159
07-10 13:41:25.504   530   530 W skia    : AGTM parsing failed flags.readFromStream(s) at 159
07-10 13:41:25.513   530   579 W skia    : AGTM parsing failed flags.readFromStream(s) at 159
07-10 13:41:25.521   530   530 W skia    : AGTM parsing failed flags.readFromStream(s) at 159
07-10 13:41:25.538   530   530 W skia    : AGTM parsing failed flags.readFromStream(s) at 159
07-10 13:41:25.554   530   530 W skia    : AGTM parsing failed flags.readFromStream(s) at 159
07-10 13:41:25.571   530   530 W skia    : AGTM parsing failed flags.readFromStream(s) at 159
07-10 13:41:25.587   530   530 W skia    : AGTM parsing failed flags.readFromStream(s) at 159
07-10 13:41:25.603   530   530 W skia    : AGTM parsing failed flags.readFromStream(s) at 159
07-10 13:41:25.614   530   579 W skia    : AGTM parsing failed flags.readFromStream(s) at 159
07-10 13:41:25.621   530   530 W skia    : AGTM parsing failed flags.readFromStream(s) at 159
07-10 13:41:25.631   669  1034 E WifiDataStall: Ignore this poll. newStats: null txLinkSpeedMbps: 1 rxLinkSpeedMbps: 2 rssi: -50 connectionCapabilities: com.android.server.wifi.WifiNative$ConnectionCapabilities@8d12315
07-10 13:41:25.634  1228  1411 D IpClient/wlan0: interfaceLinkStateChanged: ifindex 16 up
07-10 13:41:25.637   530   530 W skia    : AGTM parsing failed flags.readFromStream(s) at 159
07-10 13:41:25.638  1228  1411 D IpClient/wlan0: interfaceLinkStateChanged: ifindex 16 up
07-10 13:41:25.653   530   530 W skia    : AGTM parsing failed flags.readFromStream(s) at 159
07-10 13:41:25.670   530   530 W skia    : AGTM parsing failed flags.readFromStream(s) at 159
07-10 13:41:25.687   530   530 W skia    : AGTM parsing failed flags.readFromStream(s) at 159
07-10 13:41:25.703   530   530 W skia    : AGTM parsing failed flags.readFromStream(s) at 159
07-10 13:41:25.715   530   579 W skia    : AGTM parsing failed flags.readFromStream(s) at 159
07-10 13:41:25.720   530   530 W skia    : AGTM parsing failed flags.readFromStream(s) at 159
07-10 13:41:25.736   530   530 W skia    : AGTM parsing failed flags.readFromStream(s) at 159
07-10 13:41:25.754   530   530 W skia    : AGTM parsing failed flags.readFromStream(s) at 159
07-10 13:41:25.771   530   530 W skia    : AGTM parsing failed flags.readFromStream(s) at 159
07-10 13:41:25.788   530   530 W skia    : AGTM parsing failed flags.readFromStream(s) at 159
07-10 13:41:25.803   530   530 W skia    : AGTM parsing failed flags.readFromStream(s) at 159
07-10 13:41:25.815   530   579 W skia    : AGTM parsing failed flags.readFromStream(s) at 159
07-10 13:41:25.821   530   530 W skia    : AGTM parsing failed flags.readFromStream(s) at 159
07-10 13:41:25.836   530   530 W skia    : AGTM parsing failed flags.readFromStream(s) at 159
07-10 13:41:25.854   530   530 W skia    : AGTM parsing failed flags.readFromStream(s) at 159
07-10 13:41:25.871   530   530 W skia    : AGTM parsing failed flags.readFromStream(s) at 159
07-10 13:41:25.888   530   530 W skia    : AGTM parsing failed flags.readFromStream(s) at 159
07-10 13:41:25.903   530   530 W skia    : AGTM parsing failed flags.readFromStream(s) at 159
07-10 13:41:25.920   530   530 W skia    : AGTM parsing failed flags.readFromStream(s) at 159
07-10 13:41:25.925   530   579 W skia    : AGTM parsing failed flags.readFromStream(s) at 159
07-10 13:41:25.937   530   530 W skia    : AGTM parsing failed flags.readFromStream(s) at 159
07-10 13:41:25.953   530   530 W skia    : AGTM parsing failed flags.readFromStream(s) at 159
07-10 13:41:25.971   530   530 W skia    : AGTM parsing failed flags.readFromStream(s) at 159
07-10 13:41:25.988   530   530 W skia    : AGTM parsing failed flags.readFromStream(s) at 159
07-10 13:41:26.003   530   530 W skia    : AGTM parsing failed flags.readFromStream(s) at 159
07-10 13:41:26.021   530   530 W skia    : AGTM parsing failed flags.readFromStream(s) at 159
07-10 13:41:26.028   530   579 W skia    : AGTM parsing failed flags.readFromStream(s) at 159
07-10 13:41:26.036   530   530 W skia    : AGTM parsing failed flags.readFromStream(s) at 159
07-10 13:41:26.054   530   530 W skia    : AGTM parsing failed flags.readFromStream(s) at 159
07-10 13:41:26.070   530   530 W skia    : AGTM parsing failed flags.readFromStream(s) at 159
07-10 13:41:26.086   530   530 W skia    : AGTM parsing failed flags.readFromStream(s) at 159
07-10 13:41:26.104   530   530 W skia    : AGTM parsing failed flags.readFromStream(s) at 159
07-10 13:41:26.121   530   530 W skia    : AGTM parsing failed flags.readFromStream(s) at 159
07-10 13:41:26.128   530   579 W skia    : AGTM parsing failed flags.readFromStream(s) at 159
07-10 13:41:26.136   530   530 W skia    : AGTM parsing failed flags.readFromStream(s) at 159
07-10 13:41:26.154   530   530 W skia    : AGTM parsing failed flags.readFromStream(s) at 159
07-10 13:41:26.170   530   530 W skia    : AGTM parsing failed flags.readFromStream(s) at 159
07-10 13:41:26.187   530   530 W skia    : AGTM parsing failed flags.readFromStream(s) at 159
07-10 13:41:26.204   530   530 W skia    : AGTM parsing failed flags.readFromStream(s) at 159
07-10 13:41:26.220   530   530 W skia    : AGTM parsing failed flags.readFromStream(s) at 159
07-10 13:41:26.230   530   579 W skia    : AGTM parsing failed flags.readFromStream(s) at 159
07-10 13:41:26.237   530   530 W skia    : AGTM parsing failed flags.readFromStream(s) at 159
07-10 13:41:26.254   530   530 W skia    : AGTM parsing failed flags.readFromStream(s) at 159
07-10 13:41:26.270   530   530 W skia    : AGTM parsing failed flags.readFromStream(s) at 159
07-10 13:41:26.288   530   530 W skia    : AGTM parsing failed flags.readFromStream(s) at 159
07-10 13:41:26.303   530   530 W skia    : AGTM parsing failed flags.readFromStream(s) at 159
07-10 13:41:26.320   530   530 W skia    : AGTM parsing failed flags.readFromStream(s) at 159
07-10 13:41:26.331   530   579 W skia    : AGTM parsing failed flags.readFromStream(s) at 159
07-10 13:41:26.337   530   530 W skia    : AGTM parsing failed flags.readFromStream(s) at 159
07-10 13:41:26.354   530   530 W skia    : AGTM parsing failed flags.readFromStream(s) at 159
07-10 13:41:26.370   530   530 W skia    : AGTM parsing failed flags.readFromStream(s) at 159
07-10 13:41:26.387   530   530 W skia    : AGTM parsing failed flags.readFromStream(s) at 159
07-10 13:41:26.403   530   530 W skia    : AGTM parsing failed flags.readFromStream(s) at 159
07-10 13:41:26.420   530   530 W skia    : AGTM parsing failed flags.readFromStream(s) at 159
07-10 13:41:26.432   530   579 W skia    : AGTM parsing failed flags.readFromStream(s) at 159
07-10 13:41:26.436   530   530 W skia    : AGTM parsing failed flags.readFromStream(s) at 159
07-10 13:41:26.453   530   530 W skia    : AGTM parsing failed flags.readFromStream(s) at 159
07-10 13:41:26.470   530   530 W skia    : AGTM parsing failed flags.readFromStream(s) at 159
07-10 13:41:26.487   530   530 W skia    : AGTM parsing failed flags.readFromStream(s) at 159
07-10 13:41:26.503   530   530 W skia    : AGTM parsing failed flags.readFromStream(s) at 159
07-10 13:41:26.521   530   530 W skia    : AGTM parsing failed flags.readFromStream(s) at 159
07-10 13:41:26.537   530   530 W skia    : AGTM parsing failed flags.readFromStream(s) at 159
07-10 13:41:26.542   530   579 W skia    : AGTM parsing failed flags.readFromStream(s) at 159
07-10 13:41:26.554   530   530 W skia    : AGTM parsing failed flags.readFromStream(s) at 159
07-10 13:41:26.570   530   530 W skia    : AGTM parsing failed flags.readFromStream(s) at 159
07-10 13:41:26.589   530   530 W skia    : AGTM parsing failed flags.readFromStream(s) at 159
07-10 13:41:26.603   530   530 W skia    : AGTM parsing failed flags.readFromStream(s) at 159
07-10 13:41:26.620   530   530 W skia    : AGTM parsing failed flags.readFromStream(s) at 159
07-10 13:41:26.636   530   530 W skia    : AGTM parsing failed flags.readFromStream(s) at 159
07-10 13:41:26.643   530   579 W skia    : AGTM parsing failed flags.readFromStream(s) at 159
07-10 13:41:26.654   530   530 W skia    : AGTM parsing failed flags.readFromStream(s) at 159
07-10 13:41:26.670   530   530 W skia    : AGTM parsing failed flags.readFromStream(s) at 159
07-10 13:41:26.688   530   530 W skia    : AGTM parsing failed flags.readFromStream(s) at 159
07-10 13:41:26.703   530   530 W skia    : AGTM parsing failed flags.readFromStream(s) at 159
07-10 13:41:26.720   530   530 W skia    : AGTM parsing failed flags.readFromStream(s) at 159
07-10 13:41:26.737   530   530 W skia    : AGTM parsing failed flags.readFromStream(s) at 159
07-10 13:41:26.744   530   579 W skia    : AGTM parsing failed flags.readFromStream(s) at 159
07-10 13:41:26.753   530   530 W skia    : AGTM parsing failed flags.readFromStream(s) at 159
07-10 13:41:26.771   530   530 W skia    : AGTM parsing failed flags.readFromStream(s) at 159
07-10 13:41:26.786   530   530 W skia    : AGTM parsing failed flags.readFromStream(s) at 159
07-10 13:41:26.803   530   530 W skia    : AGTM parsing failed flags.readFromStream(s) at 159
07-10 13:41:26.820   530   530 W skia    : AGTM parsing failed flags.readFromStream(s) at 159
07-10 13:41:26.836   530   530 W skia    : AGTM parsing failed flags.readFromStream(s) at 159
07-10 13:41:26.846   530   579 W skia    : AGTM parsing failed flags.readFromStream(s) at 159
07-10 13:41:26.855   530   530 W skia    : AGTM parsing failed flags.readFromStream(s) at 159
07-10 13:41:26.870   530   530 W skia    : AGTM parsing failed flags.readFromStream(s) at 159
07-10 13:41:26.886   530   530 W skia    : AGTM parsing failed flags.readFromStream(s) at 159
07-10 13:41:26.903   530   530 W skia    : AGTM parsing failed flags.readFromStream(s) at 159
07-10 13:41:26.920   530   530 W skia    : AGTM parsing failed flags.readFromStream(s) at 159
07-10 13:41:26.937   530   530 W skia    : AGTM parsing failed flags.readFromStream(s) at 159
07-10 13:41:26.948   530   579 W skia    : AGTM parsing failed flags.readFromStream(s) at 159
07-10 13:41:26.953   530   530 W skia    : AGTM parsing failed flags.readFromStream(s) at 159
07-10 13:41:26.971   530   530 W skia    : AGTM parsing failed flags.readFromStream(s) at 159
07-10 13:41:26.975  1357  1357 I wpa_supplicant: wlan0: CTRL-EVENT-BEACON-LOSS 
07-10 13:41:26.987   530   530 W skia    : AGTM parsing failed flags.readFromStream(s) at 159
07-10 13:41:27.003   530   530 W skia    : AGTM parsing failed flags.readFromStream(s) at 159
07-10 13:41:27.020   530   530 W skia    : AGTM parsing failed flags.readFromStream(s) at 159
07-10 13:41:27.038   530   530 W skia    : AGTM parsing failed flags.readFromStream(s) at 159
07-10 13:41:27.050   530   579 W skia    : AGTM parsing failed flags.readFromStream(s) at 159
07-10 13:41:27.054   530   530 W skia    : AGTM parsing failed flags.readFromStream(s) at 159
07-10 13:41:27.070   530   530 W skia    : AGTM parsing failed flags.readFromStream(s) at 159
07-10 13:41:27.087   530   530 W skia    : AGTM parsing failed flags.readFromStream(s) at 159
07-10 13:41:27.104   530   530 W skia    : AGTM parsing failed flags.readFromStream(s) at 159
07-10 13:41:27.121   530   530 W skia    : AGTM parsing failed flags.readFromStream(s) at 159
07-10 13:41:27.137   530   530 W skia    : AGTM parsing failed flags.readFromStream(s) at 159
07-10 13:41:27.154   530   530 W skia    : AGTM parsing failed flags.readFromStream(s) at 159
07-10 13:41:27.159   530   579 W skia    : AGTM parsing failed flags.readFromStream(s) at 159
07-10 13:41:27.171   530   530 W skia    : AGTM parsing failed flags.readFromStream(s) at 159
07-10 13:41:27.187   530   530 W skia    : AGTM parsing failed flags.readFromStream(s) at 159
07-10 13:41:27.203   530   530 W skia    : AGTM parsing failed flags.readFromStream(s) at 159
07-10 13:41:27.220   530   530 W skia    : AGTM parsing failed flags.readFromStream(s) at 159
07-10 13:41:27.237   530   530 W skia    : AGTM parsing failed flags.readFromStream(s) at 159
07-10 13:41:27.254   530   530 W skia    : AGTM parsing failed flags.readFromStream(s) at 159
07-10 13:41:27.260   530   579 W skia    : AGTM parsing failed flags.readFromStream(s) at 159
07-10 13:41:27.270   530   530 W skia    : AGTM parsing failed flags.readFromStream(s) at 159
07-10 13:41:27.288   530   530 W skia    : AGTM parsing failed flags.readFromStream(s) at 159
07-10 13:41:27.304   530   530 W skia    : AGTM parsing failed flags.readFromStream(s) at 159
07-10 13:41:27.321   530   530 W skia    : AGTM parsing failed flags.readFromStream(s) at 159
07-10 13:41:27.336   530   530 W skia    : AGTM parsing failed flags.readFromStream(s) at 159
07-10 13:41:27.354   530   530 W skia    : AGTM parsing failed flags.readFromStream(s) at 159
07-10 13:41:27.362   530   579 W skia    : AGTM parsing failed flags.readFromStream(s) at 159
07-10 13:41:27.370   530   530 W skia    : AGTM parsing failed flags.readFromStream(s) at 159
07-10 13:41:27.387   530   530 W skia    : AGTM parsing failed flags.readFromStream(s) at 159
07-10 13:41:27.403   530   530 W skia    : AGTM parsing failed flags.readFromStream(s) at 159
07-10 13:41:27.419   530   530 W skia    : AGTM parsing failed flags.readFromStream(s) at 159
07-10 13:41:27.437   530   530 W skia    : AGTM parsing failed flags.readFromStream(s) at 159
07-10 13:41:27.466   530   579 W skia    : AGTM parsing failed flags.readFromStream(s) at 159
07-10 13:41:27.471   530   530 W skia    : AGTM parsing failed flags.readFromStream(s) at 159
07-10 13:41:27.487   530   530 W skia    : AGTM parsing failed flags.readFromStream(s) at 159
07-10 13:41:27.503   530   530 W skia    : AGTM parsing failed flags.readFromStream(s) at 159
07-10 13:41:27.521   530   530 W skia    : AGTM parsing failed flags.readFromStream(s) at 159
07-10 13:41:27.537   530   530 W skia    : AGTM parsing failed flags.readFromStream(s) at 159
07-10 13:41:27.554   530   530 W skia    : AGTM parsing failed flags.readFromStream(s) at 159
07-10 13:41:27.571   530   530 W skia    : AGTM parsing failed flags.readFromStream(s) at 159
07-10 13:41:27.578   530   579 W skia    : AGTM parsing failed flags.readFromStream(s) at 159
07-10 13:41:27.587   530   530 W skia    : AGTM parsing failed flags.readFromStream(s) at 159
07-10 13:41:27.603   530   530 W skia    : AGTM parsing failed flags.readFromStream(s) at 159
07-10 13:41:27.621   530   530 W skia    : AGTM parsing failed flags.readFromStream(s) at 159
07-10 13:41:27.638   530   530 W skia    : AGTM parsing failed flags.readFromStream(s) at 159
07-10 13:41:27.654   530   530 W skia    : AGTM parsing failed flags.readFromStream(s) at 159
07-10 13:41:27.670   530   530 W skia    : AGTM parsing failed flags.readFromStream(s) at 159
07-10 13:41:27.679   530   579 W skia    : AGTM parsing failed flags.readFromStream(s) at 159
07-10 13:41:27.687   530   530 W skia    : AGTM parsing failed flags.readFromStream(s) at 159
07-10 13:41:27.703   530   530 W skia    : AGTM parsing failed flags.readFromStream(s) at 159
07-10 13:41:27.721   530   530 W skia    : AGTM parsing failed flags.readFromStream(s) at 159
07-10 13:41:27.737   530   530 W skia    : AGTM parsing failed flags.readFromStream(s) at 159
07-10 13:41:27.754   530   530 W skia    : AGTM parsing failed flags.readFromStream(s) at 159
07-10 13:41:27.771   530   530 W skia    : AGTM parsing failed flags.readFromStream(s) at 159
07-10 13:41:27.780   530   579 W skia    : AGTM parsing failed flags.readFromStream(s) at 159
07-10 13:41:27.787   530   530 W skia    : AGTM parsing failed flags.readFromStream(s) at 159
07-10 13:41:27.804   530   530 W skia    : AGTM parsing failed flags.readFromStream(s) at 159
07-10 13:41:27.820   530   530 W skia    : AGTM parsing failed flags.readFromStream(s) at 159
07-10 13:41:27.837   530   530 W skia    : AGTM parsing failed flags.readFromStream(s) at 159
07-10 13:41:27.853   530   530 W skia    : AGTM parsing failed flags.readFromStream(s) at 159
07-10 13:41:27.870   530   530 W skia    : AGTM parsing failed flags.readFromStream(s) at 159
07-10 13:41:27.880   530   579 W skia    : AGTM parsing failed flags.readFromStream(s) at 159
07-10 13:41:27.887   530   530 W skia    : AGTM parsing failed flags.readFromStream(s) at 159
07-10 13:41:27.903   530   530 W skia    : AGTM parsing failed flags.readFromStream(s) at 159
07-10 13:41:27.920   530   530 W skia    : AGTM parsing failed flags.readFromStream(s) at 159
07-10 13:41:27.937   530   530 W skia    : AGTM parsing failed flags.readFromStream(s) at 159
07-10 13:41:27.954   530   530 W skia    : AGTM parsing failed flags.readFromStream(s) at 159
07-10 13:41:27.970   530   530 W skia    : AGTM parsing failed flags.readFromStream(s) at 159
07-10 13:41:27.981   530   579 W skia    : AGTM parsing failed flags.readFromStream(s) at 159
07-10 13:41:27.986   530   530 W skia    : AGTM parsing failed flags.readFromStream(s) at 159
07-10 13:41:28.003   530   530 W skia    : AGTM parsing failed flags.readFromStream(s) at 159
07-10 13:41:28.020   530   530 W skia    : AGTM parsing failed flags.readFromStream(s) at 159
07-10 13:41:28.037   530   530 W skia    : AGTM parsing failed flags.readFromStream(s) at 159
07-10 13:41:28.054   530   530 W skia    : AGTM parsing failed flags.readFromStream(s) at 159
07-10 13:41:28.071   530   530 W skia    : AGTM parsing failed flags.readFromStream(s) at 159
07-10 13:41:28.087   530   530 W skia    : AGTM parsing failed flags.readFromStream(s) at 159
07-10 13:41:28.093   530   579 W skia    : AGTM parsing failed flags.readFromStream(s) at 159
07-10 13:41:28.104   530   530 W skia    : AGTM parsing failed flags.readFromStream(s) at 159
07-10 13:41:28.119   530   530 W skia    : AGTM parsing failed flags.readFromStream(s) at 159
07-10 13:41:28.138   530   530 W skia    : AGTM parsing failed flags.readFromStream(s) at 159
07-10 13:41:28.154   530   530 W skia    : AGTM parsing failed flags.readFromStream(s) at 159
07-10 13:41:28.172   530   530 W skia    : AGTM parsing failed flags.readFromStream(s) at 159
07-10 13:41:28.187   530   530 W skia    : AGTM parsing failed flags.readFromStream(s) at 159
07-10 13:41:28.193   530   579 W skia    : AGTM parsing failed flags.readFromStream(s) at 159
07-10 13:41:28.203   530   530 W skia    : AGTM parsing failed flags.readFromStream(s) at 159
07-10 13:41:28.220   530   530 W skia    : AGTM parsing failed flags.readFromStream(s) at 159
07-10 13:41:28.236   530   530 W skia    : AGTM parsing failed flags.readFromStream(s) at 159
07-10 13:41:28.254   530   530 W skia    : AGTM parsing failed flags.readFromStream(s) at 159
07-10 13:41:28.272   530   530 W skia    : AGTM parsing failed flags.readFromStream(s) at 159
07-10 13:41:28.288   530   530 W skia    : AGTM parsing failed flags.readFromStream(s) at 159
07-10 13:41:28.294   530   579 W skia    : AGTM parsing failed flags.readFromStream(s) at 159
07-10 13:41:28.304   530   530 W skia    : AGTM parsing failed flags.readFromStream(s) at 159
07-10 13:41:28.319   530   530 W skia    : AGTM parsing failed flags.readFromStream(s) at 159
07-10 13:41:28.338   530   530 W skia    : AGTM parsing failed flags.readFromStream(s) at 159
07-10 13:41:28.354   530   530 W skia    : AGTM parsing failed flags.readFromStream(s) at 159
07-10 13:41:28.370   530   530 W skia    : AGTM parsing failed flags.readFromStream(s) at 159
07-10 13:41:28.388   530   530 W skia    : AGTM parsing failed flags.readFromStream(s) at 159
07-10 13:41:28.395   530   579 W skia    : AGTM parsing failed flags.readFromStream(s) at 159
07-10 13:41:28.404   530   530 W skia    : AGTM parsing failed flags.readFromStream(s) at 159
07-10 13:41:28.420   530   530 W skia    : AGTM parsing failed flags.readFromStream(s) at 159
07-10 13:41:28.436   530   530 W skia    : AGTM parsing failed flags.readFromStream(s) at 159
07-10 13:41:28.454   530   530 W skia    : AGTM parsing failed flags.readFromStream(s) at 159
07-10 13:41:28.470   530   530 W skia    : AGTM parsing failed flags.readFromStream(s) at 159
07-10 13:41:28.486   530   530 W skia    : AGTM parsing failed flags.readFromStream(s) at 159
07-10 13:41:28.497   530   579 W skia    : AGTM parsing failed flags.readFromStream(s) at 159
07-10 13:41:28.503   530   530 W skia    : AGTM parsing failed flags.readFromStream(s) at 159
07-10 13:41:28.520   530   530 W skia    : AGTM parsing failed flags.readFromStream(s) at 159
07-10 13:41:28.537   530   530 W skia    : AGTM parsing failed flags.readFromStream(s) at 159
07-10 13:41:28.554   530   530 W skia    : AGTM parsing failed flags.readFromStream(s) at 159
07-10 13:41:28.571   530   530 W skia    : AGTM parsing failed flags.readFromStream(s) at 159
07-10 13:41:28.588   530   530 W skia    : AGTM parsing failed flags.readFromStream(s) at 159
07-10 13:41:28.598   530   579 W skia    : AGTM parsing failed flags.readFromStream(s) at 159
07-10 13:41:28.603   530   530 W skia    : AGTM parsing failed flags.readFromStream(s) at 159
07-10 13:41:28.620   530   530 W skia    : AGTM parsing failed flags.readFromStream(s) at 159
07-10 13:41:28.635   669  1034 E WifiDataStall: Ignore this poll. newStats: null txLinkSpeedMbps: 1 rxLinkSpeedMbps: 2 rssi: -50 connectionCapabilities: com.android.server.wifi.WifiNative$ConnectionCapabilities@8d12315
07-10 13:41:28.637   530   530 W skia    : AGTM parsing failed flags.readFromStream(s) at 159
07-10 13:41:28.654   530   530 W skia    : AGTM parsing failed flags.readFromStream(s) at 159
07-10 13:41:28.670   530   530 W skia    : AGTM parsing failed flags.readFromStream(s) at 159
07-10 13:41:28.687   530   530 W skia    : AGTM parsing failed flags.readFromStream(s) at 159
07-10 13:41:28.704   530   530 W skia    : AGTM parsing failed flags.readFromStream(s) at 159
07-10 13:41:28.710   530   579 W skia    : AGTM parsing failed flags.readFromStream(s) at 159
07-10 13:41:28.719   530   530 W skia    : AGTM parsing failed flags.readFromStream(s) at 159
07-10 13:41:28.737   530   530 W skia    : AGTM parsing failed flags.readFromStream(s) at 159
07-10 13:41:28.754   530   530 W skia    : AGTM parsing failed flags.readFromStream(s) at 159
07-10 13:41:28.765  1802  1802 I adbd    : adbd service requested 'shell,v2,raw:dumpsys package com.google.android.gms'
07-10 13:41:28.770   530   530 W skia    : AGTM parsing failed flags.readFromStream(s) at 159
07-10 13:41:28.787   530   530 W skia    : AGTM parsing failed flags.readFromStream(s) at 159
07-10 13:41:28.804   530   530 W skia    : AGTM parsing failed flags.readFromStream(s) at 159
07-10 13:41:28.811   530   579 W skia    : AGTM parsing failed flags.readFromStream(s) at 159
07-10 13:41:28.820   530   530 W skia    : AGTM parsing failed flags.readFromStream(s) at 159
07-10 13:41:28.837   530   530 W skia    : AGTM parsing failed flags.readFromStream(s) at 159
07-10 13:41:28.854   530   530 W skia    : AGTM parsing failed flags.readFromStream(s) at 159
07-10 13:41:28.871   530   530 W skia    : AGTM parsing failed flags.readFromStream(s) at 159
07-10 13:41:28.887   530   530 W skia    : AGTM parsing failed flags.readFromStream(s) at 159
07-10 13:41:28.904   530   530 W skia    : AGTM parsing failed flags.readFromStream(s) at 159
07-10 13:41:28.912   530   579 W skia    : AGTM parsing failed flags.readFromStream(s) at 159
07-10 13:41:28.920   530   530 W skia    : AGTM parsing failed flags.readFromStream(s) at 159
07-10 13:41:28.935   814  1000 I artd    : GetBestInfo: odex in dalvik-cache (/data/dalvik-cache/x86_64/apex@com.google.android.gmssystem@priv-app@PrebuiltGmsCoreVic@CP31.260618.005@PrebuiltGmsCoreVic.apk@classes.dex) is kOatUpToDate with filter 'verify' executable 'false'
07-10 13:41:28.935   814  1000 I artd    : GetBestInfo: odex in dalvik-cache (/data/dalvik-cache/x86_64/apex@com.google.android.gmssystem@priv-app@PrebuiltGmsCoreVic@CP31.260618.005@PrebuiltGmsCoreVic.apk@classes.dex) is kOatUpToDate with filter 'verify' executable 'false'
07-10 13:41:28.935   814  1000 I artd    : GetBestInfo: /data/user_de/0/com.google.android.gms/app_chimera/m/00000001/CronetDynamite.apk has no usable artifacts
07-10 13:41:28.937   814   814 I artd    : GetBestInfo: /data/user_de/0/com.google.android.gms/app_chimera/m/00000002/DynamiteLoader.apk has no usable artifacts
07-10 13:41:28.937   530   530 W skia    : AGTM parsing failed flags.readFromStream(s) at 159
07-10 13:41:28.937   814   814 I artd    : GetBestInfo: /data/user_de/0/com.google.android.gms/app_chimera/m/00000005/GoogleCertificates.apk has no usable artifacts
07-10 13:41:28.937   814   814 I artd    : GetBestInfo: /data/user_de/0/com.google.android.gms/app_chimera/m/00000007/MeasurementDynamite.apk has no usable artifacts
07-10 13:41:28.953   530   530 W skia    : AGTM parsing failed flags.readFromStream(s) at 159
07-10 13:41:28.970   530   530 W skia    : AGTM parsing failed flags.readFromStream(s) at 159
07-10 13:41:28.987   530   530 W skia    : AGTM parsing failed flags.readFromStream(s) at 159
07-10 13:41:29.003   530   530 W skia    : AGTM parsing failed flags.readFromStream(s) at 159
07-10 13:41:29.012   530   579 W skia    : AGTM parsing failed flags.readFromStream(s) at 159
07-10 13:41:29.020   530   530 W skia    : AGTM parsing failed flags.readFromStream(s) at 159
07-10 13:41:29.037   530   530 W skia    : AGTM parsing failed flags.readFromStream(s) at 159
07-10 13:41:29.054   530   530 W skia    : AGTM parsing failed flags.readFromStream(s) at 159
07-10 13:41:29.070   530   530 W skia    : AGTM parsing failed flags.readFromStream(s) at 159
07-10 13:41:29.088   530   530 W skia    : AGTM parsing failed flags.readFromStream(s) at 159
07-10 13:41:29.103   530   530 W skia    : AGTM parsing failed flags.readFromStream(s) at 159
07-10 13:41:29.114   530   579 W skia    : AGTM parsing failed flags.readFromStream(s) at 159
07-10 13:41:29.120   530   530 W skia    : AGTM parsing failed flags.readFromStream(s) at 159
07-10 13:41:29.137   530   530 W skia    : AGTM parsing failed flags.readFromStream(s) at 159
07-10 13:41:29.154   530   530 W skia    : AGTM parsing failed flags.readFromStream(s) at 159
07-10 13:41:29.170   530   530 W skia    : AGTM parsing failed flags.readFromStream(s) at 159
07-10 13:41:29.188   530   530 W skia    : AGTM parsing failed flags.readFromStream(s) at 159
07-10 13:41:29.203   530   530 W skia    : AGTM parsing failed flags.readFromStream(s) at 159
07-10 13:41:29.214   530   579 W skia    : AGTM parsing failed flags.readFromStream(s) at 159
07-10 13:41:29.220   530   530 W skia    : AGTM parsing failed flags.readFromStream(s) at 159
07-10 13:41:29.237   530   530 W skia    : AGTM parsing failed flags.readFromStream(s) at 159
07-10 13:41:29.254   530   530 W skia    : AGTM parsing failed flags.readFromStream(s) at 159
07-10 13:41:29.270   530   530 W skia    : AGTM parsing failed flags.readFromStream(s) at 159
07-10 13:41:29.287   530   530 W skia    : AGTM parsing failed flags.readFromStream(s) at 159
07-10 13:41:29.303   530   530 W skia    : AGTM parsing failed flags.readFromStream(s) at 159
07-10 13:41:29.315   530   579 W skia    : AGTM parsing failed flags.readFromStream(s) at 159
07-10 13:41:29.320   530   530 W skia    : AGTM parsing failed flags.readFromStream(s) at 159
07-10 13:41:29.337   530   530 W skia    : AGTM parsing failed flags.readFromStream(s) at 159
07-10 13:41:29.353   530   530 W skia    : AGTM parsing failed flags.readFromStream(s) at 159
07-10 13:41:29.370   530   530 W skia    : AGTM parsing failed flags.readFromStream(s) at 159
07-10 13:41:29.387   530   530 W skia    : AGTM parsing failed flags.readFromStream(s) at 159
07-10 13:41:29.404   530   530 W skia    : AGTM parsing failed flags.readFromStream(s) at 159
07-10 13:41:29.416   530   579 W skia    : AGTM parsing failed flags.readFromStream(s) at 159
07-10 13:41:29.421   530   530 W skia    : AGTM parsing failed flags.readFromStream(s) at 159
07-10 13:41:29.436   530   530 W skia    : AGTM parsing failed flags.readFromStream(s) at 159
07-10 13:41:29.453   530   530 W skia    : AGTM parsing failed flags.readFromStream(s) at 159
07-10 13:41:29.470   530   530 W skia    : AGTM parsing failed flags.readFromStream(s) at 159
07-10 13:41:29.486   530   530 W skia    : AGTM parsing failed flags.readFromStream(s) at 159
07-10 13:41:29.503   530   530 W skia    : AGTM parsing failed flags.readFromStream(s) at 159
07-10 13:41:29.520   530   530 W skia    : AGTM parsing failed flags.readFromStream(s) at 159
07-10 13:41:29.524   530   579 W skia    : AGTM parsing failed flags.readFromStream(s) at 159
07-10 13:41:29.537   530   530 W skia    : AGTM parsing failed flags.readFromStream(s) at 159
07-10 13:41:29.554   530   530 W skia    : AGTM parsing failed flags.readFromStream(s) at 159
07-10 13:41:29.571   530   530 W skia    : AGTM parsing failed flags.readFromStream(s) at 159
07-10 13:41:29.587   530   530 W skia    : AGTM parsing failed flags.readFromStream(s) at 159
07-10 13:41:29.604   530   530 W skia    : AGTM parsing failed flags.readFromStream(s) at 159
07-10 13:41:29.625   530   579 W skia    : AGTM parsing failed flags.readFromStream(s) at 159
07-10 13:41:29.637   530   530 W skia    : AGTM parsing failed flags.readFromStream(s) at 159
07-10 13:41:29.654   530   530 W skia    : AGTM parsing failed flags.readFromStream(s) at 159
07-10 13:41:29.670   530   530 W skia    : AGTM parsing failed flags.readFromStream(s) at 159
07-10 13:41:29.687   530   530 W skia    : AGTM parsing failed flags.readFromStream(s) at 159
07-10 13:41:29.703   530   530 W skia    : AGTM parsing failed flags.readFromStream(s) at 159
07-10 13:41:29.719   530   530 W skia    : AGTM parsing failed flags.readFromStream(s) at 159
07-10 13:41:29.727   530   579 W skia    : AGTM parsing failed flags.readFromStream(s) at 159
07-10 13:41:29.737   530   530 W skia    : AGTM parsing failed flags.readFromStream(s) at 159
07-10 13:41:29.754   530   530 W skia    : AGTM parsing failed flags.readFromStream(s) at 159
07-10 13:41:29.772   530   530 W skia    : AGTM parsing failed flags.readFromStream(s) at 159
07-10 13:41:29.788   530   530 W skia    : AGTM parsing failed flags.readFromStream(s) at 159
07-10 13:41:29.803   530   530 W skia    : AGTM parsing failed flags.readFromStream(s) at 159
07-10 13:41:29.820   530   530 W skia    : AGTM parsing failed flags.readFromStream(s) at 159
07-10 13:41:29.827   530   579 W skia    : AGTM parsing failed flags.readFromStream(s) at 159
07-10 13:41:29.836   530   530 W skia    : AGTM parsing failed flags.readFromStream(s) at 159
07-10 13:41:29.853   530   530 W skia    : AGTM parsing failed flags.readFromStream(s) at 159
07-10 13:41:29.870   530   530 W skia    : AGTM parsing failed flags.readFromStream(s) at 159
07-10 13:41:29.888   530   530 W skia    : AGTM parsing failed flags.readFromStream(s) at 159
07-10 13:41:29.903   530   530 W skia    : AGTM parsing failed flags.readFromStream(s) at 159
07-10 13:41:29.921   530   530 W skia    : AGTM parsing failed flags.readFromStream(s) at 159
07-10 13:41:29.928   530   579 W skia    : AGTM parsing failed flags.readFromStream(s) at 159
07-10 13:41:29.937   530   530 W skia    : AGTM parsing failed flags.readFromStream(s) at 159
07-10 13:41:29.954   530   530 W skia    : AGTM parsing failed flags.readFromStream(s) at 159
07-10 13:41:29.971   530   530 W skia    : AGTM parsing failed flags.readFromStream(s) at 159
07-10 13:41:29.987   530   530 W skia    : AGTM parsing failed flags.readFromStream(s) at 159
07-10 13:41:30.003   530   530 W skia    : AGTM parsing failed flags.readFromStream(s) at 159
07-10 13:41:30.022   530   530 W skia    : AGTM parsing failed flags.readFromStream(s) at 159
07-10 13:41:30.029   530   579 W skia    : AGTM parsing failed flags.readFromStream(s) at 159
07-10 13:41:30.038   530   530 W skia    : AGTM parsing failed flags.readFromStream(s) at 159
07-10 13:41:30.055   530   530 W skia    : AGTM parsing failed flags.readFromStream(s) at 159
07-10 13:41:30.070   530   530 W skia    : AGTM parsing failed flags.readFromStream(s) at 159
07-10 13:41:30.086   530   530 W skia    : AGTM parsing failed flags.readFromStream(s) at 159
07-10 13:41:30.088  1802  1802 I adbd    : adbd service requested 'shell,v2,TERM=dumb:export ANDROID_LOG_TAGS=''; exec logcat '-d' '-v' 'threadtime''
07-10 13:41:30.103   530   530 W skia    : AGTM parsing failed flags.readFromStream(s) at 159
07-10 13:41:30.121   530   530 W skia    : AGTM parsing failed flags.readFromStream(s) at 159
07-10 13:41:30.131   530   579 W skia    : AGTM parsing failed flags.readFromStream(s) at 159
